Country,Year,Cereal_Production_Value,GDP_per_capita_USD
Argentina,1961,16000.0,971.338043308372
Argentina,1962,14000.0,870.217490905403
Argentina,1963,15000.0,852.972425139433
Argentina,1964,17000.0,1176.20086190313
Argentina,1965,20000.0,1281.83337976859
Argentina,1966,16800.0,1275.07843418966
Argentina,1967,24400.0,1063.93283833587
Argentina,1968,19900.0,1141.95211617341
Argentina,1969,24900.0,1329.56181832409
Argentina,1970,26700.0,1322.71454216808
Argentina,1971,27500.0,1372.50746646061
Argentina,1972,25000.0,1409.37097316211
Argentina,1973,26000.0,2097.89945010806
Argentina,1974,28800.0,2844.96990526761
Argentina,1975,27800.0,2026.68435752865
Argentina,1976,31900.0,1946.91990388248
Argentina,1977,31700.0,2126.48546048047
Argentina,1978,30800.0,3282.06304446289
Argentina,1979,20200.0,2511.97332905958
Argentina,1980,16700.0,2747.5022751674
Argentina,1981,15600.0,2764.08641421079
Argentina,1982,10800.0,2914.76708504176
Argentina,1983,7900.0,3537.7473459832
Argentina,1984,7500.0,3915.03492645691
Argentina,1985,9000.0,2905.77565536137
Argentina,1986,10300.0,3436.07819471053
Argentina,1987,6500.0,3477.30131979313
Argentina,1988,8000.0,3992.70330179156
Argentina,1989,4500.0,2374.57321551641
Argentina,1990,10000.0,4315.33403111588
Argentina,1991,15000.0,5709.24784079504
Argentina,1992,35000.0,6789.99611136495
Argentina,1993,17000.0,6931.85596375876
Argentina,1994,17000.0,7437.56242327594
Argentina,1995,10000.0,7357.6162773788
Argentina,1996,10000.0,7663.21271287469
Argentina,1997,10000.0,8146.78710021431
Argentina,1998,10000.0,8218.99212764682
Argentina,1999,13000.0,7705.54288252851
Argentina,2000,13000.0,7637.01489203628
Argentina,2001,13000.0,7141.47507662826
Argentina,2002,15000.0,2569.69963519124
Argentina,2003,15000.0,3320.47775133903
Argentina,2004,15000.0,4242.02099089422
Argentina,2005,15000.0,5067.65342293276
Argentina,2006,15200.0,5869.38028970204
Argentina,2007,15500.0,7185.25155147027
Argentina,2008,15500.0,8944.1102657357
Argentina,2009,16000.0,8150.23527028221
Argentina,2010,18978.0,10260.1313108254
Argentina,2011,16459.0,12704.2831819684
Argentina,2012,14750.0,12949.717486654
Argentina,2013,19500.0,12963.675773326
Argentina,2014,16269.58,12233.1444119186
Argentina,2015,16112.03,13679.6264980954
Argentina,2016,16736.97,12699.9623137756
Argentina,2017,16549.56,14532.5009308511
Argentina,2018,16817.0,11752.7998922979
Argentina,2019,16850.63,9955.97478680428
Argentina,2020,16970.83,8535.59938004389
Argentina,2021,17098.34,10738.0179223384
Argentina,2022,17264.27,13962.1894087223
Argentina,2023,17371.54,14261.8465667948
Argentina,2024,17244.71,13969.7836603737
Armenia,1992,,356.350780006933
Armenia,1993,,347.870644720878
Armenia,1994,,390.879964297655
Armenia,1995,,443.924860857976
Armenia,1996,,487.068624404558
Armenia,1997,,505.035887057966
Armenia,1998,,590.239947333459
Armenia,1999,,582.669886150895
Armenia,2000,,593.450581742282
Armenia,2001,,659.588988535629
Armenia,2002,,742.651118319819
Armenia,2003,4339.0,882.030167695474
Armenia,2004,8337.0,1130.08791444158
Armenia,2005,7333.0,1557.48458908655
Armenia,2006,3161.0,2041.65267068997
Armenia,2007,9530.0,2962.70234594569
Armenia,2008,10697.0,3777.66859313767
Armenia,2009,8425.3,2820.5926553347
Armenia,2010,4219.0,3041.34450723339
Armenia,2011,9507.0,3349.55309771906
Armenia,2012,14375.0,3511.56399687426
Armenia,2013,16847.0,3680.16692158886
Armenia,2014,18268.0,3852.11800610384
Armenia,2015,15359.6,3512.39350276709
Armenia,2016,21117.0,3524.42476874707
Armenia,2017,12076.0,3869.05373867752
Armenia,2018,9366.0,4196.00562301769
Armenia,2019,5775.0,4597.22887399548
Armenia,2020,7143.7,4268.68093304583
Armenia,2021,4567.8,4685.17997128509
Armenia,2022,7114.1,6571.97445545099
Armenia,2023,8537.7,8159.08720967996
Armenia,2024,6701.5,8556.21406956719
Austria,1991,24469.0,22323.1312492943
Austria,1992,23108.0,24782.7118767063
Austria,1993,30991.0,23987.2037240657
Austria,1994,37775.0,25546.2460525087
Austria,1995,13824.0,30207.0674314652
Austria,1996,6157.0,29645.9451251491
Austria,1997,4461.0,26571.7523626508
Austria,1998,4705.0,27212.4642905708
Austria,1999,6342.0,27078.7081612201
Austria,2000,5560.14,24487.2974685956
Austria,2001,12804.57,24430.495982841
Austria,2002,19139.08,26334.862215032
Austria,2003,26159.9,32110.1159661425
Austria,2004,30642.75,36614.2506533707
Austria,2005,28774.98,38157.37022862
Austria,2006,28126.7,40382.2078298575
Austria,2007,36561.06,46622.9622913635
Austria,2008,45442.26,51581.3982361071
Austria,2009,50779.16,47857.4446635266
Austria,2010,88124.83,46611.1393420232
Austria,2011,42526.8,51116.8953522042
Austria,2012,42659.42,48250.4059142637
Austria,2013,49403.37,50305.3545774973
Austria,2014,51430.52,51314.9722616322
Austria,2015,54563.0,43915.228020857
Austria,2016,47311.0,45061.4993920192
Austria,2017,43535.0,47163.7425775142
Austria,2018,23450.0,51194.0749841299
Austria,2019,22550.0,49885.9947355204
Austria,2020,29800.0,48716.4098900349
Austria,2021,27060.0,53648.6437976214
Austria,2022,19290.0,52336.7725223758
Austria,2023,19440.0,56579.504175468
Austria,2024,18910.0,58268.8787651601
Belarus,1992,,1658.08641281239
Belarus,1993,,1589.51011343649
Belarus,1994,,1460.00791360458
Belarus,1995,1200.0,1370.69991385664
Belarus,1996,3700.0,1427.26896385327
Belarus,1997,4000.0,1396.44201900881
Belarus,1998,1200.0,1511.32531567314
Belarus,1999,1000.0,1210.6117195862
Belarus,2000,7000.0,1276.2880341
Belarus,2001,6000.0,1244.37318523431
Belarus,2002,2000.0,1479.38066337175
Belarus,2003,16636.0,1819.52653114699
Belarus,2004,8444.0,2378.33700470129
Belarus,2005,13580.0,3126.07176665248
Belarus,2006,16444.0,3848.22350300163
Belarus,2007,26161.0,4735.48107556066
Belarus,2008,26961.0,6376.17569162063
Belarus,2009,15550.0,5352.48809190697
Belarus,2010,21156.0,6034.67885177216
Belarus,2011,50788.0,6527.6593428786
Belarus,2012,40028.0,6953.21591683101
Belarus,2013,15832.0,7998.0802045456
Belarus,2014,27096.0,8341.31809294883
Belarus,2015,23648.0,5967.05595058777
Belarus,2016,18932.0,5039.77560949445
Belarus,2017,21670.0,5785.54491935194
Belarus,2018,19761.0,6360.037502312
Belarus,2019,20604.0,6837.77339645635
Belarus,2020,22177.0,6542.85579976768
Belarus,2021,23867.36,7489.71894713888
Belarus,2022,23668.0,7994.64806074889
Belarus,2023,22225.06,7896.75388295584
Belarus,2024,22124.94,8317.63399913792
Belgium,2018,15140.0,47487.2100392561
Belgium,2019,18130.0,46716.6227467964
Belgium,2020,20130.0,45906.2875805246
Belgium,2021,21500.0,51658.238294958
Belgium,2022,3090.0,50605.7496677086
Belgium,2023,2650.0,55291.4754541329
Belgium,2024,3160.0,56614.5679499036
Bhutan,1961,,
Bhutan,1962,,
Bhutan,1963,,
Bhutan,1964,,
Bhutan,1965,,
Bhutan,1966,,
Bhutan,1967,,
Bhutan,1968,,
Bhutan,1969,,
Bhutan,1970,,200.345229822469
Bhutan,1971,,207.666560128876
Bhutan,1972,,212.375150813633
Bhutan,1973,,230.90176999619
Bhutan,1974,,262.777366220031
Bhutan,1975,,237.350734416968
Bhutan,1976,,233.721532349196
Bhutan,1977,,249.935358333789
Bhutan,1978,,232.172369685589
Bhutan,1979,,251.378805345213
Bhutan,1980,,296.880510831581
Bhutan,1981,,310.77041169131
Bhutan,1982,,305.824658960335
Bhutan,1983,,328.204016909505
Bhutan,1984,,325.545257021725
Bhutan,1985,,321.186830951891
Bhutan,1986,,364.694569557154
Bhutan,1987,,449.060443850487
Bhutan,1988,1000.0,488.877757351253
Bhutan,1989,1000.0,461.654618792732
Bhutan,1990,1000.0,488.327431477129
Bhutan,1991,1000.0,400.634705187075
Bhutan,1992,1000.0,415.791522568451
Bhutan,1993,1000.0,407.39984249657
Bhutan,1994,1000.0,467.008312125283
Bhutan,1995,1000.0,530.103676927417
Bhutan,1996,1000.0,552.873891403681
Bhutan,1997,1000.0,630.447410148304
Bhutan,1998,1000.0,638.278962310609
Bhutan,1999,1000.0,685.419830628567
Bhutan,2000,1000.0,771.924911410619
Bhutan,2001,1000.0,812.238210772056
Bhutan,2002,1000.0,895.799489930972
Bhutan,2003,1000.0,1022.38240311018
Bhutan,2004,922.0,1130.35934606796
Bhutan,2005,1000.0,1299.94938578359
Bhutan,2006,1000.0,1405.6071618158
Bhutan,2007,1000.0,1850.41570433398
Bhutan,2008,1000.0,1919.59774896395
Bhutan,2009,1000.0,1918.39599211093
Bhutan,2010,1000.0,2435.5798056672
Bhutan,2011,1000.0,2787.97967608562
Bhutan,2012,1100.0,2751.2128864294
Bhutan,2013,1200.0,2679.95217201538
Bhutan,2014,1248.58,2849.49998647303
Bhutan,2015,1085.48,2954.04081911097
Bhutan,2016,1178.02,3152.30905106786
Bhutan,2017,1169.0,3435.28804735662
Bhutan,2018,1170.3,3400.20417245342
Bhutan,2019,1175.57,3576.87987100503
Bhutan,2020,1182.88,3191.66906999331
Bhutan,2021,1200.19,3570.61257980872
Bhutan,2022,1186.22,3711.32767981591
Bhutan,2023,1189.76,3831.32535494609
Bhutan,2024,1192.06,
Bolivia,1961,200.0,108.528765371499
Bolivia,1962,200.0,116.24147429449
Bolivia,1963,200.0,122.579067582423
Bolivia,1964,200.0,135.228463817406
Bolivia,1965,200.0,147.057689573182
Bolivia,1966,300.0,159.348482383093
Bolivia,1967,300.0,176.073477814252
Bolivia,1968,300.0,195.471270062333
Bolivia,1969,300.0,207.126019695423
Bolivia,1970,300.0,221.568878282044
Bolivia,1971,300.0,233.392218893062
Bolivia,1972,315.0,261.949887081198
Bolivia,1973,320.0,257.213253175457
Bolivia,1974,320.0,418.170299516169
Bolivia,1975,330.0,468.064116140902
Bolivia,1976,345.0,519.734821066353
Bolivia,1977,330.0,599.9882290041
Bolivia,1978,430.0,682.801036523933
Bolivia,1979,520.0,785.198889713429
Bolivia,1980,510.0,787.907344889279
Bolivia,1981,1110.0,1000.59266819668
Bolivia,1982,1170.0,929.552105072211
Bolivia,1983,218.0,881.867606330418
Bolivia,1984,1238.0,982.109656770748
Bolivia,1985,979.0,838.080035867133
Bolivia,1986,860.0,604.257233504238
Bolivia,1987,970.0,649.708769442851
Bolivia,1988,785.0,672.607268146683
Bolivia,1989,775.0,675.469993900788
Bolivia,1990,665.0,682.67681029538
Bolivia,1991,885.0,733.935487602519
Bolivia,1992,590.0,759.57113496365
Bolivia,1993,740.0,756.637016048451
Bolivia,1994,750.0,774.035669644318
Bolivia,1995,724.07,852.754034861444
Bolivia,1996,721.59,922.113259069714
Bolivia,1997,721.86,970.351843368594
Bolivia,1998,722.09,1022.14506519545
Bolivia,1999,760.0,979.344494964572
Bolivia,2000,726.76,975.777060358751
Bolivia,2001,750.0,930.168227214313
Bolivia,2002,724.21,888.221328974352
Bolivia,2003,700.0,893.013760211149
Bolivia,2004,658.0,953.191893246277
Bolivia,2005,678.0,1020.12326200737
Bolivia,2006,708.0,1202.71150446327
Bolivia,2007,740.0,1354.54905949929
Bolivia,2008,758.0,1692.67248455876
Bolivia,2009,777.0,1731.18172112209
Bolivia,2010,628.0,1929.78373077158
Bolivia,2011,921.0,2315.52121930607
Bolivia,2012,608.75,2575.59857098084
Bolivia,2013,638.0,2870.02377000756
Bolivia,2014,619.0,3041.43503162408
Bolivia,2015,756.0,2996.01289811344
Bolivia,2016,774.0,3035.87347732132
Bolivia,2017,780.0,4048.40119739839
Bolivia,2018,777.0,4206.8552936661
Bolivia,2019,793.0,4203.15492855788
Bolivia,2020,780.0,3580.96761778303
Bolivia,2021,780.11,4010.76053686204
Bolivia,2022,781.95,4219.46113742445
Bolivia,2023,716.94,4274.70820547613
Bolivia,2024,772.45,4421.16609889999
Botswana,1961,,62.3224006926623
Botswana,1962,,65.9864503023827
Botswana,1963,,68.8864104749411
Botswana,1964,,73.4925773235308
Botswana,1965,,79.6790756588049
Botswana,1966,,89.0615737768069
Botswana,1967,,100.945124635152
Botswana,1968,,113.445716733931
Botswana,1969,,131.776574536345
Botswana,1970,,163.031832252562
Botswana,1971,,212.244206736036
Botswana,1972,,264.233716807813
Botswana,1973,,374.189409146144
Botswana,1974,,446.487855432073
Botswana,1975,,493.029472690457
Botswana,1976,900.0,490.469570533565
Botswana,1977,1600.0,564.831748249189
Botswana,1978,1600.0,695.219336897052
Botswana,1979,1600.0,909.207133285411
Botswana,1980,1600.0,1131.63379014463
Botswana,1981,1600.0,1107.02810145663
Botswana,1982,1600.0,1005.62456165727
Botswana,1983,1600.0,1120.53239354023
Botswana,1984,1600.0,1145.02903810762
Botswana,1985,1600.0,993.616748339174
Botswana,1986,1600.0,1199.84677856226
Botswana,1987,1600.0,1638.82669390133
Botswana,1988,1600.0,2140.51439180359
Botswana,1989,1600.0,2427.68261967121
Botswana,1990,1800.0,2903.15381562611
Botswana,1991,2000.0,2938.59442659608
Botswana,1992,2500.0,3004.61263362306
Botswana,1993,3000.0,2929.43119022452
Botswana,1994,2914.27,2917.25514197806
Botswana,1995,2766.17,3156.18194514079
Botswana,1996,2643.4,3156.26865681161
Botswana,1997,2508.1,3194.18106145858
Botswana,1998,2500.0,2981.19639702109
Botswana,1999,2683.02,3339.99596033431
Botswana,2000,3000.0,3450.81180622992
Botswana,2001,2500.0,3206.07123689853
Botswana,2002,1800.0,3117.25087183011
Botswana,2003,1600.0,4230.12326909926
Botswana,2004,1738.72,4956.69287735214
Botswana,2005,1780.1,5391.07076619634
Botswana,2006,1835.64,5291.58379144849
Botswana,2007,1800.0,5529.12574632532
Botswana,2008,2401.01,5503.07395314313
Botswana,2009,2940.58,5082.93388332404
Botswana,2010,3600.0,6215.73216077919
Botswana,2011,3700.0,7287.38295334919
Botswana,2012,3800.0,6595.53845015424
Botswana,2013,3900.0,6666.91219583487
Botswana,2014,3995.48,7122.36423421503
Botswana,2015,4112.04,6141.20394726616
Botswana,2016,4002.51,6749.05994339013
Botswana,2017,3868.96,7104.96401088027
Botswana,2018,3994.5,7407.95940141786
Botswana,2019,4146.65,7172.08956480028
Botswana,2020,4003.37,6323.2974967659
Botswana,2021,4183.78,7807.88794570471
Botswana,2022,4197.78,8328.7090572666
Botswana,2023,4211.75,7826.35376483298
Botswana,2024,4225.72,7695.75319445165
Bulgaria,1961,8000.0,
Bulgaria,1962,15000.0,
Bulgaria,1963,25000.0,
Bulgaria,1964,40000.0,
Bulgaria,1965,67368.0,
Bulgaria,1966,2920.0,
Bulgaria,1967,3272.0,
Bulgaria,1968,5123.0,
Bulgaria,1969,2012.0,
Bulgaria,1970,12257.0,
Bulgaria,1971,3982.0,
Bulgaria,1972,4893.0,
Bulgaria,1973,2658.0,
Bulgaria,1974,165692.0,
Bulgaria,1975,46394.0,
Bulgaria,1976,46761.0,
Bulgaria,1977,26268.0,
Bulgaria,1978,144800.0,
Bulgaria,1979,10400.0,
Bulgaria,1980,21200.0,2238.80295786574
Bulgaria,1981,30400.0,2234.81481573125
Bulgaria,1982,41869.0,2169.00401089683
Bulgaria,1983,25764.0,1852.81343442802
Bulgaria,1984,17370.0,1963.57267618274
Bulgaria,1985,21200.0,1914.55064658793
Bulgaria,1986,17500.0,2260.4272811545
Bulgaria,1987,34800.0,3132.30136036246
Bulgaria,1988,43800.0,2511.39306259489
Bulgaria,1989,62660.0,2477.0208179596
Bulgaria,1990,75921.0,2366.52982128614
Bulgaria,1991,82404.0,883.736578319325
Bulgaria,1992,48575.0,1007.34454544881
Bulgaria,1993,26000.0,1278.52511370319
Bulgaria,1994,17859.0,1149.89464008734
Bulgaria,1995,17359.0,2259.25922555221
Bulgaria,1996,13340.0,1470.19259250682
Bulgaria,1997,15100.0,1361.40938439884
Bulgaria,1998,20323.0,1820.44866449942
Bulgaria,1999,16000.0,1660.9089125393
Bulgaria,2000,15000.0,1621.26210738992
Bulgaria,2001,14766.48,1770.90704918691
Bulgaria,2002,12000.0,2092.98288625558
Bulgaria,2003,8499.0,2719.49436859287
Bulgaria,2004,7322.0,3389.68743360274
Bulgaria,2005,3456.0,3899.82596332878
Bulgaria,2006,675.0,4523.1465578805
Bulgaria,2007,1125.0,5888.57081403932
Bulgaria,2008,379.0,7271.30338858025
Bulgaria,2009,400.0,6988.27316296465
Bulgaria,2010,527.0,6853.94805511171
Bulgaria,2011,1238.72,7849.58061302818
Bulgaria,2012,1760.0,7431.95789508871
Bulgaria,2013,5963.0,7795.98092108928
Bulgaria,2014,217.0,8069.60005667684
Bulgaria,2015,1102.0,7268.65445473873
Bulgaria,2016,1536.0,7822.49923292968
Bulgaria,2017,1902.0,8696.68930427924
Bulgaria,2018,6110.0,9849.38397225174
Bulgaria,2019,6410.0,10353.7204584127
Bulgaria,2020,9670.0,10760.211975413
Bulgaria,2021,6120.0,12966.1457543396
Bulgaria,2022,7560.0,13999.1949530956
Bulgaria,2023,7980.0,15853.208636704
Bulgaria,2024,8100.0,17596.0173663521
Burundi,1991,,204.668258398817
Burundi,1992,,184.868970456447
Burundi,1993,,165.344120319403
Burundi,1994,,161.892584261635
Burundi,1995,,164.915311679326
Burundi,1996,,143.156741187159
Burundi,1997,,160.278342046962
Burundi,1998,,144.456948255536
Burundi,1999,,127.51419578119
Burundi,2000,9465.0,134.537861752389
Burundi,2001,10589.0,132.159554541932
Burundi,2002,10706.0,120.952308575468
Burundi,2003,10597.0,111.406682804391
Burundi,2004,10597.0,125.194965184533
Burundi,2005,10597.0,147.234619294225
Burundi,2006,10756.0,161.892755640319
Burundi,2007,10741.0,166.162744906755
Burundi,2008,10742.0,189.502074570768
Burundi,2009,10846.0,198.431524048225
Burundi,2010,10846.0,216.727705301976
Burundi,2011,10777.0,230.069761381132
Burundi,2012,5469.0,231.098787811507
Burundi,2013,1806.0,234.844770150871
Burundi,2014,3084.0,250.544492155185
Burundi,2015,13062.23,254.402585226788
Burundi,2016,29665.0,232.937812100153
Burundi,2017,14773.0,246.060725714184
Burundi,2018,18441.0,245.661678332009
Burundi,2019,11000.0,234.31061590725
Burundi,2020,14738.0,255.8324539389
Burundi,2021,14726.33,264.980379269655
Burundi,2022,13488.11,302.992505263552
Burundi,2023,14317.48,250.627253097255
Burundi,2024,14177.31,219.424830882698
Chad,1961,7100.0,107.320380491931
Chad,1962,7200.0,112.619958010844
Chad,1963,7300.0,114.710860761079
Chad,1964,7400.0,118.594106789032
Chad,1965,7500.0,123.56227611622
Chad,1966,7800.0,125.779460124418
Chad,1967,7900.0,128.209999741615
Chad,1968,7900.0,126.87277490154
Chad,1969,8000.0,129.175848997716
Chad,1970,8000.0,125.882078424937
Chad,1971,8200.0,131.816410865026
Chad,1972,8300.0,150.369805704401
Chad,1973,8000.0,162.371866237422
Chad,1974,8500.0,159.998978775959
Chad,1975,10000.0,207.476255156215
Chad,1976,11000.0,203.713116730324
Chad,1977,12000.0,215.935450416974
Chad,1978,20000.0,252.511381682505
Chad,1979,30000.0,222.914738532944
Chad,1980,45000.0,228.770491876017
Chad,1981,60000.0,193.971579541809
Chad,1982,55000.0,176.083750783324
Chad,1983,47299.0,167.180974589951
Chad,1984,18771.0,182.175880946335
Chad,1985,95277.0,202.710985101435
Chad,1986,42301.0,203.354449515341
Chad,1987,36241.0,213.931729919066
Chad,1988,84342.0,263.544647841815
Chad,1989,74899.0,246.355378549117
Chad,1990,56686.0,290.599045262191
Chad,1991,131155.0,302.487268390603
Chad,1992,97908.0,290.648286132566
Chad,1993,75448.0,220.729964903293
Chad,1994,122075.0,173.928895064035
Chad,1995,97996.0,203.964852705041
Chad,1996,92581.0,216.912541056484
Chad,1997,95829.0,201.384076969355
Chad,1998,135486.0,219.779530915601
Chad,1999,177051.0,186.638531146223
Chad,2000,120170.0,163.121663683369
Chad,2001,206197.0,194.32295331156
Chad,2002,151050.0,219.061391951349
Chad,2003,290189.0,289.087621122168
Chad,2004,267443.0,445.850767157087
Chad,2005,338918.0,838.092107712557
Chad,2006,337595.0,906.897260572747
Chad,2007,583950.0,980.483531485103
Chad,2008,406200.0,1166.36883453841
Chad,2009,315388.0,1035.63719694254
Chad,2010,1066278.0,1141.80069268412
Chad,2011,206422.0,1308.1421872538
Chad,2012,500102.0,1354.34344701937
Chad,2013,469558.0,1304.88742971475
Chad,2014,494445.0,1278.78981422494
Chad,2015,431056.0,993.990730610869
Chad,2016,453716.0,861.831767630746
Chad,2017,448500.0,854.46120040098
Chad,2018,578562.44,948.656629871231
Chad,2019,528373.0,893.336441643325
Chad,2020,538196.75,866.947814890409
Chad,2021,494352.0,946.358500208374
Chad,2022,540719.0,966.036468278568
Chad,2023,552226.0,949.333453674592
Chad,2024,627560.0,961.55975562506
China,1991,,334.130288119078
China,1992,,367.822651903542
China,1993,,378.939353053314
China,1994,,475.677874448369
China,1995,,612.680277898627
China,1996,,713.337387811657
China,1997,,786.743548510999
China,1998,,835.095348597432
China,1999,20000.0,881.146614068925
China,2000,25000.0,969.199513696287
China,2001,30000.0,1065.40597574519
China,2002,35000.0,1163.55957673426
China,2003,30000.0,1306.97245408557
China,2004,29000.0,1530.92726215723
China,2005,28000.0,1777.64496828464
China,2006,20000.0,2129.25696999613
China,2007,30000.0,2734.72709877693
China,2008,30000.0,3523.44302065213
China,2009,25000.0,3898.24459158811
China,2010,30000.0,4629.24551710077
China,2011,35800.0,5703.76027973346
China,2012,39300.0,6405.0574241349
China,2013,37700.0,7147.03518622344
China,2014,44100.0,7781.06597484974
China,2015,44510.57,8175.33285077393
China,2016,42103.52,8254.86859320357
China,2017,42011.83,8979.67652709856
China,2018,42807.29,10085.6638148819
China,2019,43732.76,10342.9009524335
China,2020,44528.4,10627.4637989619
China,2021,43689.48,12887.4357242941
China,2022,43983.55,12970.6056414327
China,2023,44067.14,12951.1782397043
China,2024,43913.39,13303.1481543868
Colombia,2011,,7400.9940695669
Colombia,2012,706.0,8108.59838244229
Colombia,2013,1409.0,8279.10255642981
Colombia,2014,2739.0,8187.20824890084
Colombia,2015,4289.0,6248.51490534512
Colombia,2016,4250.0,5959.84250367574
Colombia,2017,4477.0,6479.53231292429
Colombia,2018,5257.0,6816.96818309544
Colombia,2019,6316.0,6472.54544924705
Colombia,2020,8805.0,5339.68711357943
Colombia,2021,6638.0,6222.62164397614
Colombia,2022,4738.0,6680.44506854481
Colombia,2023,6420.0,7000.83660501046
Colombia,2024,5697.35,7919.20886825345
"Congo, Rep.",1991,,1112.53521242945
"Congo, Rep.",1992,,1164.22442980292
"Congo, Rep.",1993,2000.0,1034.37200809816
"Congo, Rep.",1994,2012.85,661.904273689712
"Congo, Rep.",1995,2029.25,769.606794842829
"Congo, Rep.",1996,2045.64,898.794050151577
"Congo, Rep.",1997,2062.03,804.304050086499
"Congo, Rep.",1998,2078.4,660.379775085784
"Congo, Rep.",1999,2094.76,776.416349733937
"Congo, Rep.",2000,2111.33,1024.30159109181
"Congo, Rep.",2001,2127.71,854.598314408095
"Congo, Rep.",2002,2150.0,905.538135544704
"Congo, Rep.",2003,2159.48,1016.82363412143
"Congo, Rep.",2004,2174.91,1306.10136324599
"Congo, Rep.",2005,2190.42,1799.05158366154
"Congo, Rep.",2006,2200.0,2103.5821381211
"Congo, Rep.",2007,2223.02,2206.47101863414
"Congo, Rep.",2008,2250.0,2832.09177777643
"Congo, Rep.",2009,2200.0,2271.15219175966
"Congo, Rep.",2010,2300.0,2946.55798067708
"Congo, Rep.",2011,2350.0,3396.16505817952
"Congo, Rep.",2012,2400.0,3732.32737320389
"Congo, Rep.",2013,2450.0,3697.41705884249
"Congo, Rep.",2014,2488.7,3601.2365808718
"Congo, Rep.",2015,2433.52,2439.35189403696
"Congo, Rep.",2016,2434.05,2093.10728558843
"Congo, Rep.",2017,2442.63,2211.63309874797
"Congo, Rep.",2018,2458.87,2694.43413191427
"Congo, Rep.",2019,2478.94,2488.42466724916
"Congo, Rep.",2020,2497.86,1993.586671931
"Congo, Rep.",2021,2506.48,2516.16255145432
"Congo, Rep.",2022,2500.72,2620.83804267402
"Congo, Rep.",2023,2507.82,2477.97845544866
"Congo, Rep.",2024,2514.92,2482.2489948456
Croatia,1992,3695.84,2321.15204123035
Croatia,1993,3800.09,2447.50319141761
Croatia,1994,3904.33,3237.92646315285
Croatia,1995,4008.58,4929.05772183424
Croatia,1996,4112.82,5299.6410536193
Croatia,1997,4217.07,5331.02343858808
Croatia,1998,4321.32,5712.58985659548
Croatia,1999,4425.56,5269.03394637289
Croatia,2000,4529.81,4953.65158789022
Croatia,2001,4638.97,5364.83824691607
Croatia,2002,4748.76,6219.58164143945
Croatia,2003,4858.55,8190.11135193887
Croatia,2004,4968.35,9718.97322801967
Croatia,2005,,10443.5278353294
Croatia,2006,,11501.2099669894
Croatia,2007,,13755.8321073292
Croatia,2008,,15888.0606949392
Croatia,2009,,14474.6519774194
Croatia,2010,5627.09,13729.7654965022
Croatia,2011,5736.88,14691.558296292
Croatia,2012,5846.67,13507.7805260991
Croatia,2013,5952.11,14134.9474982889
Croatia,2014,5902.94,14186.7295493276
Croatia,2015,4479.0,12283.7840620053
Croatia,2016,9170.0,12820.1653893008
Croatia,2017,5273.0,13901.7878144679
Croatia,2018,780.0,15460.3669595491
Croatia,2019,1000.0,15563.5987295029
Croatia,2020,1900.0,14807.5608543265
Croatia,2021,1710.0,17788.7865816658
Croatia,2022,1000.0,18465.5414420364
Croatia,2023,770.0,22184.2279304842
Croatia,2024,820.0,24050.4397933135
Czechia,1993,9412.0,3984.1463439879
Czechia,1994,10000.0,4663.28665345469
Czechia,1995,11000.0,5865.29460556726
Czechia,1996,11000.0,6573.19643136362
Czechia,1997,10500.0,6069.38762357837
Czechia,1998,10000.0,6526.59635780951
Czechia,1999,9000.0,6377.6211077224
Czechia,2000,12000.0,6062.92152842793
Czechia,2001,11000.0,6669.07494847497
Czechia,2002,10000.0,8101.26018588111
Czechia,2003,13000.0,9852.45677945801
Czechia,2004,15000.0,11782.5546676117
Czechia,2005,13000.0,13442.4916284309
Czechia,2006,12000.0,15259.0788162004
Czechia,2007,12421.0,18452.6532812196
Czechia,2008,8605.0,22774.7045076205
Czechia,2009,11272.0,19817.4215836554
Czechia,2010,7694.0,20160.4355077059
Czechia,2011,8091.0,22049.1080788682
Czechia,2012,13042.0,20014.0354015165
Czechia,2013,7917.0,20260.4954999375
Czechia,2014,5453.0,20038.4163180257
Czechia,2015,6993.0,17931.5987670768
Czechia,2016,7744.0,18753.9686718096
Czechia,2017,7487.25,20913.197632212
Czechia,2018,8080.0,23705.9329811299
Czechia,2019,6530.0,24062.7190013343
Czechia,2020,10490.0,23472.8915454417
Czechia,2021,10510.0,27696.4619527544
Czechia,2022,7850.0,28282.2236715857
Czechia,2023,8660.0,31761.5944102491
Czechia,2024,9010.0,31823.3078290564
Eritrea,1993,2220.0,252.085777069472
Eritrea,1994,14840.0,277.801423620334
Eritrea,1995,5760.0,285.402184008331
Eritrea,1996,6317.0,325.838705371605
Eritrea,1997,4150.0,318.980960831984
Eritrea,1998,18706.0,341.91736400208
Eritrea,1999,13147.0,311.336209255125
Eritrea,2000,10413.0,314.357396753501
Eritrea,2001,19551.0,325.409161513593
Eritrea,2002,3191.0,304.775756465092
Eritrea,2003,7161.0,348.950327077742
Eritrea,2004,11875.0,426.840947887032
Eritrea,2005,19921.0,412.753079199423
Eritrea,2006,20178.0,447.997404727201
Eritrea,2007,15778.0,480.44762365456
Eritrea,2008,9638.0,490.066956003333
Eritrea,2009,42616.0,642.92572288007
Eritrea,2010,29050.48,539.699512069686
Eritrea,2011,26366.22,688.68165957684
Eritrea,2012,23056.87,
Eritrea,2013,24926.22,
Eritrea,2014,29103.81,
Eritrea,2015,31990.27,
Eritrea,2016,28673.43,
Eritrea,2017,30644.26,
Eritrea,2018,30435.99,
Eritrea,2019,29917.89,
Eritrea,2020,30332.72,
Eritrea,2021,30228.87,
Eritrea,2022,30159.83,
Eritrea,2023,30240.47,
Eritrea,2024,30209.72,
Estonia,2018,1440.0,23618.1361254581
Estonia,2019,1760.0,24021.2501413306
Estonia,2020,2890.0,23933.9939421065
Estonia,2021,4010.0,27951.1659277744
Estonia,2022,9090.0,28340.3826549406
Estonia,2023,7110.0,30264.0064885057
Estonia,2024,8080.0,31428.3547816104
Ethiopia,1993,1356090.0,168.520401400989
Ethiopia,1994,1254620.0,127.685923459033
Ethiopia,1995,1342730.0,136.523619088963
Ethiopia,1996,1792620.0,147.327458851964
Ethiopia,1997,2037170.0,143.369531498844
Ethiopia,1998,1328730.0,126.465095781244
Ethiopia,1999,1663720.0,120.734631499865
Ethiopia,2000,1727200.0,122.269202606069
Ethiopia,2001,1736920.0,118.457204255261
Ethiopia,2002,1643824.0,109.593813612988
Ethiopia,2003,1942550.0,116.800491132777
Ethiopia,2004,2117727.0,133.169812538096
Ethiopia,2005,3081856.0,158.243458082465
Ethiopia,2006,2288780.0,189.345737521418
Ethiopia,2007,2404674.0,237.146255996319
Ethiopia,2008,2565155.0,316.410475118075
Ethiopia,2009,3179374.0,368.574712267445
Ethiopia,2010,3483348.0,330.619412798644
Ethiopia,2011,3526718.0,343.024942351887
Ethiopia,2012,3765241.0,452.101031885754
Ethiopia,2013,4418642.0,484.039833104062
Ethiopia,2014,4750657.0,549.986577082588
Ethiopia,2015,4928849.89,597.912113218663
Ethiopia,2016,5020440.0,641.651523286233
Ethiopia,2017,5283401.16,696.348429076216
Ethiopia,2018,5593967.0,739.702022272086
Ethiopia,2019,6007380.0,793.473247210264
Ethiopia,2020,5932300.0,829.790982547947
Ethiopia,2021,5640686.94,893.00983544905
Ethiopia,2022,5734859.07,982.103161506992
Ethiopia,2023,6019040.01,1055.81091592527
Ethiopia,2024,5798195.34,1133.88279681719
Finland,1991,,25488.8450525604
Finland,1992,,22320.1124695857
Finland,1993,,17588.6781715509
Finland,1994,,20278.29109854
Finland,1995,,26246.2743214462
Finland,1996,2600.0,25756.6777073618
Finland,1997,4700.0,24682.29083271
Finland,1998,7100.0,25999.9861694953
Finland,1999,2500.0,26180.4128562349
Finland,2000,7800.0,24335.9225082659
Finland,2001,1000.0,24965.202996776
Finland,2002,1600.0,26989.389260959
Finland,2003,3500.0,32920.0857192568
Finland,2004,2700.0,37768.1334202029
Finland,2005,1200.0,39049.8703780223
Finland,2006,2600.0,41214.0187765069
Finland,2007,3500.0,48473.0240091455
Finland,2008,1600.0,53769.4726240385
Finland,2009,1200.0,47478.3495310999
Finland,2010,2447.97,46506.2919016566
Finland,2011,3599.37,51060.3242589767
Finland,2012,3420.46,47551.6740841369
Finland,2013,2978.95,49691.0145200739
Finland,2014,2825.78,50073.7760815871
Finland,2015,2694.18,42560.3456767103
Finland,2016,2670.36,43451.2562442158
Finland,2017,3242.54,46085.0174739036
Finland,2019,1020.0,48358.1807773701
Finland,2020,920.0,48828.6846862799
Finland,2021,720.0,53099.1351400148
Finland,2022,1120.0,50440.560224974
Finland,2023,1280.0,52834.2916752703
Finland,2024,1550.0,53149.7671934051
France,1991,33514.5,21500.7778366233
France,1992,29929.7,23615.0168565483
France,1993,36249.5,22238.8250618434
France,1994,30195.3,23359.8985104774
France,1995,21547.0,26791.8151982369
France,1996,19214.6,26757.6351494145
France,1997,23585.3,24169.4008102822
France,1998,30231.0,24869.4030795939
France,1999,25388.5,24576.3152254528
France,2000,36902.0,22340.5939516217
France,2001,58872.4,22331.7948343036
France,2002,80919.5,24144.5727019529
France,2003,103956.3,29479.5222101175
France,2004,145501.3,33644.9282220364
France,2005,124536.5,34696.3718316971
France,2006,120419.2,36431.5658906555
France,2007,85043.0,41486.1907828787
France,2008,98639.5,45464.8181385158
France,2009,114544.8,41728.0884164132
France,2010,135968.4,40694.8211697025
France,2011,89275.0,43929.7840873812
France,2012,105039.0,40863.5814412333
France,2013,154732.0,42669.1795111893
France,2014,111249.0,43148.0459288416
France,2015,206387.1,36702.4323733379
France,2016,166358.2,37024.2157133669
France,2017,164209.54,38687.1626407164
France,2018,185910.0,41418.1766484844
France,2019,226750.0,40408.2848574751
France,2020,309580.0,39169.8606000707
France,2021,235910.0,43725.0999521245
France,2022,244490.0,40988.6396406579
France,2023,270210.0,44700.1384177544
France,2024,297400.0,46103.0840855884
"Gambia, The",1961,,
"Gambia, The",1962,,
"Gambia, The",1963,,
"Gambia, The",1964,,
"Gambia, The",1965,,
"Gambia, The",1966,,94.3662144947658
"Gambia, The",1967,,96.9604868849254
"Gambia, The",1968,,83.1064852758912
"Gambia, The",1969,,88.662202161031
"Gambia, The",1970,,99.7816919772448
"Gambia, The",1971,,103.318322288749
"Gambia, The",1972,,106.524604282625
"Gambia, The",1973,,131.449182060787
"Gambia, The",1974,,162.618334686551
"Gambia, The",1975,,189.808393377344
"Gambia, The",1976,,179.313963291107
"Gambia, The",1977,,213.842543162023
"Gambia, The",1978,,257.581042237291
"Gambia, The",1979,,300.258528034397
"Gambia, The",1980,,337.692534389517
"Gambia, The",1981,,295.982064548083
"Gambia, The",1982,,282.141307055388
"Gambia, The",1983,,268.649299816803
"Gambia, The",1984,,214.794357389928
"Gambia, The",1985,,262.816616745779
"Gambia, The",1986,,207.654408714945
"Gambia, The",1987,,236.954802725846
"Gambia, The",1988,,274.874465999589
"Gambia, The",1989,,280.929809553919
"Gambia, The",1990,150.0,300.639895740381
"Gambia, The",1991,,627.578919318827
"Gambia, The",1992,,623.485927783598
"Gambia, The",1993,,635.3611677282
"Gambia, The",1994,,608.2774907808
"Gambia, The",1995,,621.681391269646
"Gambia, The",1996,,651.784945724837
"Gambia, The",1997,,600.224023405754
"Gambia, The",1998,,610.234711461724
"Gambia, The",1999,,575.459893151216
"Gambia, The",2000,,538.054072348854
"Gambia, The",2001,,459.803068381399
"Gambia, The",2002,,376.531026962584
"Gambia, The",2003,,308.719123437587
"Gambia, The",2004,,593.285346326581
"Gambia, The",2005,,616.483657865348
"Gambia, The",2006,,614.544307904464
"Gambia, The",2007,,724.726407242432
"Gambia, The",2008,,859.127671411226
"Gambia, The",2009,,774.888030908091
"Gambia, The",2010,,801.033372714536
"Gambia, The",2011,,710.608411468152
"Gambia, The",2012,,692.579361628102
"Gambia, The",2013,,653.862713272743
"Gambia, The",2014,,568.00453558864
"Gambia, The",2015,,619.536364296461
"Gambia, The",2016,,650.056501323611
"Gambia, The",2017,,642.522641296331
"Gambia, The",2018,,696.219806960615
"Gambia, The",2019,,738.186751987483
"Gambia, The",2020,,720.335143352133
"Gambia, The",2021,,781.890925169531
"Gambia, The",2022,,836.244875868476
"Gambia, The",2023,,883.024111719809
"Gambia, The",2024,,871.340291776294
Georgia,1992,,757.223548505358
Georgia,1993,,550.015542609224
Georgia,1994,,519.815578814965
Georgia,1995,,578.336923460866
Georgia,1996,,689.034634153312
Georgia,1997,,807.032285752352
Georgia,1998,,851.515542450841
Georgia,1999,,673.537782887275
Georgia,2000,,749.908534993961
Georgia,2001,,801.98383707929
Georgia,2002,,853.526171868939
Georgia,2003,,1010.03151630868
Georgia,2004,,1305.04748557208
Georgia,2005,500.0,1642.78359414797
Georgia,2006,1000.0,1996.02013272284
Georgia,2007,6000.0,2635.36650276116
Georgia,2008,6210.63,3324.7537205015
Georgia,2009,6540.19,2822.68939668797
Georgia,2010,5300.0,3281.72930937343
Georgia,2011,7000.0,4119.66818307193
Georgia,2012,7000.0,4530.69533409431
Georgia,2013,7000.0,4712.00229382665
Georgia,2014,7000.0,4830.33486170249
Georgia,2015,6915.53,4086.6223465965
Georgia,2016,6898.72,4143.40125686315
Georgia,2017,6899.67,4418.75206546679
Georgia,2018,6932.96,4804.0546040444
Georgia,2019,6965.05,4741.2832715876
Georgia,2020,6982.28,4300.85701291207
Georgia,2021,6960.09,5083.60695484577
Georgia,2022,6969.14,6729.84659930283
Georgia,2023,6970.5,8283.66960652261
Georgia,2024,6966.58,9241.49122313713
Greece,1991,,10046.6663875475
Greece,1992,,11021.012224607
Greece,1993,,10257.3085789073
Greece,1994,,10937.0223808611
Greece,1995,,12779.081491606
Greece,1996,,13432.5262183244
Greece,1997,,13015.9175046854
Greece,1998,,13022.9648774809
Greece,1999,,12742.5404388143
Greece,2000,,11638.2010697215
Greece,2001,,12156.9572824221
Greece,2002,,13782.195640943
Greece,2003,,18020.612039764
Greece,2004,,21449.2552764245
Greece,2005,,22054.1315756886
Greece,2006,3977.0,24416.0232970275
Greece,2007,3762.0,28440.7625328955
Greece,2008,4820.0,31695.8331092209
Greece,2009,4609.0,29425.4573200263
Greece,2010,3869.0,26653.0488008626
Greece,2011,4415.0,25504.7866510124
Greece,2012,4069.0,21624.346052551
Greece,2013,4320.0,21573.3449762805
Greece,2014,4268.0,21474.7257123892
Greece,2015,47035.04,17980.7298238137
Greece,2016,50227.0,17919.2426377048
Greece,2017,45654.0,18631.9930129293
Greece,2018,880.0,19873.4015238771
Greece,2019,1110.0,19335.3602002969
Greece,2020,810.0,17886.733165236
Greece,2021,680.0,20654.7001960815
Greece,2022,730.0,20886.5243087629
Greece,2023,500.0,23343.7103964562
Greece,2024,340.0,24626.1481858973
Guinea-Bissau,1991,,672.07387884966
Guinea-Bissau,1992,,574.32110641811
Guinea-Bissau,1993,,581.612681813953
Guinea-Bissau,1994,,560.883422537973
Guinea-Bissau,1995,,589.487023081945
Guinea-Bissau,1996,,614.729892454585
Guinea-Bissau,1997,,598.953470198484
Guinea-Bissau,1998,,497.724279563733
Guinea-Bissau,1999,,478.733190989909
Guinea-Bissau,2000,,316.945495037639
Guinea-Bissau,2001,2000.0,327.138431972397
Guinea-Bissau,2002,1000.0,362.034574570354
Guinea-Bissau,2003,1000.0,419.78486611807
Guinea-Bissau,2004,1500.0,431.376557669634
Guinea-Bissau,2005,1500.0,463.073962650452
Guinea-Bissau,2006,1500.0,448.513075469701
Guinea-Bissau,2007,1575.0,519.069789794741
Guinea-Bissau,2008,1575.0,640.210331101753
Guinea-Bissau,2009,1475.26,583.190020139094
Guinea-Bissau,2010,1459.24,600.194298540768
Guinea-Bissau,2011,1442.1,719.539573498937
Guinea-Bissau,2012,1423.95,635.461653303881
Guinea-Bissau,2013,1404.9,654.304534409417
Guinea-Bissau,2014,1381.05,652.022501029449
Guinea-Bissau,2015,1349.59,645.066837207039
Guinea-Bissau,2016,1326.42,679.665386626818
Guinea-Bissau,2017,1302.72,783.123186602022
Guinea-Bissau,2018,1278.58,808.531613218504
Guinea-Bissau,2019,1277.75,811.216425885129
Guinea-Bissau,2020,1261.81,846.915855715971
Guinea-Bissau,2021,1222.0,926.780921081233
Guinea-Bissau,2022,1000.0,883.199131457831
Guinea-Bissau,2023,1136.13,988.087886357022
Guinea-Bissau,2024,1246.2,1007.74151728028
Hungary,1961,12000.0,
Hungary,1962,12000.0,
Hungary,1963,13000.0,
Hungary,1964,13000.0,
Hungary,1965,13800.0,
Hungary,1966,13800.0,
Hungary,1967,14500.0,
Hungary,1968,14500.0,476.434350138292
Hungary,1969,14683.0,527.231617602682
Hungary,1970,21851.0,559.197091346639
Hungary,1971,35579.0,606.852738581394
Hungary,1972,43238.0,709.652502602719
Hungary,1973,31014.0,875.981999921224
Hungary,1974,24202.0,955.874207823024
Hungary,1975,13461.0,1083.47473343284
Hungary,1976,9203.0,1248.79851313891
Hungary,1977,18000.0,1388.39509904029
Hungary,1978,17208.0,1617.87853402771
Hungary,1979,23983.0,1864.67188851588
Hungary,1980,24189.0,2158.22181355246
Hungary,1981,18238.0,2213.05267699322
Hungary,1982,12063.0,2255.06405686887
Hungary,1983,9793.0,2049.71617921793
Hungary,1984,32204.0,1991.23894795513
Hungary,1985,9483.0,2020.02286569062
Hungary,1986,8218.0,2330.84188308476
Hungary,1987,24934.0,2565.9739107384
Hungary,1988,8283.0,2812.23754602897
Hungary,1989,14760.0,2902.43508126549
Hungary,1990,12333.0,3323.53967237633
Hungary,1991,4363.0,3361.22268037924
Hungary,1992,7923.0,3747.32966394956
Hungary,1993,4000.0,3886.66608419616
Hungary,1994,13000.0,4187.0311799663
Hungary,1995,2650.0,4509.41740910077
Hungary,1996,0.0,4542.0120380978
Hungary,1997,0.0,4606.0569733295
Hungary,1998,0.0,4751.7732430202
Hungary,1999,0.0,4801.95949584162
Hungary,2000,0.0,4629.91760812548
Hungary,2001,0.0,5280.94887987063
Hungary,2002,0.0,6658.04494326809
Hungary,2003,1725.0,8410.09248198479
Hungary,2004,886.0,10291.2694721409
Hungary,2005,752.0,11212.2046968994
Hungary,2006,1488.0,11478.4891640501
Hungary,2007,1089.0,13934.605460375
Hungary,2008,1824.0,15762.6322515113
Hungary,2009,2722.0,13051.1831777184
Hungary,2010,1326.0,13189.8433874768
Hungary,2011,1373.0,14211.460557822
Hungary,2012,3700.0,12950.1594488143
Hungary,2013,4170.0,13739.4620151401
Hungary,2014,5640.0,14352.501883174
Hungary,2015,3034.0,12782.9412577973
Hungary,2016,12559.0,13215.8605277789
Hungary,2017,13055.0,14736.1668157258
Hungary,2018,17850.0,16605.0570511887
Hungary,2019,22840.0,17012.8598553199
Hungary,2020,9250.0,16386.9308821258
Hungary,2021,10790.0,19030.628130329
Hungary,2022,7880.0,18428.028825614
Hungary,2023,12370.0,22230.6277875187
Hungary,2024,24510.0,23292.3263882478
Ireland,1991,2648.39,14087.2074393708
Ireland,1992,7331.58,15714.3847487231
Ireland,1993,6701.95,14657.0615549805
Ireland,1994,7642.47,15902.9296755168
Ireland,1995,6852.62,19158.4564773907
Ireland,1996,8107.18,20835.8977130847
Ireland,1997,8344.35,22551.1139134126
Ireland,1998,9940.2,24294.8547674007
Ireland,1999,14460.13,26338.1077543817
Ireland,2000,3076.3,26334.5672050501
Ireland,2001,3419.19,28282.409882073
Ireland,2002,2826.37,32705.4345565698
Ireland,2003,4917.32,41203.5295847568
Ireland,2004,5965.89,47754.2023194244
Ireland,2005,7477.34,50933.0216095589
Ireland,2006,6700.0,54329.1618599624
Ireland,2007,8900.0,61396.417461176
Ireland,2008,2223.97,61353.1065629523
Ireland,2009,2500.0,52133.0906162544
Ireland,2010,2800.0,48623.9666422487
Ireland,2011,2300.0,52613.8540355689
Ireland,2012,1800.0,49335.8408099555
Ireland,2013,1800.0,52537.6108648692
Ireland,2014,1313.27,57214.5379785709
Ireland,2015,1630.81,64250.1385181257
Ireland,2016,1463.33,64129.5571542383
Ireland,2017,1478.0,72161.4047531385
Italy,1961,25000.0,923.08778375214
Italy,1962,16670.0,1030.15800343763
Italy,1963,13050.0,1171.3869628098
Italy,1964,12430.0,1271.80119301518
Italy,1965,13460.0,1357.0106162201
Italy,1966,13200.0,1458.94713889011
Italy,1967,12510.0,1595.48578129215
Italy,1968,10660.0,1718.49646427147
Italy,1969,8220.0,1886.45002730465
Italy,1970,7200.0,2111.71986404332
Italy,1971,3540.0,2310.92376058816
Italy,1972,2579.0,2677.29372999774
Italy,1973,2910.0,3212.63949627574
Italy,1974,2496.0,3629.49182319594
Italy,1975,1900.0,4116.45964933054
Italy,1976,1600.0,4042.39482463789
Italy,1977,1700.0,4614.21004931651
Italy,1978,1400.0,5623.42917622719
Italy,1979,1400.0,7006.39699054556
Italy,1980,2100.0,8476.41045000836
Italy,1981,1568.0,7640.40241250516
Italy,1982,5200.0,7573.93967597775
Italy,1983,7000.0,7850.62789042275
Italy,1984,12500.0,7757.55374836822
Italy,1985,2800.0,8009.10347642127
Italy,1986,2200.0,11341.0939892903
Italy,1987,4000.0,14267.5368168757
Italy,1988,1000.0,15780.9495122174
Italy,1989,970.0,16424.4301587005
Italy,1990,1060.0,20873.7834092719
Italy,1991,5530.0,22007.1350964074
Italy,1992,9865.0,23297.0460325456
Italy,1993,11613.0,18781.9529427137
Italy,1994,11533.0,19382.2002150155
Italy,1995,14291.0,20712.1798690324
Italy,1996,14256.0,23122.9337219116
Italy,1997,28200.0,21883.9872666651
Italy,1998,30500.0,22365.1837644545
Italy,1999,21419.0,22049.9990620261
Italy,2000,20185.0,20190.0035636084
Italy,2001,34800.0,20570.4385917862
Italy,2002,31356.0,22451.3964379368
Italy,2003,37900.0,27577.5700319855
Italy,2004,35484.0,31348.1901841445
Italy,2005,29157.0,32062.723833669
Italy,2006,27013.0,33537.1286994269
Italy,2007,42459.0,37826.1754554823
Italy,2008,48348.0,40828.5795580937
Italy,2009,53500.0,37099.6133958219
Italy,2010,75800.0,35856.8625485539
Italy,2011,76150.0,38432.3742820019
Italy,2012,67405.8,34854.3949441965
Italy,2013,116218.4,35701.6746002376
Italy,2014,135261.4,36028.3494022349
Italy,2015,126698.3,30639.8829751432
Italy,2016,91974.6,31391.5692898108
Italy,2017,95960.0,32844.115660604
Italy,2018,107340.0,34904.1081923834
Italy,2019,106110.0,33812.788724868
Italy,2020,109840.0,32091.4866621366
Italy,2021,96250.0,36852.5425414951
Italy,2022,75690.0,35653.9042103495
Italy,2023,70820.0,39277.0838783918
Italy,2024,67070.0,40385.3413957669
Jordan,2022,,4332.25159897931
Jordan,2023,6695.0,4466.08314208575
Jordan,2024,4770.72,4618.09592498567
Kazakhstan,1992,88000.0,1437.59848100913
Kazakhstan,1993,40000.0,1355.13493859139
Kazakhstan,1994,32733.41,1246.83633018218
Kazakhstan,1995,31440.0,1217.79138769863
Kazakhstan,1996,41370.0,1281.39152895397
Kazakhstan,1997,35270.0,1381.63593295187
Kazakhstan,1998,19000.0,1414.59289652597
Kazakhstan,1999,73800.0,1091.54727722159
Kazakhstan,2000,17915.0,1180.0444563226
Kazakhstan,2001,21619.0,1422.27331810957
Kazakhstan,2002,23978.0,1573.55219932325
Kazakhstan,2003,25652.0,1958.02050246511
Kazakhstan,2004,25071.0,2722.47407755402
Kazakhstan,2005,52770.0,3577.35804001782
Kazakhstan,2006,50527.0,5030.13494711519
Kazakhstan,2007,47846.0,6449.43931096532
Kazakhstan,2008,36750.0,8123.54705891736
Kazakhstan,2009,42840.0,6938.01175663001
Kazakhstan,2010,110026.0,8793.07589980782
Kazakhstan,2011,303837.8,11287.1464926039
Kazakhstan,2012,338169.5,12018.7966527993
Kazakhstan,2013,276840.1,13478.459627612
Kazakhstan,2014,299818.0,12427.7094576939
Kazakhstan,2015,644597.3,10196.1226255982
Kazakhstan,2016,445002.2,7475.56688689424
Kazakhstan,2017,259521.3,8943.08416791984
Kazakhstan,2018,117053.8,9472.48527327758
Kazakhstan,2019,107636.5,9457.12614657136
Kazakhstan,2020,95956.5,8781.50797787648
Kazakhstan,2021,57639.9,9983.60103576902
Kazakhstan,2022,58522.2,11255.3396437881
Kazakhstan,2023,34750.2,12879.4275257974
Kazakhstan,2024,86800.6,14154.6324958076
Latvia,1992,,
Latvia,1993,,
Latvia,1994,,
Latvia,1995,,2256.77360387054
Latvia,1996,,2360.1714816213
Latvia,1997,,2609.89308697195
Latvia,1998,,2893.79998716563
Latvia,1999,,3063.89794599707
Latvia,2000,,3278.17896440803
Latvia,2001,,3504.61829462397
Latvia,2002,,4003.60935783538
Latvia,2003,,4914.57992829302
Latvia,2004,,6109.73265186817
Latvia,2005,,7283.78738127622
Latvia,2006,,9211.7374468148
Latvia,2007,,13370.9789452508
Latvia,2008,,15677.6080864506
Latvia,2009,,11996.0322729773
Latvia,2010,,11188.4191700977
Latvia,2011,,12902.574053337
Latvia,2012,,13329.3499931271
Latvia,2013,,14484.4715282132
Latvia,2014,,15185.814581236
Latvia,2015,,13321.9753140616
Latvia,2016,,13838.5266823272
Latvia,2017,,15132.4958333982
Latvia,2018,25300.0,17252.1710428626
Latvia,2019,13500.0,17294.9751600969
Latvia,2020,16800.0,17564.2321549354
Latvia,2021,14300.0,20261.8887788916
Latvia,2022,25300.0,20221.103686109
Latvia,2023,19300.0,22710.2637544197
Latvia,2024,24800.0,23409.0845154775
Lithuania,1992,,
Lithuania,1993,,
Lithuania,1994,,
Lithuania,1995,,2182.69156931505
Lithuania,1996,,2340.67545970008
Lithuania,1997,,2844.16286797492
Lithuania,1998,,3180.64498555255
Lithuania,1999,200.0,3127.51176667183
Lithuania,2000,800.0,3300.63634928559
Lithuania,2001,1100.0,3532.52787363242
Lithuania,2002,,4148.13091485015
Lithuania,2003,,5507.47434187652
Lithuania,2004,100.0,6734.57487061946
Lithuania,2005,300.0,7857.03148786492
Lithuania,2006,400.0,9210.10118229413
Lithuania,2007,800.0,12295.1212779366
Lithuania,2008,200.0,14955.5345462921
Lithuania,2009,100.0,11854.3711053096
Lithuania,2010,900.0,11829.122609457
Lithuania,2011,1400.0,14261.8433787325
Lithuania,2012,1500.0,14288.1853493139
Lithuania,2013,1300.0,15636.5252586048
Lithuania,2014,1200.0,16446.1647181663
Lithuania,2015,206.0,14269.8039878287
Lithuania,2016,101.0,14934.2702840428
Lithuania,2017,73.0,16800.1510246099
Lithuania,2018,53540.0,19247.2315367967
Lithuania,2019,30840.0,19608.7943945553
Lithuania,2020,37650.0,20428.6478157394
Lithuania,2021,32660.0,23870.4594851722
Lithuania,2022,43990.0,25085.784063499
Lithuania,2023,36470.0,27786.0057829276
Lithuania,2024,37400.0,29384.0189598663
Luxembourg,2000,,48659.5988753233
Luxembourg,2001,,48440.1420151355
Luxembourg,2002,250.0,53005.7339209179
Luxembourg,2003,266.42,65689.3214536911
Luxembourg,2004,324.0,76544.9170868473
Luxembourg,2005,254.0,80988.1376230858
Luxembourg,2006,151.0,90788.8004876145
Luxembourg,2007,78.0,107475.320297978
Luxembourg,2008,173.0,120422.137934157
Luxembourg,2009,224.0,109419.746953106
Luxembourg,2010,246.0,110885.991378721
Luxembourg,2011,233.0,119025.057203467
Luxembourg,2012,212.0,112584.676270958
Luxembourg,2013,166.0,120000.140729859
Luxembourg,2014,151.0,123678.702143275
Luxembourg,2015,357.0,105462.012584423
Luxembourg,2016,594.0,106899.293549552
Luxembourg,2017,590.0,110193.213797228
Luxembourg,2018,950.0,116926.759593905
Luxembourg,2019,750.0,112696.649059674
Luxembourg,2020,300.0,116860.02817236
Luxembourg,2021,210.0,134965.815442152
Luxembourg,2022,360.0,123719.658915996
Luxembourg,2023,490.0,133230.619178899
Luxembourg,2024,660.0,137781.681659123
Mali,1961,0.0,
Mali,1962,0.0,
Mali,1963,0.0,
Mali,1964,0.0,
Mali,1965,0.0,
Mali,1966,0.0,
Mali,1967,0.0,45.9854448702914
Mali,1968,0.0,56.5137530466331
Mali,1969,0.0,55.0226859514125
Mali,1970,0.0,57.3207870762744
Mali,1971,0.0,61.966462690907
Mali,1972,0.0,75.0521043387011
Mali,1973,0.0,85.4440876506614
Mali,1974,0.0,80.2252214087116
Mali,1975,0.0,121.497572665422
Mali,1976,0.0,134.927575165475
Mali,1977,0.0,148.052694572807
Mali,1978,0.0,169.123319071279
Mali,1979,0.0,216.320734146311
Mali,1980,0.0,359.12056332085
Mali,1981,0.0,290.478605534961
Mali,1982,0.0,213.773956907607
Mali,1983,100.0,186.276028899026
Mali,1984,200.0,169.067780598011
Mali,1985,650.0,190.377454158271
Mali,1986,600.0,250.013920202755
Mali,1987,760.0,280.723262413678
Mali,1988,400.0,307.019371606958
Mali,1989,300.0,313.871327696511
Mali,1990,200.0,353.903252431339
Mali,1991,100.0,381.993534670324
Mali,1992,109.52,385.278654489301
Mali,1993,130.0,372.412257655559
Mali,1994,100.0,266.455340167693
Mali,1995,108.04,331.193112410921
Mali,1996,73.0,359.662096047648
Mali,1997,100.0,320.75152297828
Mali,1998,113.77,356.647044025322
Mali,1999,116.36,364.415678427556
Mali,2000,118.56,304.652870194271
Mali,2001,116.84,346.224554251022
Mali,2002,116.98,378.191678628285
Mali,2003,117.22,441.910358475095
Mali,2004,117.68,495.006294680645
Mali,2005,116.19,548.730382842725
Mali,2006,117.99,586.985415515264
Mali,2007,110.0,670.853394973479
Mali,2008,124.53,767.19483895009
Mali,2009,128.9,787.482564287398
Mali,2010,133.19,797.151541135109
Mali,2011,137.09,938.292902583696
Mali,2012,170.0,872.506092465564
Mali,2013,158.0,901.920957644831
Mali,2014,152.5,947.915033288325
Mali,2015,155.84,838.11986940103
Mali,2016,157.99,872.468587171653
Mali,2017,157.69,924.057531692284
Mali,2018,158.22,996.379292136901
Mali,2019,159.87,971.949318638092
Mali,2020,162.56,953.242943290974
Mali,2021,165.78,1027.27345365357
Mali,2022,162.73,976.914116406452
Mali,2023,163.69,1043.9533853528
Mali,2024,164.07,1094.61949265799
Malta,2018,0.0,33382.2677499267
Malta,2019,0.0,32421.9179752262
Malta,2020,0.0,31823.4363934505
Malta,2021,0.0,38096.8360735119
Malta,2022,0.0,35638.8869457406
Malta,2023,0.0,40905.8059585057
Malta,2024,0.0,43898.5781808597
Mexico,1961,,373.712216995471
Mexico,1962,,388.456702411498
Mexico,1963,,419.552066324849
Mexico,1964,,480.704214437745
Mexico,1965,,505.854419498816
Mexico,1966,,544.935854193449
Mexico,1967,,575.769037534418
Mexico,1968,,615.922912128842
Mexico,1969,,659.71750685117
Mexico,1970,,699.006845485029
Mexico,1971,,747.912361003254
Mexico,1972,,836.569673446138
Mexico,1973,,993.042879548426
Mexico,1974,,1256.10280601329
Mexico,1975,,1491.97048611111
Mexico,1976,,1465.49877862474
Mexico,1977,,1314.62044481645
Mexico,1978,,1604.40920452482
Mexico,1979,,2049.26468871816
Mexico,1980,,3054.62162291784
Mexico,1981,,3829.14437544129
Mexico,1982,222.0,2620.95793392947
Mexico,1983,3.0,2169.85285279223
Mexico,1984,42.0,2506.30742754755
Mexico,1985,470.0,2601.70825226684
Mexico,1986,394.0,1756.93563367491
Mexico,1987,832.0,1888.2631431041
Mexico,1988,802.0,2278.81222720992
Mexico,1989,932.0,2725.05572275442
Mexico,1990,671.0,3154.46920349038
Mexico,1991,739.0,3708.8420548157
Mexico,1992,560.0,4220.56643677057
Mexico,1993,558.0,6048.34840388099
Mexico,1994,926.0,6202.36588372862
Mexico,1995,989.0,4183.87847727479
Mexico,1996,1680.0,4674.36792733681
Mexico,1997,3453.0,5567.35599516667
Mexico,1998,1880.0,5832.69342004468
Mexico,1999,5862.0,6499.97182950425
Mexico,2000,4240.0,7524.0271380091
Mexico,2001,4783.0,7952.76479510706
Mexico,2002,3020.0,7983.03398381759
Mexico,2003,2321.0,7434.0746485155
Mexico,2004,3295.0,7849.66759649565
Mexico,2005,2922.0,8671.75891885163
Mexico,2006,3302.0,9512.63575346699
Mexico,2007,3392.0,10134.3327138119
Mexico,2008,3863.0,10523.7685403244
Mexico,2009,4493.0,8423.56933214711
Mexico,2010,3870.0,9728.80078377082
Mexico,2011,3606.0,10664.4944032313
Mexico,2012,4279.0,10744.1335242686
Mexico,2013,4618.0,11216.8008505428
Mexico,2014,6547.0,11391.3773497683
Mexico,2015,8551.0,10021.2386118827
Mexico,2016,6052.41,9097.92397674769
Mexico,2017,5024.99,9649.27816772402
Mexico,2018,7115.47,10084.7937562021
Mexico,2019,5547.76,10369.5553585271
Mexico,2020,5625.41,8841.27075039868
Mexico,2021,6177.72,10314.0506722115
Mexico,2022,5720.89,11405.7940473759
Mexico,2023,5996.22,13860.9597809326
Mexico,2024,7264.0,14185.7812248529
Mongolia,1961,3000.0,
Mongolia,1962,3000.0,
Mongolia,1963,3600.0,
Mongolia,1964,4700.0,
Mongolia,1965,4200.0,
Mongolia,1966,1900.0,
Mongolia,1967,2000.0,
Mongolia,1968,1000.0,
Mongolia,1969,300.0,
Mongolia,1970,1700.0,
Mongolia,1971,500.0,
Mongolia,1972,1300.0,
Mongolia,1973,3900.0,
Mongolia,1974,2300.0,
Mongolia,1975,3200.0,
Mongolia,1976,1000.0,
Mongolia,1977,600.0,
Mongolia,1978,800.0,
Mongolia,1979,700.0,
Mongolia,1980,2400.0,1235.14422497627
Mongolia,1981,1400.0,1325.46680536613
Mongolia,1982,8900.0,1429.62551800828
Mongolia,1983,19200.0,1490.21297634746
Mongolia,1984,10600.0,1119.71388466075
Mongolia,1985,10500.0,1137.90764730312
Mongolia,1986,10400.0,1469.42176378914
Mongolia,1987,6100.0,1493.28238085822
Mongolia,1988,4500.0,1543.33555521093
Mongolia,1989,5600.0,1683.92432862486
Mongolia,1990,3038.0,1220.17127664137
Mongolia,1991,1600.0,1098.68017445549
Mongolia,1992,1300.0,607.813424662797
Mongolia,1993,1155.24,354.898613087701
Mongolia,1994,1221.16,422.864349383041
Mongolia,1995,1312.91,652.67456284915
Mongolia,1996,1300.73,595.5810149554
Mongolia,1997,1290.58,515.298004947316
Mongolia,1998,1000.0,483.878066074871
Mongolia,1999,1206.49,448.660368337533
Mongolia,2000,1209.0,476.02755082717
Mongolia,2001,1212.52,524.453483552485
Mongolia,2002,1214.19,570.249213248399
Mongolia,2003,1432.53,643.168068921658
Mongolia,2004,1276.06,794.154552001815
Mongolia,2005,1218.65,994.90010913241
Mongolia,2006,688.0,1329.89179579053
Mongolia,2007,289.0,1627.68787743359
Mongolia,2008,492.0,2127.42678594737
Mongolia,2009,181.0,1703.32756790019
Mongolia,2010,935.0,2625.21881402433
Mongolia,2011,1459.0,3736.04201455077
Mongolia,2012,2196.0,4328.89001905655
Mongolia,2013,4147.0,4340.14310544449
Mongolia,2014,3354.0,4126.23975800524
Mongolia,2015,6759.0,3838.92126989984
Mongolia,2016,2031.3,3619.90026383792
Mongolia,2017,1549.22,3645.96708669551
Mongolia,2018,5407.89,4107.64288528468
Mongolia,2019,6116.21,4347.54610314873
Mongolia,2020,4357.68,4001.25193077703
Mongolia,2021,3386.9,4517.61578018785
Mongolia,2022,2285.3,4993.51487463495
Mongolia,2023,1602.42,5838.63108083902
Mongolia,2024,1182.52,6750.6301157724
Morocco,1961,30500.0,169.318435668945
Morocco,1962,36000.0,193.647811889648
Morocco,1963,32000.0,210.635650634766
Morocco,1964,30000.0,216.263046264648
Morocco,1965,33000.0,221.967697143555
Morocco,1966,26000.0,210.824432373047
Morocco,1967,32000.0,217.304306030273
Morocco,1968,43000.0,227.120864868164
Morocco,1969,33000.0,246.799652099609
Morocco,1970,48300.0,260.26513671875
Morocco,1971,30100.0,279.167236328125
Morocco,1972,48630.0,317.074066162109
Morocco,1973,81310.0,380.527801513672
Morocco,1974,36760.0,456.592529296875
Morocco,1975,40160.0,521.838928222656
Morocco,1976,54400.0,543.368469238281
Morocco,1977,19040.0,610.750366210938
Morocco,1978,55000.0,712.879638671875
Morocco,1979,41000.0,834.812133789063
Morocco,1980,59000.0,1109.88220214844
Morocco,1981,41000.0,884.443237304688
Morocco,1982,32000.0,856.569763183594
Morocco,1983,38000.0,766.529602050781
Morocco,1984,18500.0,681.909729003906
Morocco,1985,21200.0,673.2900390625
Morocco,1986,20000.0,855.169311523438
Morocco,1987,18000.0,937.457153320313
Morocco,1988,16000.0,1086.03527832031
Morocco,1989,14000.0,1091.27624511719
Morocco,1990,12350.0,1229.07104492188
Morocco,1991,14355.0,1292.23376464844
Morocco,1992,14750.0,1327.02954101563
Morocco,1993,11470.0,1226.43054199219
Morocco,1994,14090.0,1358.79443359375
Morocco,1995,7800.0,1466.78820800781
Morocco,1996,3710.0,1596.83239746094
Morocco,1997,3600.0,1426.30114746094
Morocco,1998,3670.0,1668.49755859375
Morocco,1999,2920.0,1635.65673828125
Morocco,2000,1200.0,1499.107421875
Morocco,2001,3770.0,1506.24523925781
Morocco,2002,2440.0,1596.02062988281
Morocco,2003,4790.0,1941.87255859375
Morocco,2004,3500.0,2183.55541992188
Morocco,2005,4400.0,2242.98828125
Morocco,2006,4620.0,2438.12646484375
Morocco,2007,4550.0,2755.5859375
Morocco,2008,5280.0,3183.20043945313
Morocco,2009,4230.0,3119.58862304688
Morocco,2010,10480.0,3067.9853515625
Morocco,2011,2740.0,3301.98876953125
Morocco,2012,2230.0,3164.17724609375
Morocco,2013,2626.73,3379.7431640625
Morocco,2014,2897.93,3435.40698242188
Morocco,2015,3126.79,3146.24780273438
Morocco,2016,2883.82,3140.85546875
Morocco,2017,3596.36,3296.52661132813
Morocco,2018,4047.98,3501.69799804688
Morocco,2019,5150.0,3508.09765625
Morocco,2020,5850.0,3268.0302734375
Morocco,2021,5900.0,3785.93627929688
Morocco,2022,6000.0,3463.1376953125
Morocco,2023,5300.0,3813.72607421875
Morocco,2024,4601.24,4153.1943359375
Myanmar,1961,6100.0,27.2654541223873
Myanmar,1962,6100.0,27.9470039695431
Myanmar,1963,8100.0,25.8039844353997
Myanmar,1964,8700.0,17.3322006236435
Myanmar,1965,7100.0,15.1178632326484
Myanmar,1966,9100.0,11.8013216738981
Myanmar,1967,10200.0,16.5453805372426
Myanmar,1968,11648.0,21.5453410007264
Myanmar,1969,16726.0,21.5103180527937
Myanmar,1970,13453.0,20.7242782768026
Myanmar,1971,9235.0,21.1257517513266
Myanmar,1972,8736.0,23.2941302744944
Myanmar,1973,10979.0,24.7965628847435
Myanmar,1974,17644.0,41.4076276435663
Myanmar,1975,19716.0,35.163291569876
Myanmar,1976,16538.0,39.1660083715823
Myanmar,1977,20300.0,27.8600867193791
Myanmar,1978,14200.0,29.2562311044151
Myanmar,1979,14200.0,29.2136757858848
Myanmar,1980,26400.0,31.2462392881093
Myanmar,1981,16770.0,32.8127790443581
Myanmar,1982,15179.0,42.9535414901862
Myanmar,1983,15000.0,39.2908686161265
Myanmar,1984,23000.0,36.3255768443636
Myanmar,1985,28653.0,40.3821412603663
Myanmar,1986,28532.0,42.4193735892874
Myanmar,1987,28033.0,41.1478137224602
Myanmar,1988,17128.0,39.9236088878004
Myanmar,1989,12720.0,51.3443285034615
Myanmar,1990,14337.0,53.1225401094506
Myanmar,1991,12934.0,51.2408970610106
Myanmar,1992,13051.0,58.8896739558883
Myanmar,1993,12477.0,76.212889482598
Myanmar,1994,12138.0,105.391561114159
Myanmar,1995,12000.0,124.14348039051
Myanmar,1996,12000.0,141.897267580367
Myanmar,1997,13000.0,108.039770292032
Myanmar,1998,14000.0,145.950830383757
Myanmar,1999,15000.0,189.490155849067
Myanmar,2000,15000.0,196.619580625284
Myanmar,2001,14000.0,141.525660705722
Myanmar,2002,14000.0,146.598390364449
Myanmar,2003,14000.0,224.292688912409
Myanmar,2004,12000.0,224.508811413327
Myanmar,2005,12000.0,252.685193060728
Myanmar,2006,13000.0,303.495087119254
Myanmar,2007,12000.0,419.375780725042
Myanmar,2008,12800.0,658.442487229705
Myanmar,2009,13279.0,758.442935789255
Myanmar,2010,13660.0,1010.53417343401
Myanmar,2011,11212.0,1213.62898703376
Myanmar,2012,11095.28,1202.6658960055
Myanmar,2013,12625.12,1199.09561597055
Myanmar,2014,13562.97,1293.00042319714
Myanmar,2015,12210.72,1166.73305547935
Myanmar,2016,12799.6,1229.19713491328
Myanmar,2017,12939.5,1272.82241815234
Myanmar,2018,12902.14,1298.21310327675
Myanmar,2019,12868.31,1425.98954241668
Myanmar,2020,12800.33,1490.21683599469
Myanmar,2021,12784.77,1242.7213439951
Myanmar,2022,12827.9,1158.05005055976
Myanmar,2023,12823.22,1233.19666209269
Myanmar,2024,12818.54,1359.05001560107
New Zealand,1961,5000.0,2364.75383900097
New Zealand,1962,5000.0,2471.05500895111
New Zealand,1963,5000.0,2646.23652937762
New Zealand,1964,5000.0,2839.31554692453
New Zealand,1965,5000.0,2170.99809777651
New Zealand,1966,10000.0,2211.38222406465
New Zealand,1967,10000.0,2208.44213762022
New Zealand,1968,10000.0,1902.42182426883
New Zealand,1969,10000.0,2096.92646729301
New Zealand,1970,4000.0,2311.02761979013
New Zealand,1971,4000.0,2772.9185969396
New Zealand,1972,4000.0,3294.64894268304
New Zealand,1973,10000.0,4323.19653458655
New Zealand,1974,15000.0,4610.57042634013
New Zealand,1975,25000.0,4171.76973967475
New Zealand,1976,20000.0,4373.84099791231
New Zealand,1977,15000.0,4950.58820538927
New Zealand,1978,15000.0,5936.98526036423
New Zealand,1979,15000.0,6668.1386662247
New Zealand,1980,3213.0,7467.16803773805
New Zealand,1981,5452.0,7813.88754336067
New Zealand,1982,3021.0,7656.47573238963
New Zealand,1983,2510.0,7598.31203875006
New Zealand,1984,3655.0,6713.76013104154
New Zealand,1985,3960.0,7600.56524172937
New Zealand,1986,4436.0,9427.55394035348
New Zealand,1987,8168.0,12330.9168305483
New Zealand,1988,6320.0,13759.1556295922
New Zealand,1989,5000.0,13312.3855858113
New Zealand,1990,6478.0,13663.0216184298
New Zealand,1991,5714.16,12230.0734548834
New Zealand,1992,4900.0,11793.1392416214
New Zealand,1993,4300.0,13094.3454502639
New Zealand,1994,5200.0,15280.3127842922
New Zealand,1995,4900.0,17400.4201848172
New Zealand,1996,8900.0,18794.436039393
New Zealand,1997,9000.0,17474.187029724
New Zealand,1998,8999.98,14738.4455703918
New Zealand,1999,10000.0,15322.2238340267
New Zealand,2000,11110.63,13641.1027183822
New Zealand,2001,12198.84,13882.8568268586
New Zealand,2002,13162.0,16874.1874918196
New Zealand,2003,12100.0,21913.7081719961
New Zealand,2004,16006.0,25420.234882944
New Zealand,2005,11500.0,27751.0654708859
New Zealand,2006,5700.0,26654.5932018985
New Zealand,2007,13709.0,32479.9817381467
New Zealand,2008,16187.0,31324.7397977102
New Zealand,2009,14000.0,28276.7255416225
New Zealand,2010,11688.0,33761.9009639947
New Zealand,2011,9528.0,38431.7766788499
New Zealand,2012,11744.0,40053.6991536369
New Zealand,2013,9059.91,43000.4646849189
New Zealand,2014,6793.0,44618.266973847
New Zealand,2015,8544.0,38665.3723018158
New Zealand,2016,15985.0,40113.7195382428
New Zealand,2017,23644.3,42950.3841711138
New Zealand,2018,10769.86,43257.0769238879
New Zealand,2019,16799.72,42855.831861632
New Zealand,2020,17071.29,41997.7830324279
New Zealand,2021,14868.96,49950.4251691316
New Zealand,2022,14740.4,49099.7090423358
New Zealand,2023,14864.0,49075.9562832927
New Zealand,2024,14987.6,49205.1792146792
Niger,1961,,134.635094261008
Niger,1962,,143.150824130834
Niger,1963,,153.324882584919
Niger,1964,,148.080269139855
Niger,1965,,166.280055859235
Niger,1966,,168.596485499415
Niger,1967,,155.380620524944
Niger,1968,,145.610145933803
Niger,1969,,138.291209756182
Niger,1970,,139.75875001865
Niger,1971,,145.213783611591
Niger,1972,,151.437947747318
Niger,1973,,187.854399670045
Niger,1974,,198.28916531089
Niger,1975,,197.232873008404
Niger,1976,,194.789570593583
Niger,1977,,229.808417625006
Niger,1978,,306.828022482047
Niger,1979,,354.169730869649
Niger,1980,,408.822779755471
Niger,1981,,343.386800706738
Niger,1982,,309.795062345471
Niger,1983,,268.772580748131
Niger,1984,,211.468807340699
Niger,1985,,202.372740665362
Niger,1986,,259.561894151866
Niger,1987,,295.326253933298
Niger,1988,,292.587878484489
Niger,1989,,271.266557931133
Niger,1990,1000.0,423.887460599302
Niger,1991,1200.0,384.44311679922
Niger,1992,1300.0,384.029657304316
Niger,1993,1500.0,335.429581902384
Niger,1994,1700.0,206.214617135856
Niger,1995,2000.0,237.01998956862
Niger,1996,2100.0,239.494513213973
Niger,1997,2200.0,220.562957209
Niger,1998,2426.0,246.090855923026
Niger,1999,904.0,228.271656116064
Niger,2000,1000.0,194.771959898935
Niger,2001,1300.0,205.417936120931
Niger,2002,1500.0,225.294391147438
Niger,2003,1400.0,265.225363452469
Niger,2004,1000.0,283.468281798296
Niger,2005,1500.0,318.643121918273
Niger,2006,1700.0,333.345078419447
Niger,2007,1791.0,387.168065883301
Niger,2008,1750.0,475.044955398162
Niger,2009,1466.0,461.131533961487
Niger,2010,1540.0,474.425692340831
Niger,2011,493.0,510.75956176268
Niger,2012,808.0,528.510104469655
Niger,2013,1397.43,552.103334363117
Niger,2014,1550.49,565.30989731175
Niger,2015,1250.64,485.662574175279
Niger,2016,1399.52,502.706475406446
Niger,2017,1412.66,521.804130023434
Niger,2018,1379.54,578.568035680892
Niger,2019,1335.53,561.691304349698
Niger,2020,1314.96,579.512495758236
Niger,2021,1354.49,608.722439593808
Niger,2022,1390.36,609.745147574878
Niger,2023,1387.57,638.336080897887
Niger,2024,1384.78,735.270255787226
Oman,1961,1500.0,84.5311646369716
Oman,1962,1500.0,102.325889863048
Oman,1963,1500.0,106.829311959455
Oman,1964,1600.0,108.059747071369
Oman,1965,1600.0,108.127276326149
Oman,1966,1700.0,113.158851470616
Oman,1967,1850.0,174.708442422448
Oman,1968,1850.0,300.382394498902
Oman,1969,1850.0,371.945677290612
Oman,1970,1900.0,386.792712839023
Oman,1971,1900.0,441.935384423256
Oman,1972,1950.0,523.675726630998
Oman,1973,2000.0,669.829529995212
Oman,1974,2000.0,2203.40591346986
Oman,1975,2000.0,2691.99653514052
Oman,1976,2000.0,3142.52717836645
Oman,1977,2100.0,3204.86972958061
Oman,1978,2100.0,3043.75121036129
Oman,1979,2100.0,3933.50510857105
Oman,1980,2100.0,5974.30434611467
Oman,1981,850.0,6865.58482819779
Oman,1982,850.0,6759.29870293907
Oman,1983,850.0,6714.19125910699
Oman,1984,850.0,7070.07295804885
Oman,1985,850.0,7548.69588410284
Oman,1986,900.0,5181.87980290561
Oman,1987,1000.0,5203.99994065839
Oman,1988,1050.0,5279.10411437183
Oman,1989,1100.0,5591.22723847558
Oman,1990,1150.0,7545.70305230441
Oman,1991,1200.0,6977.3285922345
Oman,1992,1244.93,7317.78815838166
Oman,1993,1300.0,7038.9301587736
Oman,1994,1320.0,7068.38996979073
Oman,1995,1350.0,7414.30279204109
Oman,1996,1380.0,8068.00076784612
Oman,1997,1400.0,8234.64063759005
Oman,1998,1385.37,7219.02932432025
Oman,1999,1386.89,7915.44169380534
Oman,2000,1387.17,9753.84755185404
Oman,2001,1386.55,9611.96360191054
Oman,2002,1385.34,9869.13050219438
Oman,2003,1383.87,10463.5425832141
Oman,2004,1352.99,11800.8507411171
Oman,2005,1348.92,14434.8577924647
Oman,2006,1343.5,16930.8565071853
Oman,2007,1337.87,18792.653772482
Oman,2008,1334.65,26576.779241509
Oman,2009,1334.44,20655.9180249218
Oman,2010,1337.4,23570.1798147325
Oman,2011,1343.7,25188.0074151885
Oman,2012,1300.0,24642.2978768596
Oman,2013,1400.0,23458.0233840053
Oman,2014,1410.49,23160.6502252547
Oman,2015,1350.34,18808.3077921839
Oman,2016,1386.94,17110.1897460545
Oman,2017,6193.0,17820.0661809335
Oman,2018,10942.0,19901.7615642016
Oman,2019,11051.0,19180.1864152801
Oman,2020,29810.0,16784.8630630058
Oman,2021,17547.0,19403.4600160211
Oman,2022,28848.0,23223.5829405935
Oman,2023,31738.0,21027.7384778886
Oman,2024,32498.0,20285.2272897377
West Bank and Gaza,1991,,
West Bank and Gaza,1992,,
West Bank and Gaza,1993,,
West Bank and Gaza,1994,,1201.58154213882
West Bank and Gaza,1995,,1326.56285737146
West Bank and Gaza,1996,30.0,1317.46675131385
West Bank and Gaza,1997,60.0,1389.16497137651
West Bank and Gaza,1998,100.0,1465.04605685868
West Bank and Gaza,1999,110.0,1499.49217657019
West Bank and Gaza,2000,375.0,1476.17185000238
West Bank and Gaza,2001,2279.0,1335.55319529359
West Bank and Gaza,2002,738.0,1156.21747345769
West Bank and Gaza,2003,244.0,1257.69857009689
West Bank and Gaza,2004,250.0,1422.19088643544
West Bank and Gaza,2005,459.98,1543.70141392774
West Bank and Gaza,2006,624.91,1570.10439962728
West Bank and Gaza,2007,528.08,1664.24571669276
West Bank and Gaza,2008,551.75,2035.20234121766
West Bank and Gaza,2009,575.42,2191.78178736868
West Bank and Gaza,2010,599.09,2557.07562356699
West Bank and Gaza,2011,622.76,2880.79843707909
West Bank and Gaza,2012,646.43,3067.43872735614
West Bank and Gaza,2013,670.1,3315.29753909282
West Bank and Gaza,2014,728.41,3352.11259506043
West Bank and Gaza,2015,772.32,3272.15432360708
West Bank and Gaza,2016,723.61,3527.61382413178
West Bank and Gaza,2017,767.61,3620.36048715937
West Bank and Gaza,2018,673.34,3562.33094270256
West Bank and Gaza,2019,720.0,3656.85827137011
West Bank and Gaza,2020,760.0,3233.56863835858
West Bank and Gaza,2021,42.0,3678.63565662194
West Bank and Gaza,2022,572.87,3799.95527015163
Peru,1991,,1527.38879472866
Peru,1992,,1567.40910765128
Peru,1993,,1487.67404314175
Peru,1994,,1879.36657757919
Peru,1995,,2189.53431515311
Peru,1996,5236.0,2226.91682429265
Peru,1997,7550.0,2300.67200774461
Peru,1998,6187.0,2156.39377651613
Peru,1999,6016.0,1916.53397367908
Peru,2000,7170.0,1945.41338451698
Peru,2001,7218.0,1929.57273038846
Peru,2002,6750.0,2007.37019626753
Peru,2003,6900.0,2129.44114197634
Peru,2004,7000.0,2397.25147277714
Peru,2005,7100.0,2706.66947297608
Peru,2006,7300.0,3129.55996496982
Peru,2007,7500.0,3581.0893081917
Peru,2008,7410.4,4197.58444634142
Peru,2009,7600.0,4181.18755462253
Peru,2010,7555.25,5072.11494019615
Peru,2011,7640.67,5861.35793645245
Peru,2012,7554.35,6519.37852981527
Peru,2013,7606.38,6746.80025696601
Peru,2014,7711.81,6667.13410360861
Peru,2015,7797.57,6231.71150338894
Peru,2016,7832.66,6217.03599995447
Peru,2017,7869.42,6736.16693725487
Peru,2018,7902.35,6978.49121548627
Peru,2019,7948.16,7037.00803692604
Peru,2020,7983.25,6133.32552410183
Peru,2021,8056.71,6826.20255614477
Peru,2022,7962.11,7350.63034300417
Peru,2023,7998.01,7887.54185920108
Peru,2024,8028.33,8452.37167056621
Poland,1991,,2235.54108862522
Poland,1992,,2459.02068468253
Poland,1993,,2497.13055936127
Poland,1994,,2874.83163555069
Poland,1995,,3700.95956775144
Poland,1996,,4163.51195431959
Poland,1997,,4137.00831823145
Poland,1998,,4533.5356551781
Poland,1999,,4415.50067547826
Poland,2000,,4520.64100449111
Poland,2001,,5015.23790036613
Poland,2002,,5223.45178967082
Poland,2003,3212.0,5720.81366178104
Poland,2004,2908.0,6711.72715262967
Poland,2005,2971.0,8043.92332253757
Poland,2006,2880.0,9068.85528307627
Poland,2007,6728.0,11272.5293683383
Poland,2008,3821.0,14048.5604672654
Poland,2009,6617.0,11556.3026866026
Poland,2010,29560.0,12567.7317676382
Poland,2011,10812.0,13867.6669408192
Poland,2012,7788.0,13087.420943321
Poland,2013,18608.0,13621.9023794031
Poland,2014,17876.0,14262.2841914116
Poland,2015,6619.0,12637.5220324406
Poland,2016,2539.0,12464.0110508476
Poland,2017,3022.0,13913.3402919927
Poland,2018,120770.0,15658.2120316794
Poland,2019,117530.0,15874.5220531254
Poland,2020,169700.0,16150.9304813473
Poland,2021,181750.0,18635.5104895754
Poland,2022,218940.0,18891.2121169279
Poland,2023,193970.0,22145.2660647429
Poland,2024,192640.0,25103.565661423
Portugal,2018,3100.0,23541.1401075289
Portugal,2019,1660.0,23343.3628970034
Portugal,2020,1540.0,22299.4044062173
Portugal,2021,1480.0,24711.4510062111
Portugal,2022,1120.0,24620.5197587181
Portugal,2023,310.0,27634.6183139773
Portugal,2024,720.0,29292.242104753
Qatar,1991,,15133.4969397069
Qatar,1992,,16280.2938815273
Qatar,1993,,14769.7193322522
Qatar,1994,,14764.8771355222
Qatar,1995,,15822.5090711554
Qatar,1996,,17124.7920861356
Qatar,1997,,20522.8012995179
Qatar,1998,,17665.4408438222
Qatar,1999,1200.0,20233.6846826643
Qatar,2000,1200.0,27535.182940934
Qatar,2001,1200.0,25870.7991864314
Qatar,2002,886.77,27226.6593510117
Qatar,2003,482.0,31602.470865136
Qatar,2004,1224.0,41035.5008380177
Qatar,2005,1347.0,53949.6764091147
Qatar,2006,1000.0,62582.4453138755
Qatar,2007,700.0,65954.3419525051
Qatar,2008,350.0,80781.4039187792
Qatar,2009,87.6,60785.7351551657
Qatar,2010,52.0,76462.6119486736
Qatar,2011,9.0,103261.510293068
Qatar,2012,119.0,108470.387023229
Qatar,2013,361.0,103697.062789144
Qatar,2014,15.0,95840.6898934238
Qatar,2015,48.6,68985.2433380102
Qatar,2016,125.4,61253.6217997091
Qatar,2017,121.0,63279.8767486216
Qatar,2018,190.0,71039.9308240078
Qatar,2019,162.0,66841.3623185691
Qatar,2020,288.0,51683.5681078949
Qatar,2021,129.0,71751.9363398856
Qatar,2022,1.0,88701.4689763536
Qatar,2023,0.0,81816.9797967481
Qatar,2024,0.0,76688.6941743178
"Korea, Rep.",1961,0.0,94.2045938667769
"Korea, Rep.",1962,0.0,106.623915747203
"Korea, Rep.",1963,0.0,147.00790480127
"Korea, Rep.",1964,0.0,124.24136735879
"Korea, Rep.",1965,0.0,109.429276511316
"Korea, Rep.",1966,0.0,134.431383763277
"Korea, Rep.",1967,0.0,162.459907730169
"Korea, Rep.",1968,0.0,199.982134957643
"Korea, Rep.",1969,0.0,245.494385222026
"Korea, Rep.",1970,0.0,281.785631415674
"Korea, Rep.",1971,0.0,304.271118680953
"Korea, Rep.",1972,0.0,328.021411521648
"Korea, Rep.",1973,0.0,412.499262547237
"Korea, Rep.",1974,200.0,572.488691764846
"Korea, Rep.",1975,590.0,627.142244323246
"Korea, Rep.",1976,1040.0,847.205737881176
"Korea, Rep.",1977,1788.0,1072.85188247153
"Korea, Rep.",1978,734.0,1428.88714989064
"Korea, Rep.",1979,841.0,1813.9142168105
"Korea, Rep.",1980,701.0,1745.57662116658
"Korea, Rep.",1981,681.0,1918.41779613494
"Korea, Rep.",1982,2313.0,2032.25817758667
"Korea, Rep.",1983,2007.0,2245.56009425258
"Korea, Rep.",1984,2085.0,2468.68667303898
"Korea, Rep.",1985,1277.0,2542.88419005153
"Korea, Rep.",1986,1837.0,2910.82908054352
"Korea, Rep.",1987,5352.0,3657.71773432329
"Korea, Rep.",1988,1425.0,4888.68509195605
"Korea, Rep.",1989,1644.0,5989.2109474999
"Korea, Rep.",1990,2169.0,6812.9019416767
"Korea, Rep.",1991,2207.0,7872.65052449111
"Korea, Rep.",1992,2138.0,8387.16308258471
"Korea, Rep.",1993,937.0,9179.96872485152
"Korea, Rep.",1994,975.0,10733.9888860657
"Korea, Rep.",1995,1859.0,13001.7205867019
"Korea, Rep.",1996,3071.0,13864.9376534518
"Korea, Rep.",1997,2305.0,12821.6893313675
"Korea, Rep.",1998,2676.0,8583.43557499234
"Korea, Rep.",1999,2151.0,11062.5019301357
"Korea, Rep.",2000,2918.0,12710.2995795579
"Korea, Rep.",2001,3922.0,11981.4828218758
"Korea, Rep.",2002,4121.0,13642.9424537101
"Korea, Rep.",2003,4042.0,15211.5483770422
"Korea, Rep.",2004,3469.0,17121.6301633201
"Korea, Rep.",2005,5196.0,20167.0474902506
"Korea, Rep.",2006,8152.0,22609.7059431449
"Korea, Rep.",2007,7620.0,25078.4853957105
"Korea, Rep.",2008,5557.0,22252.3125108061
"Korea, Rep.",2009,4905.0,19937.3029137734
"Korea, Rep.",2010,9075.0,24071.2620526362
"Korea, Rep.",2011,10441.0,26175.2398553363
"Korea, Rep.",2012,14993.0,26600.5477433903
"Korea, Rep.",2013,12634.0,28449.3591104972
"Korea, Rep.",2014,14967.0,30667.0912467447
"Korea, Rep.",2015,17723.0,30171.7906545222
"Korea, Rep.",2016,14074.0,30832.0628072516
"Korea, Rep.",2017,11756.0,33296.9845439195
"Korea, Rep.",2018,9738.0,35363.9508228687
"Korea, Rep.",2019,22039.0,33826.9443301597
"Korea, Rep.",2020,19677.0,33645.7719545073
"Korea, Rep.",2021,16205.0,37518.4635305697
"Korea, Rep.",2022,21882.0,34822.4048404971
"Korea, Rep.",2023,22020.23,35674.095995632
"Korea, Rep.",2024,21538.24,36238.639908315
Romania,1961,0.0,
Romania,1962,0.0,
Romania,1963,0.0,
Romania,1964,0.0,
Romania,1965,0.0,
Romania,1966,0.0,
Romania,1967,0.0,
Romania,1968,0.0,
Romania,1969,0.0,
Romania,1970,0.0,
Romania,1971,0.0,
Romania,1972,0.0,
Romania,1973,0.0,
Romania,1974,0.0,
Romania,1975,0.0,
Romania,1976,0.0,
Romania,1977,200.0,
Romania,1978,100.0,
Romania,1979,100.0,
Romania,1980,100.0,
Romania,1981,200.0,
Romania,1982,600.0,
Romania,1983,1000.0,
Romania,1984,1500.0,
Romania,1985,300.0,
Romania,1986,200.0,
Romania,1987,300.0,1658.75873899995
Romania,1988,300.0,1753.19285632198
Romania,1989,330.0,1789.64455528113
Romania,1990,1370.0,1648.48522974542
Romania,1991,4063.0,1254.3124421298
Romania,1992,3427.0,1102.10378473246
Romania,1993,2812.0,1158.05632799712
Romania,1994,1330.0,1323.03237766927
Romania,1995,1260.0,1650.04922365201
Romania,1996,2239.0,1633.01064354117
Romania,1997,1189.0,1577.33656023974
Romania,1998,1354.0,1852.5549693339
Romania,1999,1402.0,1599.90622808339
Romania,2000,354.0,1659.92904910528
Romania,2001,1465.0,1825.19299373184
Romania,2002,1660.0,2119.85509684554
Romania,2003,2383.0,2679.40626016154
Romania,2004,3280.0,3494.99056448955
Romania,2005,2741.46,4618.00350802913
Romania,2006,1802.0,5757.53127301178
Romania,2007,2327.0,8360.33775916596
Romania,2008,2853.0,10435.1561230787
Romania,2009,2206.0,8548.4543409242
Romania,2010,5878.0,8399.5374234284
Romania,2011,6293.0,9560.6755277458
Romania,2012,7169.0,8929.95366231474
Romania,2013,6264.0,9497.67411615237
Romania,2014,6951.0,10031.7710755404
Romania,2015,3784.0,8977.01748158196
Romania,2016,7365.0,9404.54005870715
Romania,2017,6016.0,10727.9822007426
Romania,2018,5490.0,12416.134317959
Romania,2019,1400.0,12909.6104013244
Romania,2020,1390.0,13009.1770573223
Romania,2021,2730.0,14907.9803652143
Romania,2022,1870.0,15503.551804598
Romania,2023,4060.0,18244.4186876321
Romania,2024,2290.0,20080.2096215595
Russian Federation,1992,20000.0,3098.802734375
Russian Federation,1993,30000.0,2930.67016601563
Russian Federation,1994,31650.09,2662.10400390625
Russian Federation,1995,38000.0,2665.77978515625
Russian Federation,1996,42000.0,2643.92919921875
Russian Federation,1997,28000.0,2737.57202148438
Russian Federation,1998,36000.0,1834.86181640625
Russian Federation,1999,20000.0,1330.75720214844
Russian Federation,2000,19500.0,1771.59411621094
Russian Federation,2001,16000.0,2100.3525390625
Russian Federation,2002,15000.0,2377.52954101563
Russian Federation,2003,12000.0,2975.123046875
Russian Federation,2004,15000.0,4102.36474609375
Russian Federation,2005,7000.0,5323.455078125
Russian Federation,2006,21000.0,6920.19970703125
Russian Federation,2007,23000.0,9101.2392578125
Russian Federation,2008,33000.0,11635.2841796875
Russian Federation,2009,34000.0,8562.82421875
Russian Federation,2010,30031.41,10674.990234375
Russian Federation,2011,20750.18,14305.33203125
Russian Federation,2012,18926.66,15401.8515625
Russian Federation,2013,17522.67,15941.4482421875
Russian Federation,2014,16459.36,14055.47265625
Russian Federation,2015,15388.24,9277.7138671875
Russian Federation,2016,16130.48,8663.158203125
Russian Federation,2017,18155.67,10658.9130859375
Russian Federation,2018,19761.32,11211.8876953125
Russian Federation,2019,23000.0,11447.701171875
Russian Federation,2020,20784.59,10108.3271484375
Russian Federation,2021,20396.87,12425.029296875
Russian Federation,2022,20000.0,15619.6142578125
Russian Federation,2023,30000.0,14159.3876953125
Russian Federation,2024,25987.87,14889.0185546875
Saudi Arabia,2019,,29566.7933827436
Saudi Arabia,2020,69175.0,24338.8307301067
Saudi Arabia,2021,69729.0,31920.7653655643
Saudi Arabia,2022,73379.0,38510.2276211037
Saudi Arabia,2023,158371.49,36156.848337701
Saudi Arabia,2024,92663.62,35121.6628687742
Senegal,1961,6500.0,308.166383753301
Senegal,1962,6000.0,307.092565107939
Senegal,1963,5500.0,308.629849224244
Senegal,1964,3000.0,317.850426568454
Senegal,1965,3000.0,314.318146394326
Senegal,1966,4700.0,314.534344145945
Senegal,1967,6100.0,305.22048105837
Senegal,1968,3400.0,311.196146846683
Senegal,1969,4370.0,287.253148792203
Senegal,1970,3391.0,290.486425297989
Senegal,1971,4200.0,291.08835742165
Senegal,1972,4200.0,341.835352336553
Senegal,1973,2528.0,381.439007163828
Senegal,1974,3908.0,417.407600285381
Senegal,1975,3943.0,547.378148664851
Senegal,1976,3900.0,540.594007051938
Senegal,1977,2604.0,540.126849249781
Senegal,1978,2673.0,589.134045255614
Senegal,1979,1327.0,716.281436518959
Senegal,1980,1500.0,771.533969550579
Senegal,1981,1500.0,682.972070210382
Senegal,1982,1500.0,651.93712330983
Senegal,1983,2000.0,564.369336303935
Senegal,1984,4000.0,536.231765402514
Senegal,1985,4883.0,571.417166069201
Senegal,1986,2641.0,783.940524706279
Senegal,1987,3175.0,916.09484148409
Senegal,1988,2968.0,880.487755138196
Senegal,1989,1402.0,848.555548058968
Senegal,1990,690.0,957.314337438177
Senegal,1991,,913.399575796737
Senegal,1992,,951.204960087807
Senegal,1993,,877.52900343803
Senegal,1994,,583.782776032181
Senegal,1995,,714.994396357297
Senegal,1996,,723.469950081149
Senegal,1997,,650.776321407448
Senegal,1998,,684.588105785786
Senegal,1999,,677.516338727268
Senegal,2000,,603.233162455158
Senegal,2001,,637.213530563724
Senegal,2002,,669.430447319209
Senegal,2003,,817.888034221442
Senegal,2004,,918.102079522155
Senegal,2005,,979.846101520171
Senegal,2006,,1017.20196747987
Senegal,2007,,1188.93877808175
Senegal,2008,,1398.79218010021
Senegal,2009,,1308.69404336205
Senegal,2010,,1275.88357492357
Senegal,2011,,1374.67591873844
Senegal,2012,,1326.83798848379
Senegal,2013,,1379.83196553924
Senegal,2014,,1398.89137601382
Senegal,2015,,1218.00613555438
Senegal,2016,,1266.43957151587
Senegal,2017,,1356.80518449031
Senegal,2018,,1452.55612562445
Senegal,2019,,1431.18128932159
Senegal,2020,,1461.08720350553
Senegal,2021,,1598.10676952274
Senegal,2022,,1574.0281059306
Senegal,2023,,1698.03387300843
Senegal,2024,,1773.21829923448
Serbia,2006,1000.0,4492.7136699046
Serbia,2007,1000.0,6081.08765700202
Serbia,2008,1000.0,7376.73517910716
Serbia,2009,3700.0,6414.0448463847
Serbia,2010,3000.0,5970.92660940072
Serbia,2011,4800.0,7082.2861666075
Serbia,2012,7000.0,6263.04086072815
Serbia,2013,7000.0,7040.41812068781
Serbia,2014,8490.41,6886.67809068704
Serbia,2015,10217.0,5820.3215576888
Serbia,2016,15181.0,5982.37030126471
Serbia,2017,14501.0,6548.03653824187
Serbia,2018,10986.0,7559.86165747394
Serbia,2019,12537.13,7755.632986437
Serbia,2020,17568.13,8098.70955668849
Serbia,2021,12611.0,9680.52798074468
Serbia,2022,10822.0,10024.8191112596
Serbia,2023,12413.63,12281.707946167
Serbia,2024,12823.76,13679.2065983557
Sierra Leone,1961,800.0,142.275127657602
Sierra Leone,1962,850.0,146.32194986298
Sierra Leone,1963,850.0,146.309626743915
Sierra Leone,1964,900.0,153.377740974545
Sierra Leone,1965,950.0,145.576540628849
Sierra Leone,1966,1000.0,149.317655188564
Sierra Leone,1967,950.0,136.121402178747
Sierra Leone,1968,950.0,126.308899122773
Sierra Leone,1969,950.0,153.564115961571
Sierra Leone,1970,923.0,160.164147056907
Sierra Leone,1971,850.0,151.83336869958
Sierra Leone,1972,800.0,165.357917863636
Sierra Leone,1973,800.0,200.641699774769
Sierra Leone,1974,850.0,222.085173234717
Sierra Leone,1975,850.0,228.374681042069
Sierra Leone,1976,850.0,196.411784759207
Sierra Leone,1977,900.0,224.21335896988
Sierra Leone,1978,900.0,305.427800560744
Sierra Leone,1979,1000.0,345.86913707629
Sierra Leone,1980,1100.0,336.386279506102
Sierra Leone,1981,1100.0,333.887542728491
Sierra Leone,1982,1150.0,380.074041189746
Sierra Leone,1983,1150.0,285.814326139727
Sierra Leone,1984,1100.0,305.576232491583
Sierra Leone,1985,1150.0,235.510529343624
Sierra Leone,1986,1150.0,131.473041005587
Sierra Leone,1987,1150.0,172.364214833661
Sierra Leone,1988,1100.0,268.160979625957
Sierra Leone,1989,1200.0,231.275622974338
Sierra Leone,1990,1200.0,154.794072467618
Sierra Leone,1991,1200.0,183.686515027567
Sierra Leone,1992,1200.0,163.197571684381
Sierra Leone,1993,1140.0,184.951609154872
Sierra Leone,1994,3000.0,218.507275126222
Sierra Leone,1995,2000.0,208.351997250955
Sierra Leone,1996,2500.0,224.258711163044
Sierra Leone,1997,2900.0,199.880001395777
Sierra Leone,1998,2100.0,156.51811883387
Sierra Leone,1999,1900.0,155.020833269007
Sierra Leone,2000,2700.0,143.743743239644
Sierra Leone,2001,3100.0,358.315716051546
Sierra Leone,2002,3300.0,388.995111216836
Sierra Leone,2003,3400.0,413.817607346927
Sierra Leone,2004,3500.0,417.749983329227
Sierra Leone,2005,4640.0,462.633324427945
Sierra Leone,2006,4800.0,580.26796974773
Sierra Leone,2007,6400.0,631.889926264998
Sierra Leone,2008,8000.0,705.359014080005
Sierra Leone,2009,7776.54,652.845806767943
Sierra Leone,2010,8178.6,685.039673490948
Sierra Leone,2011,8406.07,761.146365577281
Sierra Leone,2012,8883.79,937.504428180231
Sierra Leone,2013,9151.54,1117.47183075115
Sierra Leone,2014,9617.47,1117.7586465721
Sierra Leone,2015,10453.99,964.575980888989
Sierra Leone,2016,9741.0,844.416411175476
Sierra Leone,2017,9995.63,779.186007841728
Sierra Leone,2018,10219.14,845.914540460932
Sierra Leone,2019,10397.17,843.712517809977
Sierra Leone,2020,11645.95,845.277557920549
Sierra Leone,2021,12910.78,885.396401885395
Sierra Leone,2022,13941.45,860.371067916096
Sierra Leone,2023,16365.91,758.329137378248
Sierra Leone,2024,15905.76,806.654650417726
Slovak Republic,1993,500.0,3143.10143068756
Slovak Republic,1994,819.36,3820.96427542658
Slovak Republic,1995,807.67,4882.51158238228
Slovak Republic,1996,796.73,5247.70081044708
Slovak Republic,1997,600.0,5172.41757491248
Slovak Republic,1998,813.64,5560.916177503
Slovak Republic,1999,1200.0,5651.62327514236
Slovak Republic,2000,1800.0,5421.6448441887
Slovak Republic,2001,1000.0,5712.47802761654
Slovak Republic,2002,1850.0,6554.62808369461
Slovak Republic,2003,900.0,8675.39633696465
Slovak Republic,2004,4241.0,10650.1290097126
Slovak Republic,2005,251.0,11641.5410321763
Slovak Republic,2006,99.0,13167.8954730379
Slovak Republic,2007,557.0,16110.4817265237
Slovak Republic,2008,227.0,18744.3192278346
Slovak Republic,2009,3098.0,16586.7527805228
Slovak Republic,2010,250.0,16899.448680529
Slovak Republic,2011,60.0,18469.4354316836
Slovak Republic,2012,27.0,17516.9691054078
Slovak Republic,2013,19.0,18312.7805149823
Slovak Republic,2014,120.0,18770.9289896545
Slovak Republic,2015,15.0,16442.0760860018
Slovak Republic,2016,158.0,16636.0769133073
Slovak Republic,2017,342.0,17645.5298716761
Slovak Republic,2018,1880.0,19573.3717031314
Slovak Republic,2019,1840.0,19406.0589683582
Slovak Republic,2020,1750.0,19735.4858280801
Slovak Republic,2021,2020.0,22123.3342114545
Slovak Republic,2022,1830.0,21317.7943982363
Slovak Republic,2023,3180.0,24614.8734642794
Slovak Republic,2024,1810.0,25992.6748502048
Slovenia,1992,189.0,7151.15243829224
Slovenia,1993,114.0,7254.58887417768
Slovenia,1994,60.0,8243.89895545106
Slovenia,1995,199.0,10738.0887611468
Slovenia,1996,271.0,10796.7399446283
Slovenia,1997,135.0,10436.7260661871
Slovenia,1998,150.0,11131.5666628231
Slovenia,1999,131.0,11401.4906790909
Slovenia,2000,142.0,10135.7219109212
Slovenia,2001,395.0,10375.6255869861
Slovenia,2002,95.0,11639.1297780477
Slovenia,2003,210.0,14711.674874253
Slovenia,2004,211.0,17103.8297783905
Slovenia,2005,669.0,17969.7095907161
Slovenia,2006,1243.0,19563.005059144
Slovenia,2007,995.0,23725.1596001515
Slovenia,2008,1273.0,27461.9764165315
Slovenia,2009,1284.0,24501.7897290425
Slovenia,2010,545.0,23329.8417691156
Slovenia,2011,849.0,24940.6284841605
Slovenia,2012,989.0,22442.1417859955
Slovenia,2013,1166.0,23236.9655321695
Slovenia,2014,2171.0,24013.0682060959
Slovenia,2015,1254.0,20697.2748530619
Slovenia,2016,840.0,21447.8377796036
Slovenia,2017,671.0,23303.077705959
Slovenia,2018,4710.0,25888.0481065655
Slovenia,2019,3690.0,25814.1687167572
Slovenia,2020,4310.0,25392.0651093612
Slovenia,2021,4570.0,29192.8401933019
Slovenia,2022,3570.0,28360.3041467268
Slovenia,2023,3160.0,32660.4753581346
Slovenia,2024,3910.0,34301.0318686594
South Africa,1961,3000.0,545.657511922673
South Africa,1962,3000.0,563.423008817945
South Africa,1963,3000.0,604.536855270991
South Africa,1964,3000.0,645.873375685446
South Africa,1965,3000.0,684.62122774035
South Africa,1966,3000.0,721.75375941418
South Africa,1967,3000.0,778.839335829791
South Africa,1968,3000.0,817.128340614066
South Africa,1969,3000.0,890.922089102936
South Africa,1970,3000.0,952.352188073537
South Africa,1971,3000.0,1020.43983590718
South Africa,1972,3000.0,1038.39407468283
South Africa,1973,3000.0,1369.16160033933
South Africa,1974,3000.0,1656.2890557998
South Africa,1975,5000.0,1670.11816898954
South Africa,1976,5000.0,1558.99824733487
South Africa,1977,5000.0,1671.46618837272
South Africa,1978,5000.0,1851.75191300848
South Africa,1979,5000.0,2201.51922339868
South Africa,1980,5000.0,3028.97447561832
South Africa,1981,8000.0,3049.71474333882
South Africa,1982,8000.0,2717.16388710425
South Africa,1983,8000.0,2938.48980239675
South Africa,1984,8000.0,2504.07736790289
South Africa,1985,8000.0,1839.4841908184
South Africa,1986,8000.0,2027.4662038189
South Africa,1987,8000.0,2586.27423314228
South Africa,1988,10000.0,2702.05504774508
South Africa,1989,10000.0,2726.70980679488
South Africa,1990,7534.0,3093.48920352334
South Africa,1991,6499.63,3243.23616023953
South Africa,1992,8000.0,3462.39400202835
South Africa,1993,10000.0,3399.64009566241
South Africa,1994,20000.0,3488.59711541763
South Africa,1995,24689.94,3855.6340871567
South Africa,1996,23884.07,3617.55336002932
South Africa,1997,26013.07,3700.23554789867
South Africa,1998,30000.0,3309.60933087472
South Africa,1999,26591.21,3242.36830483958
South Africa,2000,25072.85,3217.84693448467
South Africa,2001,25000.0,2847.15191945908
South Africa,2002,20000.0,2688.23676032806
South Africa,2003,20346.89,4062.21755993786
South Africa,2004,20684.11,5221.46333731721
South Africa,2005,20963.45,5836.87663325127
South Africa,2006,21254.13,6077.38293388876
South Africa,2007,22000.0,6591.85535960564
South Africa,2008,20901.25,6184.75474328399
South Africa,2009,20077.82,6374.70560042992
South Africa,2010,18574.5,7973.47195771517
South Africa,2011,17900.0,8646.05571071635
South Africa,2012,18500.0,8076.97678479741
South Africa,2013,19000.0,7331.65467384919
South Africa,2014,17698.22,6856.73137092522
South Africa,2015,12267.72,6112.27382485974
South Africa,2016,12500.0,5651.20585165749
South Africa,2017,12000.0,6618.33508255701
South Africa,2018,13000.0,6914.1780318076
South Africa,2019,13000.0,6533.71121032856
South Africa,2020,12291.27,5580.60383075189
South Africa,2021,12763.76,6828.75624590017
South Africa,2022,12685.01,6534.24867783397
South Africa,2023,12580.01,6034.27208964673
South Africa,2024,12676.26,6267.186814093
Spain,1990,14326.8,13795.0159385128
Spain,1991,15261.44,14801.3226152172
Spain,1992,16196.07,16100.6799428032
Spain,1993,17130.71,13330.3798192211
Spain,1994,18065.34,13405.704414883
Spain,1995,18999.98,15460.9110266653
Spain,1996,19934.61,16100.6215831114
Spain,1997,20869.25,14722.3717633536
Spain,1998,21803.88,15382.3348573373
Spain,1999,22957.04,15707.9473068138
Spain,2000,25967.63,14743.2671031455
Spain,2001,28978.22,15368.2337984435
Spain,2002,31941.89,17111.0685058941
Spain,2003,32928.48,21522.0170990262
Spain,2004,33739.0,24925.0267844576
Spain,2005,15709.0,26450.9530130382
Spain,2006,53073.0,28421.686527407
Spain,2007,54559.0,32652.015594702
Spain,2008,58213.0,35603.248328071
Spain,2009,55708.0,32279.8208476151
Spain,2010,53212.0,30658.7422282912
Spain,2011,56702.0,31824.6219134777
Spain,2012,49661.0,28456.4438151477
Spain,2013,68101.0,29228.846559842
Spain,2014,41349.72,29707.765509467
Spain,2015,36758.35,25982.4416197775
Spain,2016,15412.0,26755.6061149398
Spain,2017,4284.0,28381.3425596906
Spain,2018,17650.0,30602.4212881113
Spain,2019,25850.0,29786.5245689007
Spain,2020,31750.0,27233.9426461608
Spain,2021,27860.0,30799.4775937775
Spain,2022,5510.0,30319.4987196616
Spain,2023,13400.0,33493.2225409111
Spain,2024,11340.0,35326.7683069278
Switzerland,1991,,39544.4946826768
Switzerland,1992,,40713.6881521435
Switzerland,1993,,39237.1186558781
Switzerland,1994,,43091.7770970073
Switzerland,1995,,50113.8321221345
Switzerland,1996,,48092.6433036512
Switzerland,1997,,41584.441782159
Switzerland,1998,,42680.5867322391
Switzerland,1999,,41695.6912912021
Switzerland,2000,,38865.021939688
Switzerland,2001,,39638.7911061864
Switzerland,2002,,42458.7384679187
Switzerland,2003,,49335.7456291067
Switzerland,2004,,54659.4571488233
Switzerland,2005,,56242.8933645639
Switzerland,2006,600.0,59011.0324592016
Switzerland,2007,797.0,64989.1553256031
Switzerland,2008,827.0,74175.1927898555
Switzerland,2009,404.0,71568.3123885672
Switzerland,2010,418.0,76531.3729407691
Switzerland,2011,386.67,90476.7589651577
Switzerland,2012,345.46,85836.2076767359
Switzerland,2013,273.65,87304.3305813557
Switzerland,2014,239.67,88724.9909402638
Switzerland,2015,189.14,83806.4476003837
Switzerland,2016,82.0,82153.0745447889
Switzerland,2017,96.0,82254.3769269767
Switzerland,2018,87.0,85217.3691512274
Switzerland,2019,805.0,84121.9310304414
Switzerland,2020,825.0,85897.7843338323
Switzerland,2021,575.0,93664.7736696111
Switzerland,2022,624.0,94394.5106803525
Switzerland,2023,659.0,100623.549627296
Switzerland,2024,543.0,103998.186685604
Thailand,1961,0.0,109.728794269464
Thailand,1962,0.0,116.179493337844
Thailand,1963,0.0,120.658598748696
Thailand,1964,0.0,128.642226903734
Thailand,1965,0.0,140.899873696781
Thailand,1966,0.0,164.533414431069
Thailand,1967,0.0,170.666971518706
Thailand,1968,0.0,178.839752885801
Thailand,1969,300.0,191.438734515692
Thailand,1970,600.0,197.097903475424
Thailand,1971,1200.0,199.662201986255
Thailand,1972,1800.0,215.582022917854
Thailand,1973,2500.0,278.285062967675
Thailand,1974,3500.0,342.978897633446
Thailand,1975,4000.0,363.526350179478
Thailand,1976,5000.0,405.408734060752
Thailand,1977,9000.0,461.659141640678
Thailand,1978,8000.0,548.233113208345
Thailand,1979,7000.0,612.08876018577
Thailand,1980,8000.0,708.729450091584
Thailand,1981,12000.0,748.156726132308
Thailand,1982,14000.0,770.398953205891
Thailand,1983,10000.0,826.932302137698
Thailand,1984,11000.0,846.934168430884
Thailand,1985,11000.0,773.823923674613
Thailand,1986,11000.0,842.098436226451
Thailand,1987,11000.0,970.452522513385
Thailand,1988,13500.0,1164.20096229495
Thailand,1989,14000.0,1341.72978395303
Thailand,1990,14000.0,1559.11209344755
Thailand,1991,15643.0,1765.62267359529
Thailand,1992,20432.0,1971.60879910694
Thailand,1993,25000.0,2245.13688708983
Thailand,1994,30000.0,2517.70732641683
Thailand,1995,30224.48,2864.36515719866
Thailand,1996,30500.0,3054.65690806473
Thailand,1997,32000.0,2473.14096982086
Thailand,1998,33000.0,1847.70379269771
Thailand,1999,40000.0,2033.24490520569
Thailand,2000,50000.0,2005.97694514234
Thailand,2001,64000.0,1889.93432467144
Thailand,2002,66000.0,2089.75183111554
Thailand,2003,70000.0,2347.54001286066
Thailand,2004,75000.0,2641.56268717857
Thailand,2005,86000.0,2867.70383436062
Thailand,2006,105000.0,3331.32043511773
Thailand,2007,185000.0,3918.52817434581
Thailand,2008,185000.0,4309.13509292986
Thailand,2009,200000.0,4135.43986952819
Thailand,2010,210000.0,4973.86288823778
Thailand,2011,205000.0,5373.6232832898
Thailand,2012,215000.0,5725.52802835463
Thailand,2013,220000.0,6018.08244729255
Thailand,2014,228851.64,5801.1978916205
Thailand,2015,260516.92,5688.85335397884
Thailand,2016,236456.19,5833.57715617098
Thailand,2017,235420.42,6413.09182530343
Thailand,2018,235048.65,7099.77650081458
Thailand,2019,237814.34,7605.69657797759
Thailand,2020,240791.08,6985.64393892574
Thailand,2021,246643.14,7057.20754802279
Thailand,2022,247127.36,6909.35281815827
Thailand,2023,248963.27,7195.10130919449
Thailand,2024,250799.18,7346.62022142185
Togo,1961,2000.0,104.830748893841
Togo,1962,9938.0,107.761209503061
Togo,1963,11940.0,114.616211257053
Togo,1964,7000.0,130.069304471372
Togo,1965,8000.0,142.685102972499
Togo,1966,5000.0,159.095922113344
Togo,1967,1930.0,163.944828440613
Togo,1968,1000.0,164.256944901945
Togo,1969,2000.0,174.653254091407
Togo,1970,3000.0,159.778184212523
Togo,1971,4000.0,174.569696910771
Togo,1972,4000.0,198.7610542599
Togo,1973,4000.0,234.418057538789
Togo,1974,5000.0,315.097902810358
Togo,1975,5000.0,338.605700917386
Togo,1976,5200.0,331.595624501807
Togo,1977,6000.0,406.342301359026
Togo,1978,5000.0,420.507009475158
Togo,1979,5000.0,443.461428487243
Togo,1980,5000.0,549.433466591605
Togo,1981,5000.0,451.047897242509
Togo,1982,5000.0,372.494829726432
Togo,1983,6000.0,335.532470799693
Togo,1984,5000.0,304.296330488676
Togo,1985,5000.0,312.867204158294
Togo,1986,6237.0,422.277296555811
Togo,1987,4653.0,482.289598775121
Togo,1988,3192.0,516.536238879357
Togo,1989,969.0,491.999321055752
Togo,1990,839.0,575.094511928654
Togo,1991,2500.0,549.808011573
Togo,1992,3920.0,564.71733648074
Togo,1993,4742.0,414.013995214907
Togo,1994,7353.0,328.600956079736
Togo,1995,3075.0,419.220334892756
Togo,1996,11529.0,452.068436882428
Togo,1997,9347.0,448.001096915436
Togo,1998,9868.0,461.158245854911
Togo,1999,3750.0,445.291484100954
Togo,2000,3386.0,409.889802792768
Togo,2001,4299.0,396.692654520135
Togo,2002,1444.0,445.238691488925
Togo,2003,4586.0,538.16537776929
Togo,2004,2061.0,560.266308533382
Togo,2005,2772.0,551.259850017077
Togo,2006,989.0,552.50227125256
Togo,2007,1000.0,607.587886721352
Togo,2008,906.0,718.948386717473
Togo,2009,1611.0,720.693768151415
Togo,2010,1689.0,704.986772286079
Togo,2011,1200.0,783.988944671672
Togo,2012,3106.0,762.39162379069
Togo,2013,3840.0,826.542799987227
Togo,2014,4756.0,855.584809246574
Togo,2015,4588.0,751.051987587248
Togo,2016,3146.0,772.581357620609
Togo,2017,,792.765700965864
Togo,2018,,851.120561233595
Togo,2019,,826.255209019798
Togo,2020,,863.468665870276
Togo,2021,,962.075187515872
Togo,2022,,951.232378690387
Togo,2023,,1055.01727877926
Togo,2024,,1119.38160509429
Tunisia,1961,20000.0,200.671835449762
Tunisia,1962,20000.0,201.419166932165
Tunisia,1963,30000.0,231.91940785127
Tunisia,1964,41000.0,228.484793689273
Tunisia,1965,80000.0,217.269013478937
Tunisia,1966,45000.0,223.750680246593
Tunisia,1967,36000.0,228.044765187406
Tunisia,1968,45000.0,248.91225549272
Tunisia,1969,19000.0,257.738832521682
Tunisia,1970,22000.0,280.476910228346
Tunisia,1971,17000.0,320.272102901124
Tunisia,1972,15000.0,414.626612581104
Tunisia,1973,13000.0,493.172121667472
Tunisia,1974,10000.0,623.75935280482
Tunisia,1975,12400.0,741.35491566103
Tunisia,1976,15000.0,751.741946408618
Tunisia,1977,17000.0,829.983963323177
Tunisia,1978,18000.0,945.964678061001
Tunisia,1979,18000.0,1113.44445018775
Tunisia,1980,19000.0,1323.62643763339
Tunisia,1981,19000.0,1247.12801268551
Tunisia,1982,20000.0,1177.30518554913
Tunisia,1983,22000.0,1183.8417233031
Tunisia,1984,18000.0,1143.2812867658
Tunisia,1985,20000.0,1134.99813055736
Tunisia,1986,12000.0,1186.50651525734
Tunisia,1987,15000.0,1244.76663577347
Tunisia,1988,15000.0,1266.07583258953
Tunisia,1989,15000.0,1239.23860226784
Tunisia,1990,17347.0,1476.43160477311
Tunisia,1991,20307.87,1537.87916511306
Tunisia,1992,20000.0,1784.81850188268
Tunisia,1993,21644.55,1649.18537309075
Tunisia,1994,22000.0,1733.46614673506
Tunisia,1995,25000.0,1968.16600944373
Tunisia,1996,26535.29,2107.40815649257
Tunisia,1997,28068.01,2202.06090620956
Tunisia,1998,30000.0,2285.01933541864
Tunisia,1999,31069.98,2376.06566791596
Tunisia,2000,32488.94,2199.04465936314
Tunisia,2001,35000.0,2235.71981624751
Tunisia,2002,34625.53,2320.7723805785
Tunisia,2003,35389.89,2725.8643148859
Tunisia,2004,37000.0,3067.41936376975
Tunisia,2005,35845.83,3146.8260743927
Tunisia,2006,34764.82,3322.56933570096
Tunisia,2007,33903.65,3726.91672935667
Tunisia,2008,33179.59,4255.05008019523
Tunisia,2009,31582.57,4080.09032448781
Tunisia,2010,31113.29,4291.86120891575
Tunisia,2011,30656.74,4420.64772206537
Tunisia,2012,30000.0,4297.26782454273
Tunisia,2013,30000.0,4369.79345826358
Tunisia,2014,30000.0,4458.97895464547
Tunisia,2015,29000.0,4014.94773686432
Tunisia,2016,34000.0,3847.80354448809
Tunisia,2017,31000.0,3619.03247319953
Tunisia,2018,31000.0,3628.10366464236
Tunisia,2019,26000.0,3528.87213306798
Tunisia,2020,28000.0,3548.65363663803
Tunisia,2021,30000.0,3906.93926319391
Tunisia,2022,32000.0,3707.29283414381
Tunisia,2023,28000.0,3951.11683376921
Tunisia,2024,29000.0,4181.13789301228
Ukraine,1992,2000.0,1413.24011230469
Ukraine,1993,4000.0,1254.02868652344
Ukraine,1994,39734.91,1009.09405517578
Ukraine,1995,40000.0,933.191772460938
Ukraine,1996,11400.0,869.846069335938
Ukraine,1997,44100.0,987.489807128906
Ukraine,1998,47700.0,831.336791992188
Ukraine,1999,41091.0,631.910461425781
Ukraine,2000,26900.0,653.294311523438
Ukraine,2001,22220.0,800.49072265625
Ukraine,2002,36930.0,903.011901855469
Ukraine,2003,30300.0,1076.48156738281
Ukraine,2004,28000.0,1401.01806640625
Ukraine,2005,10000.0,1875.33508300781
Ukraine,2006,7100.0,2366.494140625
Ukraine,2007,3400.0,3160.32763671875
Ukraine,2008,7200.0,4017.806640625
Ukraine,2009,3500.0,2607.08764648438
Ukraine,2010,5800.0,3039.63232421875
Ukraine,2011,6000.0,3656.69799804688
Ukraine,2012,11660.0,3951.34228515625
Ukraine,2013,3800.0,4129.89697265625
Ukraine,2014,10370.0,3054.908203125
Ukraine,2015,3700.0,2094.47387695313
Ukraine,2016,6370.0,2158.46118164063
Ukraine,2017,6813.33,2604.28759765625
Ukraine,2018,5627.78,3059.0517578125
Ukraine,2019,6043.68,3619.86157226563
Ukraine,2020,6477.76,3709.76928710938
Ukraine,2021,6514.79,4775.94580078125
Ukraine,2022,6460.57,4199.6708984375
Ukraine,2023,6375.32,5139.59814453125
Ukraine,2024,6100.0,5389.47314453125
Tanzania,1991,,276.452453613281
Tanzania,1992,,250.329925537109
Tanzania,1993,,224.491546630859
Tanzania,1994,15000.0,228.890029907227
Tanzania,1995,14987.42,258.418334960938
Tanzania,1996,15411.46,313.658386230469
Tanzania,1997,15846.14,363.597686767578
Tanzania,1998,16294.34,386.378448486328
Tanzania,1999,16758.33,392.621765136719
Tanzania,2000,16707.07,401.698150634766
Tanzania,2001,17325.3,396.638732910156
Tanzania,2002,17998.5,402.649047851563
Tanzania,2003,18695.38,422.18359375
Tanzania,2004,17000.0,450.385284423828
Tanzania,2005,23000.0,483.334869384766
Tanzania,2006,23500.0,475.746734619141
Tanzania,2007,16500.0,543.198303222656
Tanzania,2008,24500.0,675.977233886719
Tanzania,2009,20000.0,693.823547363281
Tanzania,2010,25000.0,736.530151367188
Tanzania,2011,34000.0,775.392761230469
Tanzania,2012,25000.0,861.969909667969
Tanzania,2013,26000.0,963.05712890625
Tanzania,2014,72000.0,1022.74841308594
Tanzania,2015,57386.52,939.127319335938
Tanzania,2016,51795.51,953.0107421875
Tanzania,2017,60394.01,986.674011230469
Tanzania,2018,56525.34,1023.10626220703
Tanzania,2019,58002.82,1063.32250976563
Tanzania,2020,59112.63,1117.41528320313
Tanzania,2021,57880.27,1159.85656738281
Tanzania,2022,58331.91,1207.52062988281
Tanzania,2023,58441.6,1224.00219726563
Tanzania,2024,58217.92,1186.71691894531
Uzbekistan,1992,,602.920525827048
Uzbekistan,1993,,595.777099596612
Uzbekistan,1994,,574.229079896619
Uzbekistan,1995,,582.54213674034
Uzbekistan,1996,,597.33228695111
Uzbekistan,1997,,620.59129581366
Uzbekistan,1998,,621.048904301242
Uzbekistan,1999,10100.0,697.763539790812
Uzbekistan,2000,7000.0,555.149231099186
Uzbekistan,2001,25000.0,454.415812256778
Uzbekistan,2002,10800.0,381.409296889283
Uzbekistan,2003,19900.0,394.164028897235
Uzbekistan,2004,21500.0,462.171492867885
Uzbekistan,2005,15000.0,542.835808692209
Uzbekistan,2006,24400.0,649.118167003925
Uzbekistan,2007,31000.0,824.028192334768
Uzbekistan,2008,30300.0,1074.72928796701
Uzbekistan,2009,36000.0,1205.7993547038
Uzbekistan,2010,29500.0,1753.20730243278
Uzbekistan,2011,5000.0,2087.86386135694
Uzbekistan,2012,6000.0,2307.34649117185
Uzbekistan,2013,6881.0,2461.97947403595
Uzbekistan,2014,7200.0,2674.9628382103
Uzbekistan,2015,12000.0,2803.19018021751
Uzbekistan,2016,13000.0,2753.37951427589
Uzbekistan,2017,13500.0,2190.60411562888
Uzbekistan,2018,12500.0,1813.08530813664
Uzbekistan,2019,12750.0,2041.38480729431
Uzbekistan,2020,12688.09,1978.28051860763
Uzbekistan,2021,12646.03,2258.51964119278
Uzbekistan,2022,12694.71,2578.66689394219
Uzbekistan,2023,12676.28,2878.96879292451
Uzbekistan,2024,12672.34,3161.70010632875
Zimbabwe,1961,,279.158927151344
Zimbabwe,1962,,275.686274355878
Zimbabwe,1963,,277.147112572228
Zimbabwe,1964,,281.888369368235
Zimbabwe,1965,,294.295520209542
Zimbabwe,1966,,278.709727530089
Zimbabwe,1967,,294.360765229111
Zimbabwe,1968,,302.086211635024
Zimbabwe,1969,,345.754984688223
Zimbabwe,1970,,361.425992338609
Zimbabwe,1971,,405.571258550669
Zimbabwe,1972,,483.378111388597
Zimbabwe,1973,,578.81284112321
Zimbabwe,1974,,674.335381210306
Zimbabwe,1975,,717.130326238498
Zimbabwe,1976,,687.212457369771
Zimbabwe,1977,,677.045095606361
Zimbabwe,1978,,665.358361846219
Zimbabwe,1979,,779.249232367068
Zimbabwe,1980,2500.0,949.011610530352
Zimbabwe,1981,2500.0,1068.92311090177
Zimbabwe,1982,2500.0,1095.88472887835
Zimbabwe,1983,2500.0,959.205194217604
Zimbabwe,1984,2500.0,757.359025240321
Zimbabwe,1985,2500.0,649.27581323637
Zimbabwe,1986,2500.0,692.529276865648
Zimbabwe,1987,2500.0,726.43141011947
Zimbabwe,1988,2500.0,815.89246404532
Zimbabwe,1989,2500.0,840.417972601175
Zimbabwe,1990,1500.0,866.928868406131
Zimbabwe,1991,1500.0,830.961354818769
Zimbabwe,1992,1500.0,631.149149280088
Zimbabwe,1993,1500.0,604.70311652877
Zimbabwe,1994,1500.0,634.062003018813
Zimbabwe,1995,1700.0,648.315259628165
Zimbabwe,1996,1700.0,766.913775859535
Zimbabwe,1997,1700.0,750.583100340929
Zimbabwe,1998,1700.0,552.448328691252
Zimbabwe,1999,1700.0,582.299355588147
Zimbabwe,2000,2000.0,562.833757496076
Zimbabwe,2001,2000.0,566.388746448872
Zimbabwe,2002,2000.0,524.936478570323
Zimbabwe,2003,2000.0,468.471932927213
Zimbabwe,2004,2000.0,469.719298949304
Zimbabwe,2005,2000.0,461.271387547912
Zimbabwe,2006,2250.0,431.034994414964
Zimbabwe,2007,2250.0,413.521244592925
Zimbabwe,2008,2232.51,340.917447588572
Zimbabwe,2009,2210.39,735.821693871697
Zimbabwe,2010,2213.11,902.010759067388
Zimbabwe,2011,2216.46,1037.77565157218
Zimbabwe,2012,2200.0,1239.22709745709
Zimbabwe,2013,2200.0,1362.99498323368
Zimbabwe,2014,2228.21,1372.91526173161
Zimbabwe,2015,2282.57,1387.12632595026
Zimbabwe,2016,2294.65,1408.13945253431
Zimbabwe,2017,2303.16,3445.44941020134
Zimbabwe,2018,2300.94,2270.89531874302
Zimbabwe,2019,2293.44,2184.32923855469
Zimbabwe,2020,2290.28,2059.67445384499
Zimbabwe,2021,2306.29,2613.60542083552
Zimbabwe,2022,2293.19,2536.40050223076
Zimbabwe,2023,2296.52,2195.22492079245
Zimbabwe,2024,2299.86,2497.20332208763
