Domain Code,Domain,Area Code (M49),Area,Element Code,Element,Item Code (CPC),Item,Year Code,Year,Unit,Value,Flag,Flag Description,Note
"QCL","Crops and livestock products","032","Argentina","5510","Production","01199.90","Cereals n.e.c.","1961","1961","t","16000","A","Official figure",""
"QCL","Crops and livestock products","032","Argentina","5510","Production","01199.90","Cereals n.e.c.","1962","1962","t","14000","A","Official figure",""
"QCL","Crops and livestock products","032","Argentina","5510","Production","01199.90","Cereals n.e.c.","1963","1963","t","15000","A","Official figure",""
"QCL","Crops and livestock products","032","Argentina","5510","Production","01199.90","Cereals n.e.c.","1964","1964","t","17000","A","Official figure",""
"QCL","Crops and livestock products","032","Argentina","5510","Production","01199.90","Cereals n.e.c.","1965","1965","t","20000","A","Official figure",""
"QCL","Crops and livestock products","032","Argentina","5510","Production","01199.90","Cereals n.e.c.","1966","1966","t","16800","A","Official figure",""
"QCL","Crops and livestock products","032","Argentina","5510","Production","01199.90","Cereals n.e.c.","1967","1967","t","24400","A","Official figure",""
"QCL","Crops and livestock products","032","Argentina","5510","Production","01199.90","Cereals n.e.c.","1968","1968","t","19900","A","Official figure",""
"QCL","Crops and livestock products","032","Argentina","5510","Production","01199.90","Cereals n.e.c.","1969","1969","t","24900","A","Official figure",""
"QCL","Crops and livestock products","032","Argentina","5510","Production","01199.90","Cereals n.e.c.","1970","1970","t","26700","A","Official figure",""
"QCL","Crops and livestock products","032","Argentina","5510","Production","01199.90","Cereals n.e.c.","1971","1971","t","27500","A","Official figure",""
"QCL","Crops and livestock products","032","Argentina","5510","Production","01199.90","Cereals n.e.c.","1972","1972","t","25000","A","Official figure",""
"QCL","Crops and livestock products","032","Argentina","5510","Production","01199.90","Cereals n.e.c.","1973","1973","t","26000","A","Official figure",""
"QCL","Crops and livestock products","032","Argentina","5510","Production","01199.90","Cereals n.e.c.","1974","1974","t","28800","A","Official figure",""
"QCL","Crops and livestock products","032","Argentina","5510","Production","01199.90","Cereals n.e.c.","1975","1975","t","27800","A","Official figure",""
"QCL","Crops and livestock products","032","Argentina","5510","Production","01199.90","Cereals n.e.c.","1976","1976","t","31900","A","Official figure",""
"QCL","Crops and livestock products","032","Argentina","5510","Production","01199.90","Cereals n.e.c.","1977","1977","t","31700","A","Official figure",""
"QCL","Crops and livestock products","032","Argentina","5510","Production","01199.90","Cereals n.e.c.","1978","1978","t","30800","A","Official figure",""
"QCL","Crops and livestock products","032","Argentina","5510","Production","01199.90","Cereals n.e.c.","1979","1979","t","20200","A","Official figure",""
"QCL","Crops and livestock products","032","Argentina","5510","Production","01199.90","Cereals n.e.c.","1980","1980","t","16700","A","Official figure",""
"QCL","Crops and livestock products","032","Argentina","5510","Production","01199.90","Cereals n.e.c.","1981","1981","t","15600","A","Official figure",""
"QCL","Crops and livestock products","032","Argentina","5510","Production","01199.90","Cereals n.e.c.","1982","1982","t","10800","A","Official figure",""
"QCL","Crops and livestock products","032","Argentina","5510","Production","01199.90","Cereals n.e.c.","1983","1983","t","7900","A","Official figure",""
"QCL","Crops and livestock products","032","Argentina","5510","Production","01199.90","Cereals n.e.c.","1984","1984","t","7500","A","Official figure",""
"QCL","Crops and livestock products","032","Argentina","5510","Production","01199.90","Cereals n.e.c.","1985","1985","t","9000","A","Official figure",""
"QCL","Crops and livestock products","032","Argentina","5510","Production","01199.90","Cereals n.e.c.","1986","1986","t","10300","A","Official figure",""
"QCL","Crops and livestock products","032","Argentina","5510","Production","01199.90","Cereals n.e.c.","1987","1987","t","6500","E","Estimated value",""
"QCL","Crops and livestock products","032","Argentina","5510","Production","01199.90","Cereals n.e.c.","1988","1988","t","8000","E","Estimated value",""
"QCL","Crops and livestock products","032","Argentina","5510","Production","01199.90","Cereals n.e.c.","1989","1989","t","4500","E","Estimated value",""
"QCL","Crops and livestock products","032","Argentina","5510","Production","01199.90","Cereals n.e.c.","1990","1990","t","10000","E","Estimated value",""
"QCL","Crops and livestock products","032","Argentina","5510","Production","01199.90","Cereals n.e.c.","1991","1991","t","15000","E","Estimated value",""
"QCL","Crops and livestock products","032","Argentina","5510","Production","01199.90","Cereals n.e.c.","1992","1992","t","35000","E","Estimated value",""
"QCL","Crops and livestock products","032","Argentina","5510","Production","01199.90","Cereals n.e.c.","1993","1993","t","17000","E","Estimated value",""
"QCL","Crops and livestock products","032","Argentina","5510","Production","01199.90","Cereals n.e.c.","1994","1994","t","17000","E","Estimated value",""
"QCL","Crops and livestock products","032","Argentina","5510","Production","01199.90","Cereals n.e.c.","1995","1995","t","10000","E","Estimated value",""
"QCL","Crops and livestock products","032","Argentina","5510","Production","01199.90","Cereals n.e.c.","1996","1996","t","10000","E","Estimated value",""
"QCL","Crops and livestock products","032","Argentina","5510","Production","01199.90","Cereals n.e.c.","1997","1997","t","10000","E","Estimated value",""
"QCL","Crops and livestock products","032","Argentina","5510","Production","01199.90","Cereals n.e.c.","1998","1998","t","10000","E","Estimated value",""
"QCL","Crops and livestock products","032","Argentina","5510","Production","01199.90","Cereals n.e.c.","1999","1999","t","13000","E","Estimated value",""
"QCL","Crops and livestock products","032","Argentina","5510","Production","01199.90","Cereals n.e.c.","2000","2000","t","13000","E","Estimated value",""
"QCL","Crops and livestock products","032","Argentina","5510","Production","01199.90","Cereals n.e.c.","2001","2001","t","13000","E","Estimated value",""
"QCL","Crops and livestock products","032","Argentina","5510","Production","01199.90","Cereals n.e.c.","2002","2002","t","15000","E","Estimated value",""
"QCL","Crops and livestock products","032","Argentina","5510","Production","01199.90","Cereals n.e.c.","2003","2003","t","15000","E","Estimated value",""
"QCL","Crops and livestock products","032","Argentina","5510","Production","01199.90","Cereals n.e.c.","2004","2004","t","15000","E","Estimated value",""
"QCL","Crops and livestock products","032","Argentina","5510","Production","01199.90","Cereals n.e.c.","2005","2005","t","15000","E","Estimated value",""
"QCL","Crops and livestock products","032","Argentina","5510","Production","01199.90","Cereals n.e.c.","2006","2006","t","15200","E","Estimated value",""
"QCL","Crops and livestock products","032","Argentina","5510","Production","01199.90","Cereals n.e.c.","2007","2007","t","15500","E","Estimated value",""
"QCL","Crops and livestock products","032","Argentina","5510","Production","01199.90","Cereals n.e.c.","2008","2008","t","15500","E","Estimated value",""
"QCL","Crops and livestock products","032","Argentina","5510","Production","01199.90","Cereals n.e.c.","2009","2009","t","16000","E","Estimated value",""
"QCL","Crops and livestock products","032","Argentina","5510","Production","01199.90","Cereals n.e.c.","2010","2010","t","18978","A","Official figure",""
"QCL","Crops and livestock products","032","Argentina","5510","Production","01199.90","Cereals n.e.c.","2011","2011","t","16459","A","Official figure",""
"QCL","Crops and livestock products","032","Argentina","5510","Production","01199.90","Cereals n.e.c.","2012","2012","t","14750","A","Official figure",""
"QCL","Crops and livestock products","032","Argentina","5510","Production","01199.90","Cereals n.e.c.","2013","2013","t","19500","E","Estimated value",""
"QCL","Crops and livestock products","032","Argentina","5510","Production","01199.90","Cereals n.e.c.","2014","2014","t","16269.58","I","Value imputed by a receiving agency",""
"QCL","Crops and livestock products","032","Argentina","5510","Production","01199.90","Cereals n.e.c.","2015","2015","t","16112.03","I","Value imputed by a receiving agency",""
"QCL","Crops and livestock products","032","Argentina","5510","Production","01199.90","Cereals n.e.c.","2016","2016","t","16736.97","I","Value imputed by a receiving agency",""
"QCL","Crops and livestock products","032","Argentina","5510","Production","01199.90","Cereals n.e.c.","2017","2017","t","16549.56","I","Value imputed by a receiving agency",""
"QCL","Crops and livestock products","032","Argentina","5510","Production","01199.90","Cereals n.e.c.","2018","2018","t","16817","I","Value imputed by a receiving agency",""
"QCL","Crops and livestock products","032","Argentina","5510","Production","01199.90","Cereals n.e.c.","2019","2019","t","16850.63","I","Value imputed by a receiving agency",""
"QCL","Crops and livestock products","032","Argentina","5510","Production","01199.90","Cereals n.e.c.","2020","2020","t","16970.83","I","Value imputed by a receiving agency",""
"QCL","Crops and livestock products","032","Argentina","5510","Production","01199.90","Cereals n.e.c.","2021","2021","t","17098.34","I","Value imputed by a receiving agency",""
"QCL","Crops and livestock products","032","Argentina","5510","Production","01199.90","Cereals n.e.c.","2022","2022","t","17264.27","I","Value imputed by a receiving agency",""
"QCL","Crops and livestock products","032","Argentina","5510","Production","01199.90","Cereals n.e.c.","2023","2023","t","17371.54","I","Value imputed by a receiving agency",""
"QCL","Crops and livestock products","032","Argentina","5510","Production","01199.90","Cereals n.e.c.","2024","2024","t","17244.71","E","Estimated value",""
"QCL","Crops and livestock products","051","Armenia","5510","Production","01199.90","Cereals n.e.c.","1992","1992","t","","M","Missing value; data cannot exist",""
"QCL","Crops and livestock products","051","Armenia","5510","Production","01199.90","Cereals n.e.c.","1993","1993","t","","M","Missing value; data cannot exist",""
"QCL","Crops and livestock products","051","Armenia","5510","Production","01199.90","Cereals n.e.c.","1994","1994","t","","M","Missing value; data cannot exist",""
"QCL","Crops and livestock products","051","Armenia","5510","Production","01199.90","Cereals n.e.c.","1995","1995","t","","M","Missing value; data cannot exist",""
"QCL","Crops and livestock products","051","Armenia","5510","Production","01199.90","Cereals n.e.c.","1996","1996","t","","M","Missing value; data cannot exist",""
"QCL","Crops and livestock products","051","Armenia","5510","Production","01199.90","Cereals n.e.c.","1997","1997","t","","M","Missing value; data cannot exist",""
"QCL","Crops and livestock products","051","Armenia","5510","Production","01199.90","Cereals n.e.c.","1998","1998","t","","M","Missing value; data cannot exist",""
"QCL","Crops and livestock products","051","Armenia","5510","Production","01199.90","Cereals n.e.c.","1999","1999","t","","M","Missing value; data cannot exist",""
"QCL","Crops and livestock products","051","Armenia","5510","Production","01199.90","Cereals n.e.c.","2000","2000","t","","M","Missing value; data cannot exist",""
"QCL","Crops and livestock products","051","Armenia","5510","Production","01199.90","Cereals n.e.c.","2001","2001","t","","M","Missing value; data cannot exist",""
"QCL","Crops and livestock products","051","Armenia","5510","Production","01199.90","Cereals n.e.c.","2002","2002","t","","M","Missing value; data cannot exist",""
"QCL","Crops and livestock products","051","Armenia","5510","Production","01199.90","Cereals n.e.c.","2003","2003","t","4339","A","Official figure",""
"QCL","Crops and livestock products","051","Armenia","5510","Production","01199.90","Cereals n.e.c.","2004","2004","t","8337","A","Official figure",""
"QCL","Crops and livestock products","051","Armenia","5510","Production","01199.90","Cereals n.e.c.","2005","2005","t","7333","A","Official figure",""
"QCL","Crops and livestock products","051","Armenia","5510","Production","01199.90","Cereals n.e.c.","2006","2006","t","3161","A","Official figure",""
"QCL","Crops and livestock products","051","Armenia","5510","Production","01199.90","Cereals n.e.c.","2007","2007","t","9530","A","Official figure",""
"QCL","Crops and livestock products","051","Armenia","5510","Production","01199.90","Cereals n.e.c.","2008","2008","t","10697","A","Official figure",""
"QCL","Crops and livestock products","051","Armenia","5510","Production","01199.90","Cereals n.e.c.","2009","2009","t","8425.3","A","Official figure",""
"QCL","Crops and livestock products","051","Armenia","5510","Production","01199.90","Cereals n.e.c.","2010","2010","t","4219","A","Official figure",""
"QCL","Crops and livestock products","051","Armenia","5510","Production","01199.90","Cereals n.e.c.","2011","2011","t","9507","A","Official figure",""
"QCL","Crops and livestock products","051","Armenia","5510","Production","01199.90","Cereals n.e.c.","2012","2012","t","14375","A","Official figure",""
"QCL","Crops and livestock products","051","Armenia","5510","Production","01199.90","Cereals n.e.c.","2013","2013","t","16847","A","Official figure",""
"QCL","Crops and livestock products","051","Armenia","5510","Production","01199.90","Cereals n.e.c.","2014","2014","t","18268","A","Official figure",""
"QCL","Crops and livestock products","051","Armenia","5510","Production","01199.90","Cereals n.e.c.","2015","2015","t","15359.6","A","Official figure",""
"QCL","Crops and livestock products","051","Armenia","5510","Production","01199.90","Cereals n.e.c.","2016","2016","t","21117","A","Official figure",""
"QCL","Crops and livestock products","051","Armenia","5510","Production","01199.90","Cereals n.e.c.","2017","2017","t","12076","A","Official figure",""
"QCL","Crops and livestock products","051","Armenia","5510","Production","01199.90","Cereals n.e.c.","2018","2018","t","9366","A","Official figure",""
"QCL","Crops and livestock products","051","Armenia","5510","Production","01199.90","Cereals n.e.c.","2019","2019","t","5775","A","Official figure",""
"QCL","Crops and livestock products","051","Armenia","5510","Production","01199.90","Cereals n.e.c.","2020","2020","t","7143.7","A","Official figure",""
"QCL","Crops and livestock products","051","Armenia","5510","Production","01199.90","Cereals n.e.c.","2021","2021","t","4567.8","A","Official figure",""
"QCL","Crops and livestock products","051","Armenia","5510","Production","01199.90","Cereals n.e.c.","2022","2022","t","7114.1","A","Official figure",""
"QCL","Crops and livestock products","051","Armenia","5510","Production","01199.90","Cereals n.e.c.","2023","2023","t","8537.7","A","Official figure",""
"QCL","Crops and livestock products","051","Armenia","5510","Production","01199.90","Cereals n.e.c.","2024","2024","t","6701.5","A","Official figure",""
"QCL","Crops and livestock products","040","Austria","5510","Production","01199.90","Cereals n.e.c.","1991","1991","t","24469","A","Official figure",""
"QCL","Crops and livestock products","040","Austria","5510","Production","01199.90","Cereals n.e.c.","1992","1992","t","23108","A","Official figure",""
"QCL","Crops and livestock products","040","Austria","5510","Production","01199.90","Cereals n.e.c.","1993","1993","t","30991","A","Official figure",""
"QCL","Crops and livestock products","040","Austria","5510","Production","01199.90","Cereals n.e.c.","1994","1994","t","37775","A","Official figure",""
"QCL","Crops and livestock products","040","Austria","5510","Production","01199.90","Cereals n.e.c.","1995","1995","t","13824","A","Official figure",""
"QCL","Crops and livestock products","040","Austria","5510","Production","01199.90","Cereals n.e.c.","1996","1996","t","6157","A","Official figure",""
"QCL","Crops and livestock products","040","Austria","5510","Production","01199.90","Cereals n.e.c.","1997","1997","t","4461","A","Official figure",""
"QCL","Crops and livestock products","040","Austria","5510","Production","01199.90","Cereals n.e.c.","1998","1998","t","4705","A","Official figure",""
"QCL","Crops and livestock products","040","Austria","5510","Production","01199.90","Cereals n.e.c.","1999","1999","t","6342","A","Official figure",""
"QCL","Crops and livestock products","040","Austria","5510","Production","01199.90","Cereals n.e.c.","2000","2000","t","5560.14","A","Official figure",""
"QCL","Crops and livestock products","040","Austria","5510","Production","01199.90","Cereals n.e.c.","2001","2001","t","12804.57","A","Official figure",""
"QCL","Crops and livestock products","040","Austria","5510","Production","01199.90","Cereals n.e.c.","2002","2002","t","19139.08","A","Official figure",""
"QCL","Crops and livestock products","040","Austria","5510","Production","01199.90","Cereals n.e.c.","2003","2003","t","26159.9","A","Official figure",""
"QCL","Crops and livestock products","040","Austria","5510","Production","01199.90","Cereals n.e.c.","2004","2004","t","30642.75","A","Official figure",""
"QCL","Crops and livestock products","040","Austria","5510","Production","01199.90","Cereals n.e.c.","2005","2005","t","28774.98","A","Official figure",""
"QCL","Crops and livestock products","040","Austria","5510","Production","01199.90","Cereals n.e.c.","2006","2006","t","28126.7","A","Official figure",""
"QCL","Crops and livestock products","040","Austria","5510","Production","01199.90","Cereals n.e.c.","2007","2007","t","36561.06","A","Official figure",""
"QCL","Crops and livestock products","040","Austria","5510","Production","01199.90","Cereals n.e.c.","2008","2008","t","45442.26","A","Official figure",""
"QCL","Crops and livestock products","040","Austria","5510","Production","01199.90","Cereals n.e.c.","2009","2009","t","50779.16","A","Official figure",""
"QCL","Crops and livestock products","040","Austria","5510","Production","01199.90","Cereals n.e.c.","2010","2010","t","88124.83","A","Official figure",""
"QCL","Crops and livestock products","040","Austria","5510","Production","01199.90","Cereals n.e.c.","2011","2011","t","42526.8","A","Official figure",""
"QCL","Crops and livestock products","040","Austria","5510","Production","01199.90","Cereals n.e.c.","2012","2012","t","42659.42","A","Official figure",""
"QCL","Crops and livestock products","040","Austria","5510","Production","01199.90","Cereals n.e.c.","2013","2013","t","49403.37","A","Official figure",""
"QCL","Crops and livestock products","040","Austria","5510","Production","01199.90","Cereals n.e.c.","2014","2014","t","51430.52","A","Official figure",""
"QCL","Crops and livestock products","040","Austria","5510","Production","01199.90","Cereals n.e.c.","2015","2015","t","54563","A","Official figure",""
"QCL","Crops and livestock products","040","Austria","5510","Production","01199.90","Cereals n.e.c.","2016","2016","t","47311","A","Official figure",""
"QCL","Crops and livestock products","040","Austria","5510","Production","01199.90","Cereals n.e.c.","2017","2017","t","43535","A","Official figure",""
"QCL","Crops and livestock products","040","Austria","5510","Production","01199.90","Cereals n.e.c.","2018","2018","t","23450","A","Official figure",""
"QCL","Crops and livestock products","040","Austria","5510","Production","01199.90","Cereals n.e.c.","2019","2019","t","22550","A","Official figure",""
"QCL","Crops and livestock products","040","Austria","5510","Production","01199.90","Cereals n.e.c.","2020","2020","t","29800","A","Official figure",""
"QCL","Crops and livestock products","040","Austria","5510","Production","01199.90","Cereals n.e.c.","2021","2021","t","27060","A","Official figure",""
"QCL","Crops and livestock products","040","Austria","5510","Production","01199.90","Cereals n.e.c.","2022","2022","t","19290","A","Official figure",""
"QCL","Crops and livestock products","040","Austria","5510","Production","01199.90","Cereals n.e.c.","2023","2023","t","19440","A","Official figure",""
"QCL","Crops and livestock products","040","Austria","5510","Production","01199.90","Cereals n.e.c.","2024","2024","t","18910","A","Official figure",""
"QCL","Crops and livestock products","112","Belarus","5510","Production","01199.90","Cereals n.e.c.","1992","1992","t","","M","Missing value; data cannot exist",""
"QCL","Crops and livestock products","112","Belarus","5510","Production","01199.90","Cereals n.e.c.","1993","1993","t","","M","Missing value; data cannot exist",""
"QCL","Crops and livestock products","112","Belarus","5510","Production","01199.90","Cereals n.e.c.","1994","1994","t","","M","Missing value; data cannot exist",""
"QCL","Crops and livestock products","112","Belarus","5510","Production","01199.90","Cereals n.e.c.","1995","1995","t","1200","A","Official figure",""
"QCL","Crops and livestock products","112","Belarus","5510","Production","01199.90","Cereals n.e.c.","1996","1996","t","3700","X","Figure from external organization","Unofficial figure"
"QCL","Crops and livestock products","112","Belarus","5510","Production","01199.90","Cereals n.e.c.","1997","1997","t","4000","A","Official figure",""
"QCL","Crops and livestock products","112","Belarus","5510","Production","01199.90","Cereals n.e.c.","1998","1998","t","1200","A","Official figure",""
"QCL","Crops and livestock products","112","Belarus","5510","Production","01199.90","Cereals n.e.c.","1999","1999","t","1000","A","Official figure",""
"QCL","Crops and livestock products","112","Belarus","5510","Production","01199.90","Cereals n.e.c.","2000","2000","t","7000","A","Official figure",""
"QCL","Crops and livestock products","112","Belarus","5510","Production","01199.90","Cereals n.e.c.","2001","2001","t","6000","A","Official figure",""
"QCL","Crops and livestock products","112","Belarus","5510","Production","01199.90","Cereals n.e.c.","2002","2002","t","2000","A","Official figure",""
"QCL","Crops and livestock products","112","Belarus","5510","Production","01199.90","Cereals n.e.c.","2003","2003","t","16636","A","Official figure",""
"QCL","Crops and livestock products","112","Belarus","5510","Production","01199.90","Cereals n.e.c.","2004","2004","t","8444","A","Official figure",""
"QCL","Crops and livestock products","112","Belarus","5510","Production","01199.90","Cereals n.e.c.","2005","2005","t","13580","A","Official figure",""
"QCL","Crops and livestock products","112","Belarus","5510","Production","01199.90","Cereals n.e.c.","2006","2006","t","16444","A","Official figure",""
"QCL","Crops and livestock products","112","Belarus","5510","Production","01199.90","Cereals n.e.c.","2007","2007","t","26161","A","Official figure",""
"QCL","Crops and livestock products","112","Belarus","5510","Production","01199.90","Cereals n.e.c.","2008","2008","t","26961","A","Official figure",""
"QCL","Crops and livestock products","112","Belarus","5510","Production","01199.90","Cereals n.e.c.","2009","2009","t","15550","A","Official figure",""
"QCL","Crops and livestock products","112","Belarus","5510","Production","01199.90","Cereals n.e.c.","2010","2010","t","21156","A","Official figure",""
"QCL","Crops and livestock products","112","Belarus","5510","Production","01199.90","Cereals n.e.c.","2011","2011","t","50788","A","Official figure",""
"QCL","Crops and livestock products","112","Belarus","5510","Production","01199.90","Cereals n.e.c.","2012","2012","t","40028","A","Official figure",""
"QCL","Crops and livestock products","112","Belarus","5510","Production","01199.90","Cereals n.e.c.","2013","2013","t","15832","A","Official figure",""
"QCL","Crops and livestock products","112","Belarus","5510","Production","01199.90","Cereals n.e.c.","2014","2014","t","27096","A","Official figure",""
"QCL","Crops and livestock products","112","Belarus","5510","Production","01199.90","Cereals n.e.c.","2015","2015","t","23648","A","Official figure",""
"QCL","Crops and livestock products","112","Belarus","5510","Production","01199.90","Cereals n.e.c.","2016","2016","t","18932","A","Official figure",""
"QCL","Crops and livestock products","112","Belarus","5510","Production","01199.90","Cereals n.e.c.","2017","2017","t","21670","A","Official figure",""
"QCL","Crops and livestock products","112","Belarus","5510","Production","01199.90","Cereals n.e.c.","2018","2018","t","19761","A","Official figure",""
"QCL","Crops and livestock products","112","Belarus","5510","Production","01199.90","Cereals n.e.c.","2019","2019","t","20604","A","Official figure",""
"QCL","Crops and livestock products","112","Belarus","5510","Production","01199.90","Cereals n.e.c.","2020","2020","t","22177","A","Official figure",""
"QCL","Crops and livestock products","112","Belarus","5510","Production","01199.90","Cereals n.e.c.","2021","2021","t","23867.36","I","Value imputed by a receiving agency",""
"QCL","Crops and livestock products","112","Belarus","5510","Production","01199.90","Cereals n.e.c.","2022","2022","t","23668","I","Value imputed by a receiving agency",""
"QCL","Crops and livestock products","112","Belarus","5510","Production","01199.90","Cereals n.e.c.","2023","2023","t","22225.06","I","Value imputed by a receiving agency",""
"QCL","Crops and livestock products","112","Belarus","5510","Production","01199.90","Cereals n.e.c.","2024","2024","t","22124.94","I","Value imputed by a receiving agency",""
"QCL","Crops and livestock products","056","Belgium","5510","Production","01199.90","Cereals n.e.c.","2018","2018","t","15140","A","Official figure",""
"QCL","Crops and livestock products","056","Belgium","5510","Production","01199.90","Cereals n.e.c.","2019","2019","t","18130","A","Official figure",""
"QCL","Crops and livestock products","056","Belgium","5510","Production","01199.90","Cereals n.e.c.","2020","2020","t","20130","A","Official figure",""
"QCL","Crops and livestock products","056","Belgium","5510","Production","01199.90","Cereals n.e.c.","2021","2021","t","21500","A","Official figure",""
"QCL","Crops and livestock products","056","Belgium","5510","Production","01199.90","Cereals n.e.c.","2022","2022","t","3090","A","Official figure",""
"QCL","Crops and livestock products","056","Belgium","5510","Production","01199.90","Cereals n.e.c.","2023","2023","t","2650","A","Official figure",""
"QCL","Crops and livestock products","056","Belgium","5510","Production","01199.90","Cereals n.e.c.","2024","2024","t","3160","A","Official figure",""
"QCL","Crops and livestock products","064","Bhutan","5510","Production","01199.90","Cereals n.e.c.","1961","1961","t","","M","Missing value; data cannot exist",""
"QCL","Crops and livestock products","064","Bhutan","5510","Production","01199.90","Cereals n.e.c.","1962","1962","t","","M","Missing value; data cannot exist",""
"QCL","Crops and livestock products","064","Bhutan","5510","Production","01199.90","Cereals n.e.c.","1963","1963","t","","M","Missing value; data cannot exist",""
"QCL","Crops and livestock products","064","Bhutan","5510","Production","01199.90","Cereals n.e.c.","1964","1964","t","","M","Missing value; data cannot exist",""
"QCL","Crops and livestock products","064","Bhutan","5510","Production","01199.90","Cereals n.e.c.","1965","1965","t","","M","Missing value; data cannot exist",""
"QCL","Crops and livestock products","064","Bhutan","5510","Production","01199.90","Cereals n.e.c.","1966","1966","t","","M","Missing value; data cannot exist",""
"QCL","Crops and livestock products","064","Bhutan","5510","Production","01199.90","Cereals n.e.c.","1967","1967","t","","M","Missing value; data cannot exist",""
"QCL","Crops and livestock products","064","Bhutan","5510","Production","01199.90","Cereals n.e.c.","1968","1968","t","","M","Missing value; data cannot exist",""
"QCL","Crops and livestock products","064","Bhutan","5510","Production","01199.90","Cereals n.e.c.","1969","1969","t","","M","Missing value; data cannot exist",""
"QCL","Crops and livestock products","064","Bhutan","5510","Production","01199.90","Cereals n.e.c.","1970","1970","t","","M","Missing value; data cannot exist",""
"QCL","Crops and livestock products","064","Bhutan","5510","Production","01199.90","Cereals n.e.c.","1971","1971","t","","M","Missing value; data cannot exist",""
"QCL","Crops and livestock products","064","Bhutan","5510","Production","01199.90","Cereals n.e.c.","1972","1972","t","","M","Missing value; data cannot exist",""
"QCL","Crops and livestock products","064","Bhutan","5510","Production","01199.90","Cereals n.e.c.","1973","1973","t","","M","Missing value; data cannot exist",""
"QCL","Crops and livestock products","064","Bhutan","5510","Production","01199.90","Cereals n.e.c.","1974","1974","t","","M","Missing value; data cannot exist",""
"QCL","Crops and livestock products","064","Bhutan","5510","Production","01199.90","Cereals n.e.c.","1975","1975","t","","M","Missing value; data cannot exist",""
"QCL","Crops and livestock products","064","Bhutan","5510","Production","01199.90","Cereals n.e.c.","1976","1976","t","","M","Missing value; data cannot exist",""
"QCL","Crops and livestock products","064","Bhutan","5510","Production","01199.90","Cereals n.e.c.","1977","1977","t","","M","Missing value; data cannot exist",""
"QCL","Crops and livestock products","064","Bhutan","5510","Production","01199.90","Cereals n.e.c.","1978","1978","t","","M","Missing value; data cannot exist",""
"QCL","Crops and livestock products","064","Bhutan","5510","Production","01199.90","Cereals n.e.c.","1979","1979","t","","M","Missing value; data cannot exist",""
"QCL","Crops and livestock products","064","Bhutan","5510","Production","01199.90","Cereals n.e.c.","1980","1980","t","","M","Missing value; data cannot exist",""
"QCL","Crops and livestock products","064","Bhutan","5510","Production","01199.90","Cereals n.e.c.","1981","1981","t","","M","Missing value; data cannot exist",""
"QCL","Crops and livestock products","064","Bhutan","5510","Production","01199.90","Cereals n.e.c.","1982","1982","t","","M","Missing value; data cannot exist",""
"QCL","Crops and livestock products","064","Bhutan","5510","Production","01199.90","Cereals n.e.c.","1983","1983","t","","M","Missing value; data cannot exist",""
"QCL","Crops and livestock products","064","Bhutan","5510","Production","01199.90","Cereals n.e.c.","1984","1984","t","","M","Missing value; data cannot exist",""
"QCL","Crops and livestock products","064","Bhutan","5510","Production","01199.90","Cereals n.e.c.","1985","1985","t","","M","Missing value; data cannot exist",""
"QCL","Crops and livestock products","064","Bhutan","5510","Production","01199.90","Cereals n.e.c.","1986","1986","t","","M","Missing value; data cannot exist",""
"QCL","Crops and livestock products","064","Bhutan","5510","Production","01199.90","Cereals n.e.c.","1987","1987","t","","M","Missing value; data cannot exist",""
"QCL","Crops and livestock products","064","Bhutan","5510","Production","01199.90","Cereals n.e.c.","1988","1988","t","1000","E","Estimated value",""
"QCL","Crops and livestock products","064","Bhutan","5510","Production","01199.90","Cereals n.e.c.","1989","1989","t","1000","E","Estimated value",""
"QCL","Crops and livestock products","064","Bhutan","5510","Production","01199.90","Cereals n.e.c.","1990","1990","t","1000","E","Estimated value",""
"QCL","Crops and livestock products","064","Bhutan","5510","Production","01199.90","Cereals n.e.c.","1991","1991","t","1000","E","Estimated value",""
"QCL","Crops and livestock products","064","Bhutan","5510","Production","01199.90","Cereals n.e.c.","1992","1992","t","1000","E","Estimated value",""
"QCL","Crops and livestock products","064","Bhutan","5510","Production","01199.90","Cereals n.e.c.","1993","1993","t","1000","E","Estimated value",""
"QCL","Crops and livestock products","064","Bhutan","5510","Production","01199.90","Cereals n.e.c.","1994","1994","t","1000","E","Estimated value",""
"QCL","Crops and livestock products","064","Bhutan","5510","Production","01199.90","Cereals n.e.c.","1995","1995","t","1000","E","Estimated value",""
"QCL","Crops and livestock products","064","Bhutan","5510","Production","01199.90","Cereals n.e.c.","1996","1996","t","1000","E","Estimated value",""
"QCL","Crops and livestock products","064","Bhutan","5510","Production","01199.90","Cereals n.e.c.","1997","1997","t","1000","E","Estimated value",""
"QCL","Crops and livestock products","064","Bhutan","5510","Production","01199.90","Cereals n.e.c.","1998","1998","t","1000","E","Estimated value",""
"QCL","Crops and livestock products","064","Bhutan","5510","Production","01199.90","Cereals n.e.c.","1999","1999","t","1000","E","Estimated value",""
"QCL","Crops and livestock products","064","Bhutan","5510","Production","01199.90","Cereals n.e.c.","2000","2000","t","1000","E","Estimated value",""
"QCL","Crops and livestock products","064","Bhutan","5510","Production","01199.90","Cereals n.e.c.","2001","2001","t","1000","E","Estimated value",""
"QCL","Crops and livestock products","064","Bhutan","5510","Production","01199.90","Cereals n.e.c.","2002","2002","t","1000","E","Estimated value",""
"QCL","Crops and livestock products","064","Bhutan","5510","Production","01199.90","Cereals n.e.c.","2003","2003","t","1000","E","Estimated value",""
"QCL","Crops and livestock products","064","Bhutan","5510","Production","01199.90","Cereals n.e.c.","2004","2004","t","922","A","Official figure",""
"QCL","Crops and livestock products","064","Bhutan","5510","Production","01199.90","Cereals n.e.c.","2005","2005","t","1000","E","Estimated value",""
"QCL","Crops and livestock products","064","Bhutan","5510","Production","01199.90","Cereals n.e.c.","2006","2006","t","1000","E","Estimated value",""
"QCL","Crops and livestock products","064","Bhutan","5510","Production","01199.90","Cereals n.e.c.","2007","2007","t","1000","E","Estimated value",""
"QCL","Crops and livestock products","064","Bhutan","5510","Production","01199.90","Cereals n.e.c.","2008","2008","t","1000","E","Estimated value",""
"QCL","Crops and livestock products","064","Bhutan","5510","Production","01199.90","Cereals n.e.c.","2009","2009","t","1000","E","Estimated value",""
"QCL","Crops and livestock products","064","Bhutan","5510","Production","01199.90","Cereals n.e.c.","2010","2010","t","1000","E","Estimated value",""
"QCL","Crops and livestock products","064","Bhutan","5510","Production","01199.90","Cereals n.e.c.","2011","2011","t","1000","E","Estimated value",""
"QCL","Crops and livestock products","064","Bhutan","5510","Production","01199.90","Cereals n.e.c.","2012","2012","t","1100","E","Estimated value",""
"QCL","Crops and livestock products","064","Bhutan","5510","Production","01199.90","Cereals n.e.c.","2013","2013","t","1200","E","Estimated value",""
"QCL","Crops and livestock products","064","Bhutan","5510","Production","01199.90","Cereals n.e.c.","2014","2014","t","1248.58","I","Value imputed by a receiving agency",""
"QCL","Crops and livestock products","064","Bhutan","5510","Production","01199.90","Cereals n.e.c.","2015","2015","t","1085.48","I","Value imputed by a receiving agency",""
"QCL","Crops and livestock products","064","Bhutan","5510","Production","01199.90","Cereals n.e.c.","2016","2016","t","1178.02","E","Estimated value",""
"QCL","Crops and livestock products","064","Bhutan","5510","Production","01199.90","Cereals n.e.c.","2017","2017","t","1169","I","Value imputed by a receiving agency",""
"QCL","Crops and livestock products","064","Bhutan","5510","Production","01199.90","Cereals n.e.c.","2018","2018","t","1170.3","I","Value imputed by a receiving agency",""
"QCL","Crops and livestock products","064","Bhutan","5510","Production","01199.90","Cereals n.e.c.","2019","2019","t","1175.57","I","Value imputed by a receiving agency",""
"QCL","Crops and livestock products","064","Bhutan","5510","Production","01199.90","Cereals n.e.c.","2020","2020","t","1182.88","I","Value imputed by a receiving agency",""
"QCL","Crops and livestock products","064","Bhutan","5510","Production","01199.90","Cereals n.e.c.","2021","2021","t","1200.19","I","Value imputed by a receiving agency",""
"QCL","Crops and livestock products","064","Bhutan","5510","Production","01199.90","Cereals n.e.c.","2022","2022","t","1186.22","E","Estimated value",""
"QCL","Crops and livestock products","064","Bhutan","5510","Production","01199.90","Cereals n.e.c.","2023","2023","t","1189.76","E","Estimated value",""
"QCL","Crops and livestock products","064","Bhutan","5510","Production","01199.90","Cereals n.e.c.","2024","2024","t","1192.06","E","Estimated value",""
"QCL","Crops and livestock products","068","Bolivia (Plurinational State of)","5510","Production","01199.90","Cereals n.e.c.","1961","1961","t","200","E","Estimated value",""
"QCL","Crops and livestock products","068","Bolivia (Plurinational State of)","5510","Production","01199.90","Cereals n.e.c.","1962","1962","t","200","E","Estimated value",""
"QCL","Crops and livestock products","068","Bolivia (Plurinational State of)","5510","Production","01199.90","Cereals n.e.c.","1963","1963","t","200","E","Estimated value",""
"QCL","Crops and livestock products","068","Bolivia (Plurinational State of)","5510","Production","01199.90","Cereals n.e.c.","1964","1964","t","200","E","Estimated value",""
"QCL","Crops and livestock products","068","Bolivia (Plurinational State of)","5510","Production","01199.90","Cereals n.e.c.","1965","1965","t","200","E","Estimated value",""
"QCL","Crops and livestock products","068","Bolivia (Plurinational State of)","5510","Production","01199.90","Cereals n.e.c.","1966","1966","t","300","E","Estimated value",""
"QCL","Crops and livestock products","068","Bolivia (Plurinational State of)","5510","Production","01199.90","Cereals n.e.c.","1967","1967","t","300","E","Estimated value",""
"QCL","Crops and livestock products","068","Bolivia (Plurinational State of)","5510","Production","01199.90","Cereals n.e.c.","1968","1968","t","300","E","Estimated value",""
"QCL","Crops and livestock products","068","Bolivia (Plurinational State of)","5510","Production","01199.90","Cereals n.e.c.","1969","1969","t","300","E","Estimated value",""
"QCL","Crops and livestock products","068","Bolivia (Plurinational State of)","5510","Production","01199.90","Cereals n.e.c.","1970","1970","t","300","A","Official figure",""
"QCL","Crops and livestock products","068","Bolivia (Plurinational State of)","5510","Production","01199.90","Cereals n.e.c.","1971","1971","t","300","E","Estimated value",""
"QCL","Crops and livestock products","068","Bolivia (Plurinational State of)","5510","Production","01199.90","Cereals n.e.c.","1972","1972","t","315","A","Official figure",""
"QCL","Crops and livestock products","068","Bolivia (Plurinational State of)","5510","Production","01199.90","Cereals n.e.c.","1973","1973","t","320","A","Official figure",""
"QCL","Crops and livestock products","068","Bolivia (Plurinational State of)","5510","Production","01199.90","Cereals n.e.c.","1974","1974","t","320","E","Estimated value",""
"QCL","Crops and livestock products","068","Bolivia (Plurinational State of)","5510","Production","01199.90","Cereals n.e.c.","1975","1975","t","330","A","Official figure",""
"QCL","Crops and livestock products","068","Bolivia (Plurinational State of)","5510","Production","01199.90","Cereals n.e.c.","1976","1976","t","345","A","Official figure",""
"QCL","Crops and livestock products","068","Bolivia (Plurinational State of)","5510","Production","01199.90","Cereals n.e.c.","1977","1977","t","330","A","Official figure",""
"QCL","Crops and livestock products","068","Bolivia (Plurinational State of)","5510","Production","01199.90","Cereals n.e.c.","1978","1978","t","430","A","Official figure",""
"QCL","Crops and livestock products","068","Bolivia (Plurinational State of)","5510","Production","01199.90","Cereals n.e.c.","1979","1979","t","520","A","Official figure",""
"QCL","Crops and livestock products","068","Bolivia (Plurinational State of)","5510","Production","01199.90","Cereals n.e.c.","1980","1980","t","510","A","Official figure",""
"QCL","Crops and livestock products","068","Bolivia (Plurinational State of)","5510","Production","01199.90","Cereals n.e.c.","1981","1981","t","1110","A","Official figure",""
"QCL","Crops and livestock products","068","Bolivia (Plurinational State of)","5510","Production","01199.90","Cereals n.e.c.","1982","1982","t","1170","A","Official figure",""
"QCL","Crops and livestock products","068","Bolivia (Plurinational State of)","5510","Production","01199.90","Cereals n.e.c.","1983","1983","t","218","A","Official figure",""
"QCL","Crops and livestock products","068","Bolivia (Plurinational State of)","5510","Production","01199.90","Cereals n.e.c.","1984","1984","t","1238","A","Official figure",""
"QCL","Crops and livestock products","068","Bolivia (Plurinational State of)","5510","Production","01199.90","Cereals n.e.c.","1985","1985","t","979","A","Official figure",""
"QCL","Crops and livestock products","068","Bolivia (Plurinational State of)","5510","Production","01199.90","Cereals n.e.c.","1986","1986","t","860","A","Official figure",""
"QCL","Crops and livestock products","068","Bolivia (Plurinational State of)","5510","Production","01199.90","Cereals n.e.c.","1987","1987","t","970","A","Official figure",""
"QCL","Crops and livestock products","068","Bolivia (Plurinational State of)","5510","Production","01199.90","Cereals n.e.c.","1988","1988","t","785","A","Official figure",""
"QCL","Crops and livestock products","068","Bolivia (Plurinational State of)","5510","Production","01199.90","Cereals n.e.c.","1989","1989","t","775","A","Official figure",""
"QCL","Crops and livestock products","068","Bolivia (Plurinational State of)","5510","Production","01199.90","Cereals n.e.c.","1990","1990","t","665","A","Official figure",""
"QCL","Crops and livestock products","068","Bolivia (Plurinational State of)","5510","Production","01199.90","Cereals n.e.c.","1991","1991","t","885","A","Official figure",""
"QCL","Crops and livestock products","068","Bolivia (Plurinational State of)","5510","Production","01199.90","Cereals n.e.c.","1992","1992","t","590","A","Official figure",""
"QCL","Crops and livestock products","068","Bolivia (Plurinational State of)","5510","Production","01199.90","Cereals n.e.c.","1993","1993","t","740","A","Official figure",""
"QCL","Crops and livestock products","068","Bolivia (Plurinational State of)","5510","Production","01199.90","Cereals n.e.c.","1994","1994","t","750","E","Estimated value",""
"QCL","Crops and livestock products","068","Bolivia (Plurinational State of)","5510","Production","01199.90","Cereals n.e.c.","1995","1995","t","724.07","I","Value imputed by a receiving agency",""
"QCL","Crops and livestock products","068","Bolivia (Plurinational State of)","5510","Production","01199.90","Cereals n.e.c.","1996","1996","t","721.59","I","Value imputed by a receiving agency",""
"QCL","Crops and livestock products","068","Bolivia (Plurinational State of)","5510","Production","01199.90","Cereals n.e.c.","1997","1997","t","721.86","I","Value imputed by a receiving agency",""
"QCL","Crops and livestock products","068","Bolivia (Plurinational State of)","5510","Production","01199.90","Cereals n.e.c.","1998","1998","t","722.09","I","Value imputed by a receiving agency",""
"QCL","Crops and livestock products","068","Bolivia (Plurinational State of)","5510","Production","01199.90","Cereals n.e.c.","1999","1999","t","760","E","Estimated value",""
"QCL","Crops and livestock products","068","Bolivia (Plurinational State of)","5510","Production","01199.90","Cereals n.e.c.","2000","2000","t","726.76","I","Value imputed by a receiving agency",""
"QCL","Crops and livestock products","068","Bolivia (Plurinational State of)","5510","Production","01199.90","Cereals n.e.c.","2001","2001","t","750","E","Estimated value",""
"QCL","Crops and livestock products","068","Bolivia (Plurinational State of)","5510","Production","01199.90","Cereals n.e.c.","2002","2002","t","724.21","I","Value imputed by a receiving agency",""
"QCL","Crops and livestock products","068","Bolivia (Plurinational State of)","5510","Production","01199.90","Cereals n.e.c.","2003","2003","t","700","E","Estimated value",""
"QCL","Crops and livestock products","068","Bolivia (Plurinational State of)","5510","Production","01199.90","Cereals n.e.c.","2004","2004","t","658","X","Figure from external organization","Unofficial figure"
"QCL","Crops and livestock products","068","Bolivia (Plurinational State of)","5510","Production","01199.90","Cereals n.e.c.","2005","2005","t","678","X","Figure from external organization","Unofficial figure"
"QCL","Crops and livestock products","068","Bolivia (Plurinational State of)","5510","Production","01199.90","Cereals n.e.c.","2006","2006","t","708","A","Official figure",""
"QCL","Crops and livestock products","068","Bolivia (Plurinational State of)","5510","Production","01199.90","Cereals n.e.c.","2007","2007","t","740","A","Official figure",""
"QCL","Crops and livestock products","068","Bolivia (Plurinational State of)","5510","Production","01199.90","Cereals n.e.c.","2008","2008","t","758","A","Official figure",""
"QCL","Crops and livestock products","068","Bolivia (Plurinational State of)","5510","Production","01199.90","Cereals n.e.c.","2009","2009","t","777","A","Official figure",""
"QCL","Crops and livestock products","068","Bolivia (Plurinational State of)","5510","Production","01199.90","Cereals n.e.c.","2010","2010","t","628","A","Official figure",""
"QCL","Crops and livestock products","068","Bolivia (Plurinational State of)","5510","Production","01199.90","Cereals n.e.c.","2011","2011","t","921","A","Official figure",""
"QCL","Crops and livestock products","068","Bolivia (Plurinational State of)","5510","Production","01199.90","Cereals n.e.c.","2012","2012","t","608.75","A","Official figure",""
"QCL","Crops and livestock products","068","Bolivia (Plurinational State of)","5510","Production","01199.90","Cereals n.e.c.","2013","2013","t","638","A","Official figure",""
"QCL","Crops and livestock products","068","Bolivia (Plurinational State of)","5510","Production","01199.90","Cereals n.e.c.","2014","2014","t","619","A","Official figure",""
"QCL","Crops and livestock products","068","Bolivia (Plurinational State of)","5510","Production","01199.90","Cereals n.e.c.","2015","2015","t","756","A","Official figure",""
"QCL","Crops and livestock products","068","Bolivia (Plurinational State of)","5510","Production","01199.90","Cereals n.e.c.","2016","2016","t","774","A","Official figure",""
"QCL","Crops and livestock products","068","Bolivia (Plurinational State of)","5510","Production","01199.90","Cereals n.e.c.","2017","2017","t","780","A","Official figure",""
"QCL","Crops and livestock products","068","Bolivia (Plurinational State of)","5510","Production","01199.90","Cereals n.e.c.","2018","2018","t","777","A","Official figure",""
"QCL","Crops and livestock products","068","Bolivia (Plurinational State of)","5510","Production","01199.90","Cereals n.e.c.","2019","2019","t","793","A","Official figure",""
"QCL","Crops and livestock products","068","Bolivia (Plurinational State of)","5510","Production","01199.90","Cereals n.e.c.","2020","2020","t","780","A","Official figure",""
"QCL","Crops and livestock products","068","Bolivia (Plurinational State of)","5510","Production","01199.90","Cereals n.e.c.","2021","2021","t","780.11","A","Official figure",""
"QCL","Crops and livestock products","068","Bolivia (Plurinational State of)","5510","Production","01199.90","Cereals n.e.c.","2022","2022","t","781.95","A","Official figure",""
"QCL","Crops and livestock products","068","Bolivia (Plurinational State of)","5510","Production","01199.90","Cereals n.e.c.","2023","2023","t","716.94","A","Official figure",""
"QCL","Crops and livestock products","068","Bolivia (Plurinational State of)","5510","Production","01199.90","Cereals n.e.c.","2024","2024","t","772.45","A","Official figure",""
"QCL","Crops and livestock products","072","Botswana","5510","Production","01199.90","Cereals n.e.c.","1961","1961","t","","M","Missing value; data cannot exist",""
"QCL","Crops and livestock products","072","Botswana","5510","Production","01199.90","Cereals n.e.c.","1962","1962","t","","M","Missing value; data cannot exist",""
"QCL","Crops and livestock products","072","Botswana","5510","Production","01199.90","Cereals n.e.c.","1963","1963","t","","M","Missing value; data cannot exist",""
"QCL","Crops and livestock products","072","Botswana","5510","Production","01199.90","Cereals n.e.c.","1964","1964","t","","M","Missing value; data cannot exist",""
"QCL","Crops and livestock products","072","Botswana","5510","Production","01199.90","Cereals n.e.c.","1965","1965","t","","M","Missing value; data cannot exist",""
"QCL","Crops and livestock products","072","Botswana","5510","Production","01199.90","Cereals n.e.c.","1966","1966","t","","M","Missing value; data cannot exist",""
"QCL","Crops and livestock products","072","Botswana","5510","Production","01199.90","Cereals n.e.c.","1967","1967","t","","M","Missing value; data cannot exist",""
"QCL","Crops and livestock products","072","Botswana","5510","Production","01199.90","Cereals n.e.c.","1968","1968","t","","M","Missing value; data cannot exist",""
"QCL","Crops and livestock products","072","Botswana","5510","Production","01199.90","Cereals n.e.c.","1969","1969","t","","M","Missing value; data cannot exist",""
"QCL","Crops and livestock products","072","Botswana","5510","Production","01199.90","Cereals n.e.c.","1970","1970","t","","M","Missing value; data cannot exist",""
"QCL","Crops and livestock products","072","Botswana","5510","Production","01199.90","Cereals n.e.c.","1971","1971","t","","M","Missing value; data cannot exist",""
"QCL","Crops and livestock products","072","Botswana","5510","Production","01199.90","Cereals n.e.c.","1972","1972","t","","M","Missing value; data cannot exist",""
"QCL","Crops and livestock products","072","Botswana","5510","Production","01199.90","Cereals n.e.c.","1973","1973","t","","M","Missing value; data cannot exist",""
"QCL","Crops and livestock products","072","Botswana","5510","Production","01199.90","Cereals n.e.c.","1974","1974","t","","M","Missing value; data cannot exist",""
"QCL","Crops and livestock products","072","Botswana","5510","Production","01199.90","Cereals n.e.c.","1975","1975","t","","M","Missing value; data cannot exist",""
"QCL","Crops and livestock products","072","Botswana","5510","Production","01199.90","Cereals n.e.c.","1976","1976","t","900","E","Estimated value",""
"QCL","Crops and livestock products","072","Botswana","5510","Production","01199.90","Cereals n.e.c.","1977","1977","t","1600","E","Estimated value",""
"QCL","Crops and livestock products","072","Botswana","5510","Production","01199.90","Cereals n.e.c.","1978","1978","t","1600","E","Estimated value",""
"QCL","Crops and livestock products","072","Botswana","5510","Production","01199.90","Cereals n.e.c.","1979","1979","t","1600","E","Estimated value",""
"QCL","Crops and livestock products","072","Botswana","5510","Production","01199.90","Cereals n.e.c.","1980","1980","t","1600","E","Estimated value",""
"QCL","Crops and livestock products","072","Botswana","5510","Production","01199.90","Cereals n.e.c.","1981","1981","t","1600","E","Estimated value",""
"QCL","Crops and livestock products","072","Botswana","5510","Production","01199.90","Cereals n.e.c.","1982","1982","t","1600","E","Estimated value",""
"QCL","Crops and livestock products","072","Botswana","5510","Production","01199.90","Cereals n.e.c.","1983","1983","t","1600","E","Estimated value",""
"QCL","Crops and livestock products","072","Botswana","5510","Production","01199.90","Cereals n.e.c.","1984","1984","t","1600","E","Estimated value",""
"QCL","Crops and livestock products","072","Botswana","5510","Production","01199.90","Cereals n.e.c.","1985","1985","t","1600","E","Estimated value",""
"QCL","Crops and livestock products","072","Botswana","5510","Production","01199.90","Cereals n.e.c.","1986","1986","t","1600","E","Estimated value",""
"QCL","Crops and livestock products","072","Botswana","5510","Production","01199.90","Cereals n.e.c.","1987","1987","t","1600","E","Estimated value",""
"QCL","Crops and livestock products","072","Botswana","5510","Production","01199.90","Cereals n.e.c.","1988","1988","t","1600","E","Estimated value",""
"QCL","Crops and livestock products","072","Botswana","5510","Production","01199.90","Cereals n.e.c.","1989","1989","t","1600","E","Estimated value",""
"QCL","Crops and livestock products","072","Botswana","5510","Production","01199.90","Cereals n.e.c.","1990","1990","t","1800","E","Estimated value",""
"QCL","Crops and livestock products","072","Botswana","5510","Production","01199.90","Cereals n.e.c.","1991","1991","t","2000","E","Estimated value",""
"QCL","Crops and livestock products","072","Botswana","5510","Production","01199.90","Cereals n.e.c.","1992","1992","t","2500","E","Estimated value",""
"QCL","Crops and livestock products","072","Botswana","5510","Production","01199.90","Cereals n.e.c.","1993","1993","t","3000","E","Estimated value",""
"QCL","Crops and livestock products","072","Botswana","5510","Production","01199.90","Cereals n.e.c.","1994","1994","t","2914.27","I","Value imputed by a receiving agency",""
"QCL","Crops and livestock products","072","Botswana","5510","Production","01199.90","Cereals n.e.c.","1995","1995","t","2766.17","I","Value imputed by a receiving agency",""
"QCL","Crops and livestock products","072","Botswana","5510","Production","01199.90","Cereals n.e.c.","1996","1996","t","2643.4","I","Value imputed by a receiving agency",""
"QCL","Crops and livestock products","072","Botswana","5510","Production","01199.90","Cereals n.e.c.","1997","1997","t","2508.1","I","Value imputed by a receiving agency",""
"QCL","Crops and livestock products","072","Botswana","5510","Production","01199.90","Cereals n.e.c.","1998","1998","t","2500","E","Estimated value",""
"QCL","Crops and livestock products","072","Botswana","5510","Production","01199.90","Cereals n.e.c.","1999","1999","t","2683.02","I","Value imputed by a receiving agency",""
"QCL","Crops and livestock products","072","Botswana","5510","Production","01199.90","Cereals n.e.c.","2000","2000","t","3000","E","Estimated value",""
"QCL","Crops and livestock products","072","Botswana","5510","Production","01199.90","Cereals n.e.c.","2001","2001","t","2500","E","Estimated value",""
"QCL","Crops and livestock products","072","Botswana","5510","Production","01199.90","Cereals n.e.c.","2002","2002","t","1800","E","Estimated value",""
"QCL","Crops and livestock products","072","Botswana","5510","Production","01199.90","Cereals n.e.c.","2003","2003","t","1600","E","Estimated value",""
"QCL","Crops and livestock products","072","Botswana","5510","Production","01199.90","Cereals n.e.c.","2004","2004","t","1738.72","I","Value imputed by a receiving agency",""
"QCL","Crops and livestock products","072","Botswana","5510","Production","01199.90","Cereals n.e.c.","2005","2005","t","1780.1","I","Value imputed by a receiving agency",""
"QCL","Crops and livestock products","072","Botswana","5510","Production","01199.90","Cereals n.e.c.","2006","2006","t","1835.64","I","Value imputed by a receiving agency",""
"QCL","Crops and livestock products","072","Botswana","5510","Production","01199.90","Cereals n.e.c.","2007","2007","t","1800","E","Estimated value",""
"QCL","Crops and livestock products","072","Botswana","5510","Production","01199.90","Cereals n.e.c.","2008","2008","t","2401.01","I","Value imputed by a receiving agency",""
"QCL","Crops and livestock products","072","Botswana","5510","Production","01199.90","Cereals n.e.c.","2009","2009","t","2940.58","I","Value imputed by a receiving agency",""
"QCL","Crops and livestock products","072","Botswana","5510","Production","01199.90","Cereals n.e.c.","2010","2010","t","3600","E","Estimated value",""
"QCL","Crops and livestock products","072","Botswana","5510","Production","01199.90","Cereals n.e.c.","2011","2011","t","3700","E","Estimated value",""
"QCL","Crops and livestock products","072","Botswana","5510","Production","01199.90","Cereals n.e.c.","2012","2012","t","3800","E","Estimated value",""
"QCL","Crops and livestock products","072","Botswana","5510","Production","01199.90","Cereals n.e.c.","2013","2013","t","3900","E","Estimated value",""
"QCL","Crops and livestock products","072","Botswana","5510","Production","01199.90","Cereals n.e.c.","2014","2014","t","3995.48","I","Value imputed by a receiving agency",""
"QCL","Crops and livestock products","072","Botswana","5510","Production","01199.90","Cereals n.e.c.","2015","2015","t","4112.04","I","Value imputed by a receiving agency",""
"QCL","Crops and livestock products","072","Botswana","5510","Production","01199.90","Cereals n.e.c.","2016","2016","t","4002.51","E","Estimated value",""
"QCL","Crops and livestock products","072","Botswana","5510","Production","01199.90","Cereals n.e.c.","2017","2017","t","3868.96","I","Value imputed by a receiving agency",""
"QCL","Crops and livestock products","072","Botswana","5510","Production","01199.90","Cereals n.e.c.","2018","2018","t","3994.5","E","Estimated value",""
"QCL","Crops and livestock products","072","Botswana","5510","Production","01199.90","Cereals n.e.c.","2019","2019","t","4146.65","I","Value imputed by a receiving agency",""
"QCL","Crops and livestock products","072","Botswana","5510","Production","01199.90","Cereals n.e.c.","2020","2020","t","4003.37","E","Estimated value",""
"QCL","Crops and livestock products","072","Botswana","5510","Production","01199.90","Cereals n.e.c.","2021","2021","t","4183.78","I","Value imputed by a receiving agency",""
"QCL","Crops and livestock products","072","Botswana","5510","Production","01199.90","Cereals n.e.c.","2022","2022","t","4197.78","I","Value imputed by a receiving agency",""
"QCL","Crops and livestock products","072","Botswana","5510","Production","01199.90","Cereals n.e.c.","2023","2023","t","4211.75","I","Value imputed by a receiving agency",""
"QCL","Crops and livestock products","072","Botswana","5510","Production","01199.90","Cereals n.e.c.","2024","2024","t","4225.72","I","Value imputed by a receiving agency",""
"QCL","Crops and livestock products","100","Bulgaria","5510","Production","01199.90","Cereals n.e.c.","1961","1961","t","8000","E","Estimated value",""
"QCL","Crops and livestock products","100","Bulgaria","5510","Production","01199.90","Cereals n.e.c.","1962","1962","t","15000","E","Estimated value",""
"QCL","Crops and livestock products","100","Bulgaria","5510","Production","01199.90","Cereals n.e.c.","1963","1963","t","25000","E","Estimated value",""
"QCL","Crops and livestock products","100","Bulgaria","5510","Production","01199.90","Cereals n.e.c.","1964","1964","t","40000","E","Estimated value",""
"QCL","Crops and livestock products","100","Bulgaria","5510","Production","01199.90","Cereals n.e.c.","1965","1965","t","67368","A","Official figure",""
"QCL","Crops and livestock products","100","Bulgaria","5510","Production","01199.90","Cereals n.e.c.","1966","1966","t","2920","A","Official figure",""
"QCL","Crops and livestock products","100","Bulgaria","5510","Production","01199.90","Cereals n.e.c.","1967","1967","t","3272","A","Official figure",""
"QCL","Crops and livestock products","100","Bulgaria","5510","Production","01199.90","Cereals n.e.c.","1968","1968","t","5123","A","Official figure",""
"QCL","Crops and livestock products","100","Bulgaria","5510","Production","01199.90","Cereals n.e.c.","1969","1969","t","2012","A","Official figure",""
"QCL","Crops and livestock products","100","Bulgaria","5510","Production","01199.90","Cereals n.e.c.","1970","1970","t","12257","A","Official figure",""
"QCL","Crops and livestock products","100","Bulgaria","5510","Production","01199.90","Cereals n.e.c.","1971","1971","t","3982","A","Official figure",""
"QCL","Crops and livestock products","100","Bulgaria","5510","Production","01199.90","Cereals n.e.c.","1972","1972","t","4893","A","Official figure",""
"QCL","Crops and livestock products","100","Bulgaria","5510","Production","01199.90","Cereals n.e.c.","1973","1973","t","2658","A","Official figure",""
"QCL","Crops and livestock products","100","Bulgaria","5510","Production","01199.90","Cereals n.e.c.","1974","1974","t","165692","A","Official figure",""
"QCL","Crops and livestock products","100","Bulgaria","5510","Production","01199.90","Cereals n.e.c.","1975","1975","t","46394","A","Official figure",""
"QCL","Crops and livestock products","100","Bulgaria","5510","Production","01199.90","Cereals n.e.c.","1976","1976","t","46761","A","Official figure",""
"QCL","Crops and livestock products","100","Bulgaria","5510","Production","01199.90","Cereals n.e.c.","1977","1977","t","26268","A","Official figure",""
"QCL","Crops and livestock products","100","Bulgaria","5510","Production","01199.90","Cereals n.e.c.","1978","1978","t","144800","X","Figure from external organization","Unofficial figure"
"QCL","Crops and livestock products","100","Bulgaria","5510","Production","01199.90","Cereals n.e.c.","1979","1979","t","10400","X","Figure from external organization","Unofficial figure"
"QCL","Crops and livestock products","100","Bulgaria","5510","Production","01199.90","Cereals n.e.c.","1980","1980","t","21200","X","Figure from external organization","Unofficial figure"
"QCL","Crops and livestock products","100","Bulgaria","5510","Production","01199.90","Cereals n.e.c.","1981","1981","t","30400","X","Figure from external organization","Unofficial figure"
"QCL","Crops and livestock products","100","Bulgaria","5510","Production","01199.90","Cereals n.e.c.","1982","1982","t","41869","X","Figure from external organization","Unofficial figure"
"QCL","Crops and livestock products","100","Bulgaria","5510","Production","01199.90","Cereals n.e.c.","1983","1983","t","25764","X","Figure from external organization","Unofficial figure"
"QCL","Crops and livestock products","100","Bulgaria","5510","Production","01199.90","Cereals n.e.c.","1984","1984","t","17370","X","Figure from external organization","Unofficial figure"
"QCL","Crops and livestock products","100","Bulgaria","5510","Production","01199.90","Cereals n.e.c.","1985","1985","t","21200","X","Figure from external organization","Unofficial figure"
"QCL","Crops and livestock products","100","Bulgaria","5510","Production","01199.90","Cereals n.e.c.","1986","1986","t","17500","A","Official figure",""
"QCL","Crops and livestock products","100","Bulgaria","5510","Production","01199.90","Cereals n.e.c.","1987","1987","t","34800","X","Figure from external organization","Unofficial figure"
"QCL","Crops and livestock products","100","Bulgaria","5510","Production","01199.90","Cereals n.e.c.","1988","1988","t","43800","X","Figure from external organization","Unofficial figure"
"QCL","Crops and livestock products","100","Bulgaria","5510","Production","01199.90","Cereals n.e.c.","1989","1989","t","62660","A","Official figure",""
"QCL","Crops and livestock products","100","Bulgaria","5510","Production","01199.90","Cereals n.e.c.","1990","1990","t","75921","A","Official figure",""
"QCL","Crops and livestock products","100","Bulgaria","5510","Production","01199.90","Cereals n.e.c.","1991","1991","t","82404","A","Official figure",""
"QCL","Crops and livestock products","100","Bulgaria","5510","Production","01199.90","Cereals n.e.c.","1992","1992","t","48575","A","Official figure",""
"QCL","Crops and livestock products","100","Bulgaria","5510","Production","01199.90","Cereals n.e.c.","1993","1993","t","26000","A","Official figure",""
"QCL","Crops and livestock products","100","Bulgaria","5510","Production","01199.90","Cereals n.e.c.","1994","1994","t","17859","A","Official figure",""
"QCL","Crops and livestock products","100","Bulgaria","5510","Production","01199.90","Cereals n.e.c.","1995","1995","t","17359","A","Official figure",""
"QCL","Crops and livestock products","100","Bulgaria","5510","Production","01199.90","Cereals n.e.c.","1996","1996","t","13340","X","Figure from external organization","Unofficial figure"
"QCL","Crops and livestock products","100","Bulgaria","5510","Production","01199.90","Cereals n.e.c.","1997","1997","t","15100","X","Figure from external organization","Unofficial figure"
"QCL","Crops and livestock products","100","Bulgaria","5510","Production","01199.90","Cereals n.e.c.","1998","1998","t","20323","A","Official figure",""
"QCL","Crops and livestock products","100","Bulgaria","5510","Production","01199.90","Cereals n.e.c.","1999","1999","t","16000","E","Estimated value",""
"QCL","Crops and livestock products","100","Bulgaria","5510","Production","01199.90","Cereals n.e.c.","2000","2000","t","15000","X","Figure from external organization","Unofficial figure"
"QCL","Crops and livestock products","100","Bulgaria","5510","Production","01199.90","Cereals n.e.c.","2001","2001","t","14766.48","I","Value imputed by a receiving agency",""
"QCL","Crops and livestock products","100","Bulgaria","5510","Production","01199.90","Cereals n.e.c.","2002","2002","t","12000","E","Estimated value",""
"QCL","Crops and livestock products","100","Bulgaria","5510","Production","01199.90","Cereals n.e.c.","2003","2003","t","8499","A","Official figure",""
"QCL","Crops and livestock products","100","Bulgaria","5510","Production","01199.90","Cereals n.e.c.","2004","2004","t","7322","A","Official figure",""
"QCL","Crops and livestock products","100","Bulgaria","5510","Production","01199.90","Cereals n.e.c.","2005","2005","t","3456","A","Official figure",""
"QCL","Crops and livestock products","100","Bulgaria","5510","Production","01199.90","Cereals n.e.c.","2006","2006","t","675","A","Official figure",""
"QCL","Crops and livestock products","100","Bulgaria","5510","Production","01199.90","Cereals n.e.c.","2007","2007","t","1125","A","Official figure",""
"QCL","Crops and livestock products","100","Bulgaria","5510","Production","01199.90","Cereals n.e.c.","2008","2008","t","379","A","Official figure",""
"QCL","Crops and livestock products","100","Bulgaria","5510","Production","01199.90","Cereals n.e.c.","2009","2009","t","400","E","Estimated value",""
"QCL","Crops and livestock products","100","Bulgaria","5510","Production","01199.90","Cereals n.e.c.","2010","2010","t","527","A","Official figure",""
"QCL","Crops and livestock products","100","Bulgaria","5510","Production","01199.90","Cereals n.e.c.","2011","2011","t","1238.72","I","Value imputed by a receiving agency",""
"QCL","Crops and livestock products","100","Bulgaria","5510","Production","01199.90","Cereals n.e.c.","2012","2012","t","1760","A","Official figure",""
"QCL","Crops and livestock products","100","Bulgaria","5510","Production","01199.90","Cereals n.e.c.","2013","2013","t","5963","A","Official figure",""
"QCL","Crops and livestock products","100","Bulgaria","5510","Production","01199.90","Cereals n.e.c.","2014","2014","t","217","A","Official figure",""
"QCL","Crops and livestock products","100","Bulgaria","5510","Production","01199.90","Cereals n.e.c.","2015","2015","t","1102","A","Official figure",""
"QCL","Crops and livestock products","100","Bulgaria","5510","Production","01199.90","Cereals n.e.c.","2016","2016","t","1536","A","Official figure",""
"QCL","Crops and livestock products","100","Bulgaria","5510","Production","01199.90","Cereals n.e.c.","2017","2017","t","1902","A","Official figure",""
"QCL","Crops and livestock products","100","Bulgaria","5510","Production","01199.90","Cereals n.e.c.","2018","2018","t","6110","A","Official figure",""
"QCL","Crops and livestock products","100","Bulgaria","5510","Production","01199.90","Cereals n.e.c.","2019","2019","t","6410","A","Official figure",""
"QCL","Crops and livestock products","100","Bulgaria","5510","Production","01199.90","Cereals n.e.c.","2020","2020","t","9670","A","Official figure",""
"QCL","Crops and livestock products","100","Bulgaria","5510","Production","01199.90","Cereals n.e.c.","2021","2021","t","6120","A","Official figure",""
"QCL","Crops and livestock products","100","Bulgaria","5510","Production","01199.90","Cereals n.e.c.","2022","2022","t","7560","A","Official figure",""
"QCL","Crops and livestock products","100","Bulgaria","5510","Production","01199.90","Cereals n.e.c.","2023","2023","t","7980","A","Official figure",""
"QCL","Crops and livestock products","100","Bulgaria","5510","Production","01199.90","Cereals n.e.c.","2024","2024","t","8100","A","Official figure",""
"QCL","Crops and livestock products","108","Burundi","5510","Production","01199.90","Cereals n.e.c.","1991","1991","t","","M","Missing value; data cannot exist",""
"QCL","Crops and livestock products","108","Burundi","5510","Production","01199.90","Cereals n.e.c.","1992","1992","t","","M","Missing value; data cannot exist",""
"QCL","Crops and livestock products","108","Burundi","5510","Production","01199.90","Cereals n.e.c.","1993","1993","t","","M","Missing value; data cannot exist",""
"QCL","Crops and livestock products","108","Burundi","5510","Production","01199.90","Cereals n.e.c.","1994","1994","t","","M","Missing value; data cannot exist",""
"QCL","Crops and livestock products","108","Burundi","5510","Production","01199.90","Cereals n.e.c.","1995","1995","t","","M","Missing value; data cannot exist",""
"QCL","Crops and livestock products","108","Burundi","5510","Production","01199.90","Cereals n.e.c.","1996","1996","t","","M","Missing value; data cannot exist",""
"QCL","Crops and livestock products","108","Burundi","5510","Production","01199.90","Cereals n.e.c.","1997","1997","t","","M","Missing value; data cannot exist",""
"QCL","Crops and livestock products","108","Burundi","5510","Production","01199.90","Cereals n.e.c.","1998","1998","t","","M","Missing value; data cannot exist",""
"QCL","Crops and livestock products","108","Burundi","5510","Production","01199.90","Cereals n.e.c.","1999","1999","t","","M","Missing value; data cannot exist",""
"QCL","Crops and livestock products","108","Burundi","5510","Production","01199.90","Cereals n.e.c.","2000","2000","t","9465","A","Official figure",""
"QCL","Crops and livestock products","108","Burundi","5510","Production","01199.90","Cereals n.e.c.","2001","2001","t","10589","A","Official figure",""
"QCL","Crops and livestock products","108","Burundi","5510","Production","01199.90","Cereals n.e.c.","2002","2002","t","10706","A","Official figure",""
"QCL","Crops and livestock products","108","Burundi","5510","Production","01199.90","Cereals n.e.c.","2003","2003","t","10597","A","Official figure",""
"QCL","Crops and livestock products","108","Burundi","5510","Production","01199.90","Cereals n.e.c.","2004","2004","t","10597","A","Official figure",""
"QCL","Crops and livestock products","108","Burundi","5510","Production","01199.90","Cereals n.e.c.","2005","2005","t","10597","A","Official figure",""
"QCL","Crops and livestock products","108","Burundi","5510","Production","01199.90","Cereals n.e.c.","2006","2006","t","10756","A","Official figure",""
"QCL","Crops and livestock products","108","Burundi","5510","Production","01199.90","Cereals n.e.c.","2007","2007","t","10741","A","Official figure",""
"QCL","Crops and livestock products","108","Burundi","5510","Production","01199.90","Cereals n.e.c.","2008","2008","t","10742","A","Official figure",""
"QCL","Crops and livestock products","108","Burundi","5510","Production","01199.90","Cereals n.e.c.","2009","2009","t","10846","A","Official figure",""
"QCL","Crops and livestock products","108","Burundi","5510","Production","01199.90","Cereals n.e.c.","2010","2010","t","10846","A","Official figure",""
"QCL","Crops and livestock products","108","Burundi","5510","Production","01199.90","Cereals n.e.c.","2011","2011","t","10777","A","Official figure",""
"QCL","Crops and livestock products","108","Burundi","5510","Production","01199.90","Cereals n.e.c.","2012","2012","t","5469","A","Official figure",""
"QCL","Crops and livestock products","108","Burundi","5510","Production","01199.90","Cereals n.e.c.","2013","2013","t","1806","A","Official figure",""
"QCL","Crops and livestock products","108","Burundi","5510","Production","01199.90","Cereals n.e.c.","2014","2014","t","3084","A","Official figure",""
"QCL","Crops and livestock products","108","Burundi","5510","Production","01199.90","Cereals n.e.c.","2015","2015","t","13062.23","I","Value imputed by a receiving agency",""
"QCL","Crops and livestock products","108","Burundi","5510","Production","01199.90","Cereals n.e.c.","2016","2016","t","29665","A","Official figure",""
"QCL","Crops and livestock products","108","Burundi","5510","Production","01199.90","Cereals n.e.c.","2017","2017","t","14773","A","Official figure",""
"QCL","Crops and livestock products","108","Burundi","5510","Production","01199.90","Cereals n.e.c.","2018","2018","t","18441","A","Official figure",""
"QCL","Crops and livestock products","108","Burundi","5510","Production","01199.90","Cereals n.e.c.","2019","2019","t","11000","X","Figure from external organization","Unofficial figure"
"QCL","Crops and livestock products","108","Burundi","5510","Production","01199.90","Cereals n.e.c.","2020","2020","t","14738","E","Estimated value",""
"QCL","Crops and livestock products","108","Burundi","5510","Production","01199.90","Cereals n.e.c.","2021","2021","t","14726.33","E","Estimated value",""
"QCL","Crops and livestock products","108","Burundi","5510","Production","01199.90","Cereals n.e.c.","2022","2022","t","13488.11","E","Estimated value",""
"QCL","Crops and livestock products","108","Burundi","5510","Production","01199.90","Cereals n.e.c.","2023","2023","t","14317.48","E","Estimated value",""
"QCL","Crops and livestock products","108","Burundi","5510","Production","01199.90","Cereals n.e.c.","2024","2024","t","14177.31","E","Estimated value",""
"QCL","Crops and livestock products","148","Chad","5510","Production","01199.90","Cereals n.e.c.","1961","1961","t","7100","E","Estimated value",""
"QCL","Crops and livestock products","148","Chad","5510","Production","01199.90","Cereals n.e.c.","1962","1962","t","7200","E","Estimated value",""
"QCL","Crops and livestock products","148","Chad","5510","Production","01199.90","Cereals n.e.c.","1963","1963","t","7300","E","Estimated value",""
"QCL","Crops and livestock products","148","Chad","5510","Production","01199.90","Cereals n.e.c.","1964","1964","t","7400","E","Estimated value",""
"QCL","Crops and livestock products","148","Chad","5510","Production","01199.90","Cereals n.e.c.","1965","1965","t","7500","E","Estimated value",""
"QCL","Crops and livestock products","148","Chad","5510","Production","01199.90","Cereals n.e.c.","1966","1966","t","7800","E","Estimated value",""
"QCL","Crops and livestock products","148","Chad","5510","Production","01199.90","Cereals n.e.c.","1967","1967","t","7900","E","Estimated value",""
"QCL","Crops and livestock products","148","Chad","5510","Production","01199.90","Cereals n.e.c.","1968","1968","t","7900","E","Estimated value",""
"QCL","Crops and livestock products","148","Chad","5510","Production","01199.90","Cereals n.e.c.","1969","1969","t","8000","E","Estimated value",""
"QCL","Crops and livestock products","148","Chad","5510","Production","01199.90","Cereals n.e.c.","1970","1970","t","8000","A","Official figure",""
"QCL","Crops and livestock products","148","Chad","5510","Production","01199.90","Cereals n.e.c.","1971","1971","t","8200","A","Official figure",""
"QCL","Crops and livestock products","148","Chad","5510","Production","01199.90","Cereals n.e.c.","1972","1972","t","8300","A","Official figure",""
"QCL","Crops and livestock products","148","Chad","5510","Production","01199.90","Cereals n.e.c.","1973","1973","t","8000","A","Official figure",""
"QCL","Crops and livestock products","148","Chad","5510","Production","01199.90","Cereals n.e.c.","1974","1974","t","8500","A","Official figure",""
"QCL","Crops and livestock products","148","Chad","5510","Production","01199.90","Cereals n.e.c.","1975","1975","t","10000","A","Official figure",""
"QCL","Crops and livestock products","148","Chad","5510","Production","01199.90","Cereals n.e.c.","1976","1976","t","11000","A","Official figure",""
"QCL","Crops and livestock products","148","Chad","5510","Production","01199.90","Cereals n.e.c.","1977","1977","t","12000","E","Estimated value",""
"QCL","Crops and livestock products","148","Chad","5510","Production","01199.90","Cereals n.e.c.","1978","1978","t","20000","E","Estimated value",""
"QCL","Crops and livestock products","148","Chad","5510","Production","01199.90","Cereals n.e.c.","1979","1979","t","30000","E","Estimated value",""
"QCL","Crops and livestock products","148","Chad","5510","Production","01199.90","Cereals n.e.c.","1980","1980","t","45000","E","Estimated value",""
"QCL","Crops and livestock products","148","Chad","5510","Production","01199.90","Cereals n.e.c.","1981","1981","t","60000","E","Estimated value",""
"QCL","Crops and livestock products","148","Chad","5510","Production","01199.90","Cereals n.e.c.","1982","1982","t","55000","E","Estimated value",""
"QCL","Crops and livestock products","148","Chad","5510","Production","01199.90","Cereals n.e.c.","1983","1983","t","47299","A","Official figure",""
"QCL","Crops and livestock products","148","Chad","5510","Production","01199.90","Cereals n.e.c.","1984","1984","t","18771","A","Official figure",""
"QCL","Crops and livestock products","148","Chad","5510","Production","01199.90","Cereals n.e.c.","1985","1985","t","95277","A","Official figure",""
"QCL","Crops and livestock products","148","Chad","5510","Production","01199.90","Cereals n.e.c.","1986","1986","t","42301","A","Official figure",""
"QCL","Crops and livestock products","148","Chad","5510","Production","01199.90","Cereals n.e.c.","1987","1987","t","36241","A","Official figure",""
"QCL","Crops and livestock products","148","Chad","5510","Production","01199.90","Cereals n.e.c.","1988","1988","t","84342","A","Official figure",""
"QCL","Crops and livestock products","148","Chad","5510","Production","01199.90","Cereals n.e.c.","1989","1989","t","74899","A","Official figure",""
"QCL","Crops and livestock products","148","Chad","5510","Production","01199.90","Cereals n.e.c.","1990","1990","t","56686","A","Official figure",""
"QCL","Crops and livestock products","148","Chad","5510","Production","01199.90","Cereals n.e.c.","1991","1991","t","131155","A","Official figure",""
"QCL","Crops and livestock products","148","Chad","5510","Production","01199.90","Cereals n.e.c.","1992","1992","t","97908","A","Official figure",""
"QCL","Crops and livestock products","148","Chad","5510","Production","01199.90","Cereals n.e.c.","1993","1993","t","75448","A","Official figure",""
"QCL","Crops and livestock products","148","Chad","5510","Production","01199.90","Cereals n.e.c.","1994","1994","t","122075","A","Official figure",""
"QCL","Crops and livestock products","148","Chad","5510","Production","01199.90","Cereals n.e.c.","1995","1995","t","97996","A","Official figure",""
"QCL","Crops and livestock products","148","Chad","5510","Production","01199.90","Cereals n.e.c.","1996","1996","t","92581","A","Official figure",""
"QCL","Crops and livestock products","148","Chad","5510","Production","01199.90","Cereals n.e.c.","1997","1997","t","95829","A","Official figure",""
"QCL","Crops and livestock products","148","Chad","5510","Production","01199.90","Cereals n.e.c.","1998","1998","t","135486","A","Official figure",""
"QCL","Crops and livestock products","148","Chad","5510","Production","01199.90","Cereals n.e.c.","1999","1999","t","177051","A","Official figure",""
"QCL","Crops and livestock products","148","Chad","5510","Production","01199.90","Cereals n.e.c.","2000","2000","t","120170","A","Official figure",""
"QCL","Crops and livestock products","148","Chad","5510","Production","01199.90","Cereals n.e.c.","2001","2001","t","206197","A","Official figure",""
"QCL","Crops and livestock products","148","Chad","5510","Production","01199.90","Cereals n.e.c.","2002","2002","t","151050","A","Official figure",""
"QCL","Crops and livestock products","148","Chad","5510","Production","01199.90","Cereals n.e.c.","2003","2003","t","290189","A","Official figure",""
"QCL","Crops and livestock products","148","Chad","5510","Production","01199.90","Cereals n.e.c.","2004","2004","t","267443","A","Official figure",""
"QCL","Crops and livestock products","148","Chad","5510","Production","01199.90","Cereals n.e.c.","2005","2005","t","338918","A","Official figure",""
"QCL","Crops and livestock products","148","Chad","5510","Production","01199.90","Cereals n.e.c.","2006","2006","t","337595","A","Official figure",""
"QCL","Crops and livestock products","148","Chad","5510","Production","01199.90","Cereals n.e.c.","2007","2007","t","583950","A","Official figure",""
"QCL","Crops and livestock products","148","Chad","5510","Production","01199.90","Cereals n.e.c.","2008","2008","t","406200","A","Official figure",""
"QCL","Crops and livestock products","148","Chad","5510","Production","01199.90","Cereals n.e.c.","2009","2009","t","315388","A","Official figure",""
"QCL","Crops and livestock products","148","Chad","5510","Production","01199.90","Cereals n.e.c.","2010","2010","t","1066278","A","Official figure",""
"QCL","Crops and livestock products","148","Chad","5510","Production","01199.90","Cereals n.e.c.","2011","2011","t","206422","A","Official figure",""
"QCL","Crops and livestock products","148","Chad","5510","Production","01199.90","Cereals n.e.c.","2012","2012","t","500102","A","Official figure",""
"QCL","Crops and livestock products","148","Chad","5510","Production","01199.90","Cereals n.e.c.","2013","2013","t","469558","A","Official figure",""
"QCL","Crops and livestock products","148","Chad","5510","Production","01199.90","Cereals n.e.c.","2014","2014","t","494445","A","Official figure",""
"QCL","Crops and livestock products","148","Chad","5510","Production","01199.90","Cereals n.e.c.","2015","2015","t","431056","A","Official figure",""
"QCL","Crops and livestock products","148","Chad","5510","Production","01199.90","Cereals n.e.c.","2016","2016","t","453716","A","Official figure",""
"QCL","Crops and livestock products","148","Chad","5510","Production","01199.90","Cereals n.e.c.","2017","2017","t","448500","A","Official figure",""
"QCL","Crops and livestock products","148","Chad","5510","Production","01199.90","Cereals n.e.c.","2018","2018","t","578562.44","A","Official figure",""
"QCL","Crops and livestock products","148","Chad","5510","Production","01199.90","Cereals n.e.c.","2019","2019","t","528373","A","Official figure",""
"QCL","Crops and livestock products","148","Chad","5510","Production","01199.90","Cereals n.e.c.","2020","2020","t","538196.75","A","Official figure",""
"QCL","Crops and livestock products","148","Chad","5510","Production","01199.90","Cereals n.e.c.","2021","2021","t","494352","A","Official figure",""
"QCL","Crops and livestock products","148","Chad","5510","Production","01199.90","Cereals n.e.c.","2022","2022","t","540719","A","Official figure",""
"QCL","Crops and livestock products","148","Chad","5510","Production","01199.90","Cereals n.e.c.","2023","2023","t","552226","A","Official figure",""
"QCL","Crops and livestock products","148","Chad","5510","Production","01199.90","Cereals n.e.c.","2024","2024","t","627560","A","Official figure",""
"QCL","Crops and livestock products","159","China","5510","Production","01199.90","Cereals n.e.c.","1961","1961","t","1000","E","Estimated value",""
"QCL","Crops and livestock products","159","China","5510","Production","01199.90","Cereals n.e.c.","1962","1962","t","1000","E","Estimated value",""
"QCL","Crops and livestock products","159","China","5510","Production","01199.90","Cereals n.e.c.","1963","1963","t","2000","E","Estimated value",""
"QCL","Crops and livestock products","159","China","5510","Production","01199.90","Cereals n.e.c.","1964","1964","t","2000","E","Estimated value",""
"QCL","Crops and livestock products","159","China","5510","Production","01199.90","Cereals n.e.c.","1965","1965","t","3000","E","Estimated value",""
"QCL","Crops and livestock products","159","China","5510","Production","01199.90","Cereals n.e.c.","1966","1966","t","5000","E","Estimated value",""
"QCL","Crops and livestock products","159","China","5510","Production","01199.90","Cereals n.e.c.","1967","1967","t","7000","E","Estimated value",""
"QCL","Crops and livestock products","159","China","5510","Production","01199.90","Cereals n.e.c.","1968","1968","t","9000","E","Estimated value",""
"QCL","Crops and livestock products","159","China","5510","Production","01199.90","Cereals n.e.c.","1969","1969","t","15000","E","Estimated value",""
"QCL","Crops and livestock products","159","China","5510","Production","01199.90","Cereals n.e.c.","1970","1970","t","15000","E","Estimated value",""
"QCL","Crops and livestock products","159","China","5510","Production","01199.90","Cereals n.e.c.","1971","1971","t","15000","E","Estimated value",""
"QCL","Crops and livestock products","159","China","5510","Production","01199.90","Cereals n.e.c.","1972","1972","t","10000","E","Estimated value",""
"QCL","Crops and livestock products","159","China","5510","Production","01199.90","Cereals n.e.c.","1973","1973","t","8000","E","Estimated value",""
"QCL","Crops and livestock products","159","China","5510","Production","01199.90","Cereals n.e.c.","1974","1974","t","5000","E","Estimated value",""
"QCL","Crops and livestock products","159","China","5510","Production","01199.90","Cereals n.e.c.","1975","1975","t","2500","E","Estimated value",""
"QCL","Crops and livestock products","159","China","5510","Production","01199.90","Cereals n.e.c.","1976","1976","t","2000","E","Estimated value",""
"QCL","Crops and livestock products","159","China","5510","Production","01199.90","Cereals n.e.c.","1977","1977","t","1000","E","Estimated value",""
"QCL","Crops and livestock products","159","China","5510","Production","01199.90","Cereals n.e.c.","1978","1978","t","500","E","Estimated value",""
"QCL","Crops and livestock products","159","China","5510","Production","01199.90","Cereals n.e.c.","1979","1979","t","500","E","Estimated value",""
"QCL","Crops and livestock products","159","China","5510","Production","01199.90","Cereals n.e.c.","1980","1980","t","500","E","Estimated value",""
"QCL","Crops and livestock products","159","China","5510","Production","01199.90","Cereals n.e.c.","1981","1981","t","500","E","Estimated value",""
"QCL","Crops and livestock products","159","China","5510","Production","01199.90","Cereals n.e.c.","1982","1982","t","648","A","Official figure",""
"QCL","Crops and livestock products","159","China","5510","Production","01199.90","Cereals n.e.c.","1983","1983","t","234","A","Official figure",""
"QCL","Crops and livestock products","159","China","5510","Production","01199.90","Cereals n.e.c.","1984","1984","t","238","A","Official figure",""
"QCL","Crops and livestock products","159","China","5510","Production","01199.90","Cereals n.e.c.","1985","1985","t","254","A","Official figure",""
"QCL","Crops and livestock products","159","China","5510","Production","01199.90","Cereals n.e.c.","1986","1986","t","904","A","Official figure",""
"QCL","Crops and livestock products","159","China","5510","Production","01199.90","Cereals n.e.c.","1987","1987","t","1472","A","Official figure",""
"QCL","Crops and livestock products","159","China","5510","Production","01199.90","Cereals n.e.c.","1988","1988","t","1200","A","Official figure",""
"QCL","Crops and livestock products","159","China","5510","Production","01199.90","Cereals n.e.c.","1989","1989","t","361","A","Official figure",""
"QCL","Crops and livestock products","159","China","5510","Production","01199.90","Cereals n.e.c.","1990","1990","t","426","A","Official figure",""
"QCL","Crops and livestock products","159","China","5510","Production","01199.90","Cereals n.e.c.","1991","1991","t","188","A","Official figure",""
"QCL","Crops and livestock products","159","China","5510","Production","01199.90","Cereals n.e.c.","1992","1992","t","295","A","Official figure",""
"QCL","Crops and livestock products","159","China","5510","Production","01199.90","Cereals n.e.c.","1993","1993","t","310","A","Official figure",""
"QCL","Crops and livestock products","159","China","5510","Production","01199.90","Cereals n.e.c.","1994","1994","t","290","A","Official figure",""
"QCL","Crops and livestock products","159","China","5510","Production","01199.90","Cereals n.e.c.","1995","1995","t","456","A","Official figure",""
"QCL","Crops and livestock products","159","China","5510","Production","01199.90","Cereals n.e.c.","1996","1996","t","388","A","Official figure",""
"QCL","Crops and livestock products","159","China","5510","Production","01199.90","Cereals n.e.c.","1997","1997","t","513","A","Official figure",""
"QCL","Crops and livestock products","159","China","5510","Production","01199.90","Cereals n.e.c.","1998","1998","t","568","A","Official figure",""
"QCL","Crops and livestock products","159","China","5510","Production","01199.90","Cereals n.e.c.","1999","1999","t","20305","E","Estimated value",""
"QCL","Crops and livestock products","159","China","5510","Production","01199.90","Cereals n.e.c.","2000","2000","t","25771","E","Estimated value",""
"QCL","Crops and livestock products","159","China","5510","Production","01199.90","Cereals n.e.c.","2001","2001","t","30384","E","Estimated value",""
"QCL","Crops and livestock products","159","China","5510","Production","01199.90","Cereals n.e.c.","2002","2002","t","35413","E","Estimated value",""
"QCL","Crops and livestock products","159","China","5510","Production","01199.90","Cereals n.e.c.","2003","2003","t","30375","E","Estimated value",""
"QCL","Crops and livestock products","159","China","5510","Production","01199.90","Cereals n.e.c.","2004","2004","t","29154","E","Estimated value",""
"QCL","Crops and livestock products","159","China","5510","Production","01199.90","Cereals n.e.c.","2005","2005","t","28236","E","Estimated value",""
"QCL","Crops and livestock products","159","China","5510","Production","01199.90","Cereals n.e.c.","2006","2006","t","20357","E","Estimated value",""
"QCL","Crops and livestock products","159","China","5510","Production","01199.90","Cereals n.e.c.","2007","2007","t","30189","E","Estimated value",""
"QCL","Crops and livestock products","159","China","5510","Production","01199.90","Cereals n.e.c.","2008","2008","t","30369","E","Estimated value",""
"QCL","Crops and livestock products","159","China","5510","Production","01199.90","Cereals n.e.c.","2009","2009","t","25548","E","Estimated value",""
"QCL","Crops and livestock products","159","China","5510","Production","01199.90","Cereals n.e.c.","2010","2010","t","30421.06","E","Estimated value",""
"QCL","Crops and livestock products","159","China","5510","Production","01199.90","Cereals n.e.c.","2011","2011","t","36180.88","E","Estimated value",""
"QCL","Crops and livestock products","159","China","5510","Production","01199.90","Cereals n.e.c.","2012","2012","t","39689.91","E","Estimated value",""
"QCL","Crops and livestock products","159","China","5510","Production","01199.90","Cereals n.e.c.","2013","2013","t","38091.47","E","Estimated value",""
"QCL","Crops and livestock products","159","China","5510","Production","01199.90","Cereals n.e.c.","2014","2014","t","44494","E","Estimated value",""
"QCL","Crops and livestock products","159","China","5510","Production","01199.90","Cereals n.e.c.","2015","2015","t","44905.99","E","Estimated value",""
"QCL","Crops and livestock products","159","China","5510","Production","01199.90","Cereals n.e.c.","2016","2016","t","42499.3","E","Estimated value",""
"QCL","Crops and livestock products","159","China","5510","Production","01199.90","Cereals n.e.c.","2017","2017","t","42408.06","E","Estimated value",""
"QCL","Crops and livestock products","159","China","5510","Production","01199.90","Cereals n.e.c.","2018","2018","t","43212.72","E","Estimated value",""
"QCL","Crops and livestock products","159","China","5510","Production","01199.90","Cereals n.e.c.","2019","2019","t","44141.6","E","Estimated value",""
"QCL","Crops and livestock products","159","China","5510","Production","01199.90","Cereals n.e.c.","2020","2020","t","44931.04","E","Estimated value",""
"QCL","Crops and livestock products","159","China","5510","Production","01199.90","Cereals n.e.c.","2021","2021","t","44091.55","E","Estimated value",""
"QCL","Crops and livestock products","159","China","5510","Production","01199.90","Cereals n.e.c.","2022","2022","t","44385.73","E","Estimated value",""
"QCL","Crops and livestock products","159","China","5510","Production","01199.90","Cereals n.e.c.","2023","2023","t","44470.34","E","Estimated value",""
"QCL","Crops and livestock products","159","China","5510","Production","01199.90","Cereals n.e.c.","2024","2024","t","44317.59","E","Estimated value",""
"QCL","Crops and livestock products","156","China, mainland","5510","Production","01199.90","Cereals n.e.c.","1991","1991","t","","M","Missing value; data cannot exist",""
"QCL","Crops and livestock products","156","China, mainland","5510","Production","01199.90","Cereals n.e.c.","1992","1992","t","","M","Missing value; data cannot exist",""
"QCL","Crops and livestock products","156","China, mainland","5510","Production","01199.90","Cereals n.e.c.","1993","1993","t","","M","Missing value; data cannot exist",""
"QCL","Crops and livestock products","156","China, mainland","5510","Production","01199.90","Cereals n.e.c.","1994","1994","t","","M","Missing value; data cannot exist",""
"QCL","Crops and livestock products","156","China, mainland","5510","Production","01199.90","Cereals n.e.c.","1995","1995","t","","M","Missing value; data cannot exist",""
"QCL","Crops and livestock products","156","China, mainland","5510","Production","01199.90","Cereals n.e.c.","1996","1996","t","","M","Missing value; data cannot exist",""
"QCL","Crops and livestock products","156","China, mainland","5510","Production","01199.90","Cereals n.e.c.","1997","1997","t","","M","Missing value; data cannot exist",""
"QCL","Crops and livestock products","156","China, mainland","5510","Production","01199.90","Cereals n.e.c.","1998","1998","t","","M","Missing value; data cannot exist",""
"QCL","Crops and livestock products","156","China, mainland","5510","Production","01199.90","Cereals n.e.c.","1999","1999","t","20000","E","Estimated value",""
"QCL","Crops and livestock products","156","China, mainland","5510","Production","01199.90","Cereals n.e.c.","2000","2000","t","25000","E","Estimated value",""
"QCL","Crops and livestock products","156","China, mainland","5510","Production","01199.90","Cereals n.e.c.","2001","2001","t","30000","E","Estimated value",""
"QCL","Crops and livestock products","156","China, mainland","5510","Production","01199.90","Cereals n.e.c.","2002","2002","t","35000","E","Estimated value",""
"QCL","Crops and livestock products","156","China, mainland","5510","Production","01199.90","Cereals n.e.c.","2003","2003","t","30000","E","Estimated value",""
"QCL","Crops and livestock products","156","China, mainland","5510","Production","01199.90","Cereals n.e.c.","2004","2004","t","29000","E","Estimated value",""
"QCL","Crops and livestock products","156","China, mainland","5510","Production","01199.90","Cereals n.e.c.","2005","2005","t","28000","E","Estimated value",""
"QCL","Crops and livestock products","156","China, mainland","5510","Production","01199.90","Cereals n.e.c.","2006","2006","t","20000","E","Estimated value",""
"QCL","Crops and livestock products","156","China, mainland","5510","Production","01199.90","Cereals n.e.c.","2007","2007","t","30000","E","Estimated value",""
"QCL","Crops and livestock products","156","China, mainland","5510","Production","01199.90","Cereals n.e.c.","2008","2008","t","30000","E","Estimated value",""
"QCL","Crops and livestock products","156","China, mainland","5510","Production","01199.90","Cereals n.e.c.","2009","2009","t","25000","E","Estimated value",""
"QCL","Crops and livestock products","156","China, mainland","5510","Production","01199.90","Cereals n.e.c.","2010","2010","t","30000","E","Estimated value",""
"QCL","Crops and livestock products","156","China, mainland","5510","Production","01199.90","Cereals n.e.c.","2011","2011","t","35800","X","Figure from external organization","Unofficial figure"
"QCL","Crops and livestock products","156","China, mainland","5510","Production","01199.90","Cereals n.e.c.","2012","2012","t","39300","X","Figure from external organization","Unofficial figure"
"QCL","Crops and livestock products","156","China, mainland","5510","Production","01199.90","Cereals n.e.c.","2013","2013","t","37700","X","Figure from external organization","Unofficial figure"
"QCL","Crops and livestock products","156","China, mainland","5510","Production","01199.90","Cereals n.e.c.","2014","2014","t","44100","X","Figure from external organization","Unofficial figure"
"QCL","Crops and livestock products","156","China, mainland","5510","Production","01199.90","Cereals n.e.c.","2015","2015","t","44510.57","I","Value imputed by a receiving agency",""
"QCL","Crops and livestock products","156","China, mainland","5510","Production","01199.90","Cereals n.e.c.","2016","2016","t","42103.52","E","Estimated value",""
"QCL","Crops and livestock products","156","China, mainland","5510","Production","01199.90","Cereals n.e.c.","2017","2017","t","42011.83","I","Value imputed by a receiving agency",""
"QCL","Crops and livestock products","156","China, mainland","5510","Production","01199.90","Cereals n.e.c.","2018","2018","t","42807.29","I","Value imputed by a receiving agency",""
"QCL","Crops and livestock products","156","China, mainland","5510","Production","01199.90","Cereals n.e.c.","2019","2019","t","43732.76","I","Value imputed by a receiving agency",""
"QCL","Crops and livestock products","156","China, mainland","5510","Production","01199.90","Cereals n.e.c.","2020","2020","t","44528.4","I","Value imputed by a receiving agency",""
"QCL","Crops and livestock products","156","China, mainland","5510","Production","01199.90","Cereals n.e.c.","2021","2021","t","43689.48","E","Estimated value",""
"QCL","Crops and livestock products","156","China, mainland","5510","Production","01199.90","Cereals n.e.c.","2022","2022","t","43983.55","E","Estimated value",""
"QCL","Crops and livestock products","156","China, mainland","5510","Production","01199.90","Cereals n.e.c.","2023","2023","t","44067.14","E","Estimated value",""
"QCL","Crops and livestock products","156","China, mainland","5510","Production","01199.90","Cereals n.e.c.","2024","2024","t","43913.39","E","Estimated value",""
"QCL","Crops and livestock products","158","China, Taiwan Province of","5510","Production","01199.90","Cereals n.e.c.","1961","1961","t","1000","E","Estimated value",""
"QCL","Crops and livestock products","158","China, Taiwan Province of","5510","Production","01199.90","Cereals n.e.c.","1962","1962","t","1000","E","Estimated value",""
"QCL","Crops and livestock products","158","China, Taiwan Province of","5510","Production","01199.90","Cereals n.e.c.","1963","1963","t","2000","E","Estimated value",""
"QCL","Crops and livestock products","158","China, Taiwan Province of","5510","Production","01199.90","Cereals n.e.c.","1964","1964","t","2000","E","Estimated value",""
"QCL","Crops and livestock products","158","China, Taiwan Province of","5510","Production","01199.90","Cereals n.e.c.","1965","1965","t","3000","E","Estimated value",""
"QCL","Crops and livestock products","158","China, Taiwan Province of","5510","Production","01199.90","Cereals n.e.c.","1966","1966","t","5000","E","Estimated value",""
"QCL","Crops and livestock products","158","China, Taiwan Province of","5510","Production","01199.90","Cereals n.e.c.","1967","1967","t","7000","E","Estimated value",""
"QCL","Crops and livestock products","158","China, Taiwan Province of","5510","Production","01199.90","Cereals n.e.c.","1968","1968","t","9000","E","Estimated value",""
"QCL","Crops and livestock products","158","China, Taiwan Province of","5510","Production","01199.90","Cereals n.e.c.","1969","1969","t","15000","E","Estimated value",""
"QCL","Crops and livestock products","158","China, Taiwan Province of","5510","Production","01199.90","Cereals n.e.c.","1970","1970","t","15000","E","Estimated value",""
"QCL","Crops and livestock products","158","China, Taiwan Province of","5510","Production","01199.90","Cereals n.e.c.","1971","1971","t","15000","E","Estimated value",""
"QCL","Crops and livestock products","158","China, Taiwan Province of","5510","Production","01199.90","Cereals n.e.c.","1972","1972","t","10000","E","Estimated value",""
"QCL","Crops and livestock products","158","China, Taiwan Province of","5510","Production","01199.90","Cereals n.e.c.","1973","1973","t","8000","E","Estimated value",""
"QCL","Crops and livestock products","158","China, Taiwan Province of","5510","Production","01199.90","Cereals n.e.c.","1974","1974","t","5000","E","Estimated value",""
"QCL","Crops and livestock products","158","China, Taiwan Province of","5510","Production","01199.90","Cereals n.e.c.","1975","1975","t","2500","E","Estimated value",""
"QCL","Crops and livestock products","158","China, Taiwan Province of","5510","Production","01199.90","Cereals n.e.c.","1976","1976","t","2000","E","Estimated value",""
"QCL","Crops and livestock products","158","China, Taiwan Province of","5510","Production","01199.90","Cereals n.e.c.","1977","1977","t","1000","E","Estimated value",""
"QCL","Crops and livestock products","158","China, Taiwan Province of","5510","Production","01199.90","Cereals n.e.c.","1978","1978","t","500","E","Estimated value",""
"QCL","Crops and livestock products","158","China, Taiwan Province of","5510","Production","01199.90","Cereals n.e.c.","1979","1979","t","500","E","Estimated value",""
"QCL","Crops and livestock products","158","China, Taiwan Province of","5510","Production","01199.90","Cereals n.e.c.","1980","1980","t","500","E","Estimated value",""
"QCL","Crops and livestock products","158","China, Taiwan Province of","5510","Production","01199.90","Cereals n.e.c.","1981","1981","t","500","E","Estimated value",""
"QCL","Crops and livestock products","158","China, Taiwan Province of","5510","Production","01199.90","Cereals n.e.c.","1982","1982","t","648","A","Official figure",""
"QCL","Crops and livestock products","158","China, Taiwan Province of","5510","Production","01199.90","Cereals n.e.c.","1983","1983","t","234","A","Official figure",""
"QCL","Crops and livestock products","158","China, Taiwan Province of","5510","Production","01199.90","Cereals n.e.c.","1984","1984","t","238","A","Official figure",""
"QCL","Crops and livestock products","158","China, Taiwan Province of","5510","Production","01199.90","Cereals n.e.c.","1985","1985","t","254","A","Official figure",""
"QCL","Crops and livestock products","158","China, Taiwan Province of","5510","Production","01199.90","Cereals n.e.c.","1986","1986","t","904","A","Official figure",""
"QCL","Crops and livestock products","158","China, Taiwan Province of","5510","Production","01199.90","Cereals n.e.c.","1987","1987","t","1472","A","Official figure",""
"QCL","Crops and livestock products","158","China, Taiwan Province of","5510","Production","01199.90","Cereals n.e.c.","1988","1988","t","1200","A","Official figure",""
"QCL","Crops and livestock products","158","China, Taiwan Province of","5510","Production","01199.90","Cereals n.e.c.","1989","1989","t","361","A","Official figure",""
"QCL","Crops and livestock products","158","China, Taiwan Province of","5510","Production","01199.90","Cereals n.e.c.","1990","1990","t","426","A","Official figure",""
"QCL","Crops and livestock products","158","China, Taiwan Province of","5510","Production","01199.90","Cereals n.e.c.","1991","1991","t","188","A","Official figure",""
"QCL","Crops and livestock products","158","China, Taiwan Province of","5510","Production","01199.90","Cereals n.e.c.","1992","1992","t","295","A","Official figure",""
"QCL","Crops and livestock products","158","China, Taiwan Province of","5510","Production","01199.90","Cereals n.e.c.","1993","1993","t","310","A","Official figure",""
"QCL","Crops and livestock products","158","China, Taiwan Province of","5510","Production","01199.90","Cereals n.e.c.","1994","1994","t","290","A","Official figure",""
"QCL","Crops and livestock products","158","China, Taiwan Province of","5510","Production","01199.90","Cereals n.e.c.","1995","1995","t","456","A","Official figure",""
"QCL","Crops and livestock products","158","China, Taiwan Province of","5510","Production","01199.90","Cereals n.e.c.","1996","1996","t","388","A","Official figure",""
"QCL","Crops and livestock products","158","China, Taiwan Province of","5510","Production","01199.90","Cereals n.e.c.","1997","1997","t","513","A","Official figure",""
"QCL","Crops and livestock products","158","China, Taiwan Province of","5510","Production","01199.90","Cereals n.e.c.","1998","1998","t","568","A","Official figure",""
"QCL","Crops and livestock products","158","China, Taiwan Province of","5510","Production","01199.90","Cereals n.e.c.","1999","1999","t","305","A","Official figure",""
"QCL","Crops and livestock products","158","China, Taiwan Province of","5510","Production","01199.90","Cereals n.e.c.","2000","2000","t","771","A","Official figure",""
"QCL","Crops and livestock products","158","China, Taiwan Province of","5510","Production","01199.90","Cereals n.e.c.","2001","2001","t","384","A","Official figure",""
"QCL","Crops and livestock products","158","China, Taiwan Province of","5510","Production","01199.90","Cereals n.e.c.","2002","2002","t","413","A","Official figure",""
"QCL","Crops and livestock products","158","China, Taiwan Province of","5510","Production","01199.90","Cereals n.e.c.","2003","2003","t","375","A","Official figure",""
"QCL","Crops and livestock products","158","China, Taiwan Province of","5510","Production","01199.90","Cereals n.e.c.","2004","2004","t","154","A","Official figure",""
"QCL","Crops and livestock products","158","China, Taiwan Province of","5510","Production","01199.90","Cereals n.e.c.","2005","2005","t","236","A","Official figure",""
"QCL","Crops and livestock products","158","China, Taiwan Province of","5510","Production","01199.90","Cereals n.e.c.","2006","2006","t","357","A","Official figure",""
"QCL","Crops and livestock products","158","China, Taiwan Province of","5510","Production","01199.90","Cereals n.e.c.","2007","2007","t","189","A","Official figure",""
"QCL","Crops and livestock products","158","China, Taiwan Province of","5510","Production","01199.90","Cereals n.e.c.","2008","2008","t","369","A","Official figure",""
"QCL","Crops and livestock products","158","China, Taiwan Province of","5510","Production","01199.90","Cereals n.e.c.","2009","2009","t","548","A","Official figure",""
"QCL","Crops and livestock products","158","China, Taiwan Province of","5510","Production","01199.90","Cereals n.e.c.","2010","2010","t","421.06","I","Value imputed by a receiving agency",""
"QCL","Crops and livestock products","158","China, Taiwan Province of","5510","Production","01199.90","Cereals n.e.c.","2011","2011","t","380.88","I","Value imputed by a receiving agency",""
"QCL","Crops and livestock products","158","China, Taiwan Province of","5510","Production","01199.90","Cereals n.e.c.","2012","2012","t","389.91","I","Value imputed by a receiving agency",""
"QCL","Crops and livestock products","158","China, Taiwan Province of","5510","Production","01199.90","Cereals n.e.c.","2013","2013","t","391.47","I","Value imputed by a receiving agency",""
"QCL","Crops and livestock products","158","China, Taiwan Province of","5510","Production","01199.90","Cereals n.e.c.","2014","2014","t","394","I","Value imputed by a receiving agency",""
"QCL","Crops and livestock products","158","China, Taiwan Province of","5510","Production","01199.90","Cereals n.e.c.","2015","2015","t","395.42","I","Value imputed by a receiving agency",""
"QCL","Crops and livestock products","158","China, Taiwan Province of","5510","Production","01199.90","Cereals n.e.c.","2016","2016","t","395.77","I","Value imputed by a receiving agency",""
"QCL","Crops and livestock products","158","China, Taiwan Province of","5510","Production","01199.90","Cereals n.e.c.","2017","2017","t","396.23","I","Value imputed by a receiving agency",""
"QCL","Crops and livestock products","158","China, Taiwan Province of","5510","Production","01199.90","Cereals n.e.c.","2018","2018","t","405.43","I","Value imputed by a receiving agency",""
"QCL","Crops and livestock products","158","China, Taiwan Province of","5510","Production","01199.90","Cereals n.e.c.","2019","2019","t","408.84","I","Value imputed by a receiving agency",""
"QCL","Crops and livestock products","158","China, Taiwan Province of","5510","Production","01199.90","Cereals n.e.c.","2020","2020","t","402.64","I","Value imputed by a receiving agency",""
"QCL","Crops and livestock products","158","China, Taiwan Province of","5510","Production","01199.90","Cereals n.e.c.","2021","2021","t","402.07","I","Value imputed by a receiving agency",""
"QCL","Crops and livestock products","158","China, Taiwan Province of","5510","Production","01199.90","Cereals n.e.c.","2022","2022","t","402.18","I","Value imputed by a receiving agency",""
"QCL","Crops and livestock products","158","China, Taiwan Province of","5510","Production","01199.90","Cereals n.e.c.","2023","2023","t","403.19","I","Value imputed by a receiving agency",""
"QCL","Crops and livestock products","158","China, Taiwan Province of","5510","Production","01199.90","Cereals n.e.c.","2024","2024","t","404.2","I","Value imputed by a receiving agency",""
"QCL","Crops and livestock products","170","Colombia","5510","Production","01199.90","Cereals n.e.c.","2011","2011","t","","M","Missing value; data cannot exist",""
"QCL","Crops and livestock products","170","Colombia","5510","Production","01199.90","Cereals n.e.c.","2012","2012","t","706","A","Official figure",""
"QCL","Crops and livestock products","170","Colombia","5510","Production","01199.90","Cereals n.e.c.","2013","2013","t","1409","A","Official figure",""
"QCL","Crops and livestock products","170","Colombia","5510","Production","01199.90","Cereals n.e.c.","2014","2014","t","2739","A","Official figure",""
"QCL","Crops and livestock products","170","Colombia","5510","Production","01199.90","Cereals n.e.c.","2015","2015","t","4289","A","Official figure",""
"QCL","Crops and livestock products","170","Colombia","5510","Production","01199.90","Cereals n.e.c.","2016","2016","t","4250","A","Official figure",""
"QCL","Crops and livestock products","170","Colombia","5510","Production","01199.90","Cereals n.e.c.","2017","2017","t","4477","A","Official figure",""
"QCL","Crops and livestock products","170","Colombia","5510","Production","01199.90","Cereals n.e.c.","2018","2018","t","5257","A","Official figure",""
"QCL","Crops and livestock products","170","Colombia","5510","Production","01199.90","Cereals n.e.c.","2019","2019","t","6316","A","Official figure",""
"QCL","Crops and livestock products","170","Colombia","5510","Production","01199.90","Cereals n.e.c.","2020","2020","t","8805","A","Official figure",""
"QCL","Crops and livestock products","170","Colombia","5510","Production","01199.90","Cereals n.e.c.","2021","2021","t","6638","A","Official figure",""
"QCL","Crops and livestock products","170","Colombia","5510","Production","01199.90","Cereals n.e.c.","2022","2022","t","4738","A","Official figure",""
"QCL","Crops and livestock products","170","Colombia","5510","Production","01199.90","Cereals n.e.c.","2023","2023","t","6420","A","Official figure",""
"QCL","Crops and livestock products","170","Colombia","5510","Production","01199.90","Cereals n.e.c.","2024","2024","t","5697.35","A","Official figure",""
"QCL","Crops and livestock products","178","Congo","5510","Production","01199.90","Cereals n.e.c.","1991","1991","t","","M","Missing value; data cannot exist",""
"QCL","Crops and livestock products","178","Congo","5510","Production","01199.90","Cereals n.e.c.","1992","1992","t","","M","Missing value; data cannot exist",""
"QCL","Crops and livestock products","178","Congo","5510","Production","01199.90","Cereals n.e.c.","1993","1993","t","2000","E","Estimated value",""
"QCL","Crops and livestock products","178","Congo","5510","Production","01199.90","Cereals n.e.c.","1994","1994","t","2012.85","I","Value imputed by a receiving agency",""
"QCL","Crops and livestock products","178","Congo","5510","Production","01199.90","Cereals n.e.c.","1995","1995","t","2029.25","I","Value imputed by a receiving agency",""
"QCL","Crops and livestock products","178","Congo","5510","Production","01199.90","Cereals n.e.c.","1996","1996","t","2045.64","I","Value imputed by a receiving agency",""
"QCL","Crops and livestock products","178","Congo","5510","Production","01199.90","Cereals n.e.c.","1997","1997","t","2062.03","I","Value imputed by a receiving agency",""
"QCL","Crops and livestock products","178","Congo","5510","Production","01199.90","Cereals n.e.c.","1998","1998","t","2078.4","I","Value imputed by a receiving agency",""
"QCL","Crops and livestock products","178","Congo","5510","Production","01199.90","Cereals n.e.c.","1999","1999","t","2094.76","I","Value imputed by a receiving agency",""
"QCL","Crops and livestock products","178","Congo","5510","Production","01199.90","Cereals n.e.c.","2000","2000","t","2111.33","I","Value imputed by a receiving agency",""
"QCL","Crops and livestock products","178","Congo","5510","Production","01199.90","Cereals n.e.c.","2001","2001","t","2127.71","I","Value imputed by a receiving agency",""
"QCL","Crops and livestock products","178","Congo","5510","Production","01199.90","Cereals n.e.c.","2002","2002","t","2150","E","Estimated value",""
"QCL","Crops and livestock products","178","Congo","5510","Production","01199.90","Cereals n.e.c.","2003","2003","t","2159.48","I","Value imputed by a receiving agency",""
"QCL","Crops and livestock products","178","Congo","5510","Production","01199.90","Cereals n.e.c.","2004","2004","t","2174.91","I","Value imputed by a receiving agency",""
"QCL","Crops and livestock products","178","Congo","5510","Production","01199.90","Cereals n.e.c.","2005","2005","t","2190.42","I","Value imputed by a receiving agency",""
"QCL","Crops and livestock products","178","Congo","5510","Production","01199.90","Cereals n.e.c.","2006","2006","t","2200","E","Estimated value",""
"QCL","Crops and livestock products","178","Congo","5510","Production","01199.90","Cereals n.e.c.","2007","2007","t","2223.02","I","Value imputed by a receiving agency",""
"QCL","Crops and livestock products","178","Congo","5510","Production","01199.90","Cereals n.e.c.","2008","2008","t","2250","E","Estimated value",""
"QCL","Crops and livestock products","178","Congo","5510","Production","01199.90","Cereals n.e.c.","2009","2009","t","2200","E","Estimated value",""
"QCL","Crops and livestock products","178","Congo","5510","Production","01199.90","Cereals n.e.c.","2010","2010","t","2300","E","Estimated value",""
"QCL","Crops and livestock products","178","Congo","5510","Production","01199.90","Cereals n.e.c.","2011","2011","t","2350","E","Estimated value",""
"QCL","Crops and livestock products","178","Congo","5510","Production","01199.90","Cereals n.e.c.","2012","2012","t","2400","E","Estimated value",""
"QCL","Crops and livestock products","178","Congo","5510","Production","01199.90","Cereals n.e.c.","2013","2013","t","2450","E","Estimated value",""
"QCL","Crops and livestock products","178","Congo","5510","Production","01199.90","Cereals n.e.c.","2014","2014","t","2488.7","I","Value imputed by a receiving agency",""
"QCL","Crops and livestock products","178","Congo","5510","Production","01199.90","Cereals n.e.c.","2015","2015","t","2433.52","I","Value imputed by a receiving agency",""
"QCL","Crops and livestock products","178","Congo","5510","Production","01199.90","Cereals n.e.c.","2016","2016","t","2434.05","I","Value imputed by a receiving agency",""
"QCL","Crops and livestock products","178","Congo","5510","Production","01199.90","Cereals n.e.c.","2017","2017","t","2442.63","I","Value imputed by a receiving agency",""
"QCL","Crops and livestock products","178","Congo","5510","Production","01199.90","Cereals n.e.c.","2018","2018","t","2458.87","I","Value imputed by a receiving agency",""
"QCL","Crops and livestock products","178","Congo","5510","Production","01199.90","Cereals n.e.c.","2019","2019","t","2478.94","I","Value imputed by a receiving agency",""
"QCL","Crops and livestock products","178","Congo","5510","Production","01199.90","Cereals n.e.c.","2020","2020","t","2497.86","I","Value imputed by a receiving agency",""
"QCL","Crops and livestock products","178","Congo","5510","Production","01199.90","Cereals n.e.c.","2021","2021","t","2506.48","I","Value imputed by a receiving agency",""
"QCL","Crops and livestock products","178","Congo","5510","Production","01199.90","Cereals n.e.c.","2022","2022","t","2500.72","I","Value imputed by a receiving agency",""
"QCL","Crops and livestock products","178","Congo","5510","Production","01199.90","Cereals n.e.c.","2023","2023","t","2507.82","I","Value imputed by a receiving agency",""
"QCL","Crops and livestock products","178","Congo","5510","Production","01199.90","Cereals n.e.c.","2024","2024","t","2514.92","I","Value imputed by a receiving agency",""
"QCL","Crops and livestock products","191","Croatia","5510","Production","01199.90","Cereals n.e.c.","1992","1992","t","3695.84","I","Value imputed by a receiving agency",""
"QCL","Crops and livestock products","191","Croatia","5510","Production","01199.90","Cereals n.e.c.","1993","1993","t","3800.09","I","Value imputed by a receiving agency",""
"QCL","Crops and livestock products","191","Croatia","5510","Production","01199.90","Cereals n.e.c.","1994","1994","t","3904.33","I","Value imputed by a receiving agency",""
"QCL","Crops and livestock products","191","Croatia","5510","Production","01199.90","Cereals n.e.c.","1995","1995","t","4008.58","I","Value imputed by a receiving agency",""
"QCL","Crops and livestock products","191","Croatia","5510","Production","01199.90","Cereals n.e.c.","1996","1996","t","4112.82","I","Value imputed by a receiving agency",""
"QCL","Crops and livestock products","191","Croatia","5510","Production","01199.90","Cereals n.e.c.","1997","1997","t","4217.07","I","Value imputed by a receiving agency",""
"QCL","Crops and livestock products","191","Croatia","5510","Production","01199.90","Cereals n.e.c.","1998","1998","t","4321.32","I","Value imputed by a receiving agency",""
"QCL","Crops and livestock products","191","Croatia","5510","Production","01199.90","Cereals n.e.c.","1999","1999","t","4425.56","I","Value imputed by a receiving agency",""
"QCL","Crops and livestock products","191","Croatia","5510","Production","01199.90","Cereals n.e.c.","2000","2000","t","4529.81","I","Value imputed by a receiving agency",""
"QCL","Crops and livestock products","191","Croatia","5510","Production","01199.90","Cereals n.e.c.","2001","2001","t","4638.97","I","Value imputed by a receiving agency",""
"QCL","Crops and livestock products","191","Croatia","5510","Production","01199.90","Cereals n.e.c.","2002","2002","t","4748.76","I","Value imputed by a receiving agency",""
"QCL","Crops and livestock products","191","Croatia","5510","Production","01199.90","Cereals n.e.c.","2003","2003","t","4858.55","I","Value imputed by a receiving agency",""
"QCL","Crops and livestock products","191","Croatia","5510","Production","01199.90","Cereals n.e.c.","2004","2004","t","4968.35","I","Value imputed by a receiving agency",""
"QCL","Crops and livestock products","191","Croatia","5510","Production","01199.90","Cereals n.e.c.","2005","2005","t","","M","Missing value; data cannot exist",""
"QCL","Crops and livestock products","191","Croatia","5510","Production","01199.90","Cereals n.e.c.","2006","2006","t","","M","Missing value; data cannot exist",""
"QCL","Crops and livestock products","191","Croatia","5510","Production","01199.90","Cereals n.e.c.","2007","2007","t","","M","Missing value; data cannot exist",""
"QCL","Crops and livestock products","191","Croatia","5510","Production","01199.90","Cereals n.e.c.","2008","2008","t","","M","Missing value; data cannot exist",""
"QCL","Crops and livestock products","191","Croatia","5510","Production","01199.90","Cereals n.e.c.","2009","2009","t","","M","Missing value; data cannot exist",""
"QCL","Crops and livestock products","191","Croatia","5510","Production","01199.90","Cereals n.e.c.","2010","2010","t","5627.09","I","Value imputed by a receiving agency",""
"QCL","Crops and livestock products","191","Croatia","5510","Production","01199.90","Cereals n.e.c.","2011","2011","t","5736.88","I","Value imputed by a receiving agency",""
"QCL","Crops and livestock products","191","Croatia","5510","Production","01199.90","Cereals n.e.c.","2012","2012","t","5846.67","I","Value imputed by a receiving agency",""
"QCL","Crops and livestock products","191","Croatia","5510","Production","01199.90","Cereals n.e.c.","2013","2013","t","5952.11","I","Value imputed by a receiving agency",""
"QCL","Crops and livestock products","191","Croatia","5510","Production","01199.90","Cereals n.e.c.","2014","2014","t","5902.94","I","Value imputed by a receiving agency",""
"QCL","Crops and livestock products","191","Croatia","5510","Production","01199.90","Cereals n.e.c.","2015","2015","t","4479","A","Official figure",""
"QCL","Crops and livestock products","191","Croatia","5510","Production","01199.90","Cereals n.e.c.","2016","2016","t","9170","A","Official figure",""
"QCL","Crops and livestock products","191","Croatia","5510","Production","01199.90","Cereals n.e.c.","2017","2017","t","5273","A","Official figure",""
"QCL","Crops and livestock products","191","Croatia","5510","Production","01199.90","Cereals n.e.c.","2018","2018","t","780","A","Official figure",""
"QCL","Crops and livestock products","191","Croatia","5510","Production","01199.90","Cereals n.e.c.","2019","2019","t","1000","A","Official figure",""
"QCL","Crops and livestock products","191","Croatia","5510","Production","01199.90","Cereals n.e.c.","2020","2020","t","1900","A","Official figure",""
"QCL","Crops and livestock products","191","Croatia","5510","Production","01199.90","Cereals n.e.c.","2021","2021","t","1710","A","Official figure",""
"QCL","Crops and livestock products","191","Croatia","5510","Production","01199.90","Cereals n.e.c.","2022","2022","t","1000","A","Official figure",""
"QCL","Crops and livestock products","191","Croatia","5510","Production","01199.90","Cereals n.e.c.","2023","2023","t","770","A","Official figure",""
"QCL","Crops and livestock products","191","Croatia","5510","Production","01199.90","Cereals n.e.c.","2024","2024","t","820","A","Official figure",""
"QCL","Crops and livestock products","203","Czechia","5510","Production","01199.90","Cereals n.e.c.","1993","1993","t","9412","A","Official figure",""
"QCL","Crops and livestock products","203","Czechia","5510","Production","01199.90","Cereals n.e.c.","1994","1994","t","10000","E","Estimated value",""
"QCL","Crops and livestock products","203","Czechia","5510","Production","01199.90","Cereals n.e.c.","1995","1995","t","11000","E","Estimated value",""
"QCL","Crops and livestock products","203","Czechia","5510","Production","01199.90","Cereals n.e.c.","1996","1996","t","11000","E","Estimated value",""
"QCL","Crops and livestock products","203","Czechia","5510","Production","01199.90","Cereals n.e.c.","1997","1997","t","10500","E","Estimated value",""
"QCL","Crops and livestock products","203","Czechia","5510","Production","01199.90","Cereals n.e.c.","1998","1998","t","10000","E","Estimated value",""
"QCL","Crops and livestock products","203","Czechia","5510","Production","01199.90","Cereals n.e.c.","1999","1999","t","9000","E","Estimated value",""
"QCL","Crops and livestock products","203","Czechia","5510","Production","01199.90","Cereals n.e.c.","2000","2000","t","12000","E","Estimated value",""
"QCL","Crops and livestock products","203","Czechia","5510","Production","01199.90","Cereals n.e.c.","2001","2001","t","11000","E","Estimated value",""
"QCL","Crops and livestock products","203","Czechia","5510","Production","01199.90","Cereals n.e.c.","2002","2002","t","10000","E","Estimated value",""
"QCL","Crops and livestock products","203","Czechia","5510","Production","01199.90","Cereals n.e.c.","2003","2003","t","13000","E","Estimated value",""
"QCL","Crops and livestock products","203","Czechia","5510","Production","01199.90","Cereals n.e.c.","2004","2004","t","15000","E","Estimated value",""
"QCL","Crops and livestock products","203","Czechia","5510","Production","01199.90","Cereals n.e.c.","2005","2005","t","13000","E","Estimated value",""
"QCL","Crops and livestock products","203","Czechia","5510","Production","01199.90","Cereals n.e.c.","2006","2006","t","12000","E","Estimated value",""
"QCL","Crops and livestock products","203","Czechia","5510","Production","01199.90","Cereals n.e.c.","2007","2007","t","12421","A","Official figure",""
"QCL","Crops and livestock products","203","Czechia","5510","Production","01199.90","Cereals n.e.c.","2008","2008","t","8605","A","Official figure",""
"QCL","Crops and livestock products","203","Czechia","5510","Production","01199.90","Cereals n.e.c.","2009","2009","t","11272","A","Official figure",""
"QCL","Crops and livestock products","203","Czechia","5510","Production","01199.90","Cereals n.e.c.","2010","2010","t","7694","A","Official figure",""
"QCL","Crops and livestock products","203","Czechia","5510","Production","01199.90","Cereals n.e.c.","2011","2011","t","8091","A","Official figure",""
"QCL","Crops and livestock products","203","Czechia","5510","Production","01199.90","Cereals n.e.c.","2012","2012","t","13042","A","Official figure",""
"QCL","Crops and livestock products","203","Czechia","5510","Production","01199.90","Cereals n.e.c.","2013","2013","t","7917","A","Official figure",""
"QCL","Crops and livestock products","203","Czechia","5510","Production","01199.90","Cereals n.e.c.","2014","2014","t","5453","A","Official figure",""
"QCL","Crops and livestock products","203","Czechia","5510","Production","01199.90","Cereals n.e.c.","2015","2015","t","6993","A","Official figure",""
"QCL","Crops and livestock products","203","Czechia","5510","Production","01199.90","Cereals n.e.c.","2016","2016","t","7744","A","Official figure",""
"QCL","Crops and livestock products","203","Czechia","5510","Production","01199.90","Cereals n.e.c.","2017","2017","t","7487.25","A","Official figure",""
"QCL","Crops and livestock products","203","Czechia","5510","Production","01199.90","Cereals n.e.c.","2018","2018","t","8080","A","Official figure",""
"QCL","Crops and livestock products","203","Czechia","5510","Production","01199.90","Cereals n.e.c.","2019","2019","t","6530","A","Official figure",""
"QCL","Crops and livestock products","203","Czechia","5510","Production","01199.90","Cereals n.e.c.","2020","2020","t","10490","A","Official figure",""
"QCL","Crops and livestock products","203","Czechia","5510","Production","01199.90","Cereals n.e.c.","2021","2021","t","10510","A","Official figure",""
"QCL","Crops and livestock products","203","Czechia","5510","Production","01199.90","Cereals n.e.c.","2022","2022","t","7850","A","Official figure",""
"QCL","Crops and livestock products","203","Czechia","5510","Production","01199.90","Cereals n.e.c.","2023","2023","t","8660","A","Official figure",""
"QCL","Crops and livestock products","203","Czechia","5510","Production","01199.90","Cereals n.e.c.","2024","2024","t","9010","A","Official figure",""
"QCL","Crops and livestock products","200","Czechoslovakia","5510","Production","01199.90","Cereals n.e.c.","1961","1961","t","0","A","Official figure",""
"QCL","Crops and livestock products","200","Czechoslovakia","5510","Production","01199.90","Cereals n.e.c.","1962","1962","t","0","A","Official figure",""
"QCL","Crops and livestock products","200","Czechoslovakia","5510","Production","01199.90","Cereals n.e.c.","1963","1963","t","0","A","Official figure",""
"QCL","Crops and livestock products","200","Czechoslovakia","5510","Production","01199.90","Cereals n.e.c.","1964","1964","t","0","A","Official figure",""
"QCL","Crops and livestock products","200","Czechoslovakia","5510","Production","01199.90","Cereals n.e.c.","1965","1965","t","0","A","Official figure",""
"QCL","Crops and livestock products","200","Czechoslovakia","5510","Production","01199.90","Cereals n.e.c.","1966","1966","t","413","A","Official figure",""
"QCL","Crops and livestock products","200","Czechoslovakia","5510","Production","01199.90","Cereals n.e.c.","1967","1967","t","3429","A","Official figure",""
"QCL","Crops and livestock products","200","Czechoslovakia","5510","Production","01199.90","Cereals n.e.c.","1968","1968","t","3775","E","Estimated value",""
"QCL","Crops and livestock products","200","Czechoslovakia","5510","Production","01199.90","Cereals n.e.c.","1969","1969","t","4240","E","Estimated value",""
"QCL","Crops and livestock products","200","Czechoslovakia","5510","Production","01199.90","Cereals n.e.c.","1970","1970","t","3738","E","Estimated value",""
"QCL","Crops and livestock products","200","Czechoslovakia","5510","Production","01199.90","Cereals n.e.c.","1971","1971","t","3133","E","Estimated value",""
"QCL","Crops and livestock products","200","Czechoslovakia","5510","Production","01199.90","Cereals n.e.c.","1972","1972","t","1465","E","Estimated value",""
"QCL","Crops and livestock products","200","Czechoslovakia","5510","Production","01199.90","Cereals n.e.c.","1973","1973","t","1254","E","Estimated value",""
"QCL","Crops and livestock products","200","Czechoslovakia","5510","Production","01199.90","Cereals n.e.c.","1974","1974","t","784","E","Estimated value",""
"QCL","Crops and livestock products","200","Czechoslovakia","5510","Production","01199.90","Cereals n.e.c.","1975","1975","t","565","E","Estimated value",""
"QCL","Crops and livestock products","200","Czechoslovakia","5510","Production","01199.90","Cereals n.e.c.","1976","1976","t","860","X","Figure from external organization","Unofficial figure"
"QCL","Crops and livestock products","200","Czechoslovakia","5510","Production","01199.90","Cereals n.e.c.","1977","1977","t","440","X","Figure from external organization","Unofficial figure"
"QCL","Crops and livestock products","200","Czechoslovakia","5510","Production","01199.90","Cereals n.e.c.","1978","1978","t","470","X","Figure from external organization","Unofficial figure"
"QCL","Crops and livestock products","200","Czechoslovakia","5510","Production","01199.90","Cereals n.e.c.","1979","1979","t","558","E","Estimated value",""
"QCL","Crops and livestock products","200","Czechoslovakia","5510","Production","01199.90","Cereals n.e.c.","1980","1980","t","670","E","Estimated value",""
"QCL","Crops and livestock products","200","Czechoslovakia","5510","Production","01199.90","Cereals n.e.c.","1981","1981","t","1100","E","Estimated value",""
"QCL","Crops and livestock products","200","Czechoslovakia","5510","Production","01199.90","Cereals n.e.c.","1982","1982","t","800","E","Estimated value",""
"QCL","Crops and livestock products","200","Czechoslovakia","5510","Production","01199.90","Cereals n.e.c.","1983","1983","t","540","E","Estimated value",""
"QCL","Crops and livestock products","200","Czechoslovakia","5510","Production","01199.90","Cereals n.e.c.","1984","1984","t","440","E","Estimated value",""
"QCL","Crops and livestock products","200","Czechoslovakia","5510","Production","01199.90","Cereals n.e.c.","1985","1985","t","160","E","Estimated value",""
"QCL","Crops and livestock products","200","Czechoslovakia","5510","Production","01199.90","Cereals n.e.c.","1986","1986","t","360","E","Estimated value",""
"QCL","Crops and livestock products","200","Czechoslovakia","5510","Production","01199.90","Cereals n.e.c.","1987","1987","t","430","E","Estimated value",""
"QCL","Crops and livestock products","200","Czechoslovakia","5510","Production","01199.90","Cereals n.e.c.","1988","1988","t","4528","X","Figure from external organization","Unofficial figure"
"QCL","Crops and livestock products","200","Czechoslovakia","5510","Production","01199.90","Cereals n.e.c.","1989","1989","t","75111","X","Figure from external organization","Unofficial figure"
"QCL","Crops and livestock products","200","Czechoslovakia","5510","Production","01199.90","Cereals n.e.c.","1990","1990","t","80927","X","Figure from external organization","Unofficial figure"
"QCL","Crops and livestock products","200","Czechoslovakia","5510","Production","01199.90","Cereals n.e.c.","1991","1991","t","67597","X","Figure from external organization","Unofficial figure"
"QCL","Crops and livestock products","200","Czechoslovakia","5510","Production","01199.90","Cereals n.e.c.","1992","1992","t","72000","A","Official figure",""
"QCL","Crops and livestock products","232","Eritrea","5510","Production","01199.90","Cereals n.e.c.","1993","1993","t","2220","A","Official figure",""
"QCL","Crops and livestock products","232","Eritrea","5510","Production","01199.90","Cereals n.e.c.","1994","1994","t","14840","A","Official figure",""
"QCL","Crops and livestock products","232","Eritrea","5510","Production","01199.90","Cereals n.e.c.","1995","1995","t","5760","A","Official figure",""
"QCL","Crops and livestock products","232","Eritrea","5510","Production","01199.90","Cereals n.e.c.","1996","1996","t","6317","A","Official figure",""
"QCL","Crops and livestock products","232","Eritrea","5510","Production","01199.90","Cereals n.e.c.","1997","1997","t","4150","A","Official figure",""
"QCL","Crops and livestock products","232","Eritrea","5510","Production","01199.90","Cereals n.e.c.","1998","1998","t","18706","A","Official figure",""
"QCL","Crops and livestock products","232","Eritrea","5510","Production","01199.90","Cereals n.e.c.","1999","1999","t","13147","A","Official figure",""
"QCL","Crops and livestock products","232","Eritrea","5510","Production","01199.90","Cereals n.e.c.","2000","2000","t","10413","A","Official figure",""
"QCL","Crops and livestock products","232","Eritrea","5510","Production","01199.90","Cereals n.e.c.","2001","2001","t","19551","A","Official figure",""
"QCL","Crops and livestock products","232","Eritrea","5510","Production","01199.90","Cereals n.e.c.","2002","2002","t","3191","A","Official figure",""
"QCL","Crops and livestock products","232","Eritrea","5510","Production","01199.90","Cereals n.e.c.","2003","2003","t","7161","A","Official figure",""
"QCL","Crops and livestock products","232","Eritrea","5510","Production","01199.90","Cereals n.e.c.","2004","2004","t","11875","A","Official figure",""
"QCL","Crops and livestock products","232","Eritrea","5510","Production","01199.90","Cereals n.e.c.","2005","2005","t","19921","A","Official figure",""
"QCL","Crops and livestock products","232","Eritrea","5510","Production","01199.90","Cereals n.e.c.","2006","2006","t","20178","A","Official figure",""
"QCL","Crops and livestock products","232","Eritrea","5510","Production","01199.90","Cereals n.e.c.","2007","2007","t","15778","A","Official figure",""
"QCL","Crops and livestock products","232","Eritrea","5510","Production","01199.90","Cereals n.e.c.","2008","2008","t","9638","A","Official figure",""
"QCL","Crops and livestock products","232","Eritrea","5510","Production","01199.90","Cereals n.e.c.","2009","2009","t","42616","A","Official figure",""
"QCL","Crops and livestock products","232","Eritrea","5510","Production","01199.90","Cereals n.e.c.","2010","2010","t","29050.48","I","Value imputed by a receiving agency",""
"QCL","Crops and livestock products","232","Eritrea","5510","Production","01199.90","Cereals n.e.c.","2011","2011","t","26366.22","I","Value imputed by a receiving agency",""
"QCL","Crops and livestock products","232","Eritrea","5510","Production","01199.90","Cereals n.e.c.","2012","2012","t","23056.87","I","Value imputed by a receiving agency",""
"QCL","Crops and livestock products","232","Eritrea","5510","Production","01199.90","Cereals n.e.c.","2013","2013","t","24926.22","I","Value imputed by a receiving agency",""
"QCL","Crops and livestock products","232","Eritrea","5510","Production","01199.90","Cereals n.e.c.","2014","2014","t","29103.81","I","Value imputed by a receiving agency",""
"QCL","Crops and livestock products","232","Eritrea","5510","Production","01199.90","Cereals n.e.c.","2015","2015","t","31990.27","I","Value imputed by a receiving agency",""
"QCL","Crops and livestock products","232","Eritrea","5510","Production","01199.90","Cereals n.e.c.","2016","2016","t","28673.43","E","Estimated value",""
"QCL","Crops and livestock products","232","Eritrea","5510","Production","01199.90","Cereals n.e.c.","2017","2017","t","30644.26","I","Value imputed by a receiving agency",""
"QCL","Crops and livestock products","232","Eritrea","5510","Production","01199.90","Cereals n.e.c.","2018","2018","t","30435.99","E","Estimated value",""
"QCL","Crops and livestock products","232","Eritrea","5510","Production","01199.90","Cereals n.e.c.","2019","2019","t","29917.89","E","Estimated value",""
"QCL","Crops and livestock products","232","Eritrea","5510","Production","01199.90","Cereals n.e.c.","2020","2020","t","30332.72","E","Estimated value",""
"QCL","Crops and livestock products","232","Eritrea","5510","Production","01199.90","Cereals n.e.c.","2021","2021","t","30228.87","E","Estimated value",""
"QCL","Crops and livestock products","232","Eritrea","5510","Production","01199.90","Cereals n.e.c.","2022","2022","t","30159.83","E","Estimated value",""
"QCL","Crops and livestock products","232","Eritrea","5510","Production","01199.90","Cereals n.e.c.","2023","2023","t","30240.47","E","Estimated value",""
"QCL","Crops and livestock products","232","Eritrea","5510","Production","01199.90","Cereals n.e.c.","2024","2024","t","30209.72","E","Estimated value",""
"QCL","Crops and livestock products","233","Estonia","5510","Production","01199.90","Cereals n.e.c.","2018","2018","t","1440","A","Official figure",""
"QCL","Crops and livestock products","233","Estonia","5510","Production","01199.90","Cereals n.e.c.","2019","2019","t","1760","A","Official figure",""
"QCL","Crops and livestock products","233","Estonia","5510","Production","01199.90","Cereals n.e.c.","2020","2020","t","2890","A","Official figure",""
"QCL","Crops and livestock products","233","Estonia","5510","Production","01199.90","Cereals n.e.c.","2021","2021","t","4010","A","Official figure",""
"QCL","Crops and livestock products","233","Estonia","5510","Production","01199.90","Cereals n.e.c.","2022","2022","t","9090","A","Official figure",""
"QCL","Crops and livestock products","233","Estonia","5510","Production","01199.90","Cereals n.e.c.","2023","2023","t","7110","A","Official figure",""
"QCL","Crops and livestock products","233","Estonia","5510","Production","01199.90","Cereals n.e.c.","2024","2024","t","8080","A","Official figure",""
"QCL","Crops and livestock products","231","Ethiopia","5510","Production","01199.90","Cereals n.e.c.","1993","1993","t","1356090","A","Official figure",""
"QCL","Crops and livestock products","231","Ethiopia","5510","Production","01199.90","Cereals n.e.c.","1994","1994","t","1254620","A","Official figure",""
"QCL","Crops and livestock products","231","Ethiopia","5510","Production","01199.90","Cereals n.e.c.","1995","1995","t","1342730","A","Official figure",""
"QCL","Crops and livestock products","231","Ethiopia","5510","Production","01199.90","Cereals n.e.c.","1996","1996","t","1792620","A","Official figure",""
"QCL","Crops and livestock products","231","Ethiopia","5510","Production","01199.90","Cereals n.e.c.","1997","1997","t","2037170","A","Official figure",""
"QCL","Crops and livestock products","231","Ethiopia","5510","Production","01199.90","Cereals n.e.c.","1998","1998","t","1328730","A","Official figure",""
"QCL","Crops and livestock products","231","Ethiopia","5510","Production","01199.90","Cereals n.e.c.","1999","1999","t","1663720","A","Official figure",""
"QCL","Crops and livestock products","231","Ethiopia","5510","Production","01199.90","Cereals n.e.c.","2000","2000","t","1727200","A","Official figure",""
"QCL","Crops and livestock products","231","Ethiopia","5510","Production","01199.90","Cereals n.e.c.","2001","2001","t","1736920","A","Official figure",""
"QCL","Crops and livestock products","231","Ethiopia","5510","Production","01199.90","Cereals n.e.c.","2002","2002","t","1643824","A","Official figure",""
"QCL","Crops and livestock products","231","Ethiopia","5510","Production","01199.90","Cereals n.e.c.","2003","2003","t","1942550","A","Official figure",""
"QCL","Crops and livestock products","231","Ethiopia","5510","Production","01199.90","Cereals n.e.c.","2004","2004","t","2117727","A","Official figure",""
"QCL","Crops and livestock products","231","Ethiopia","5510","Production","01199.90","Cereals n.e.c.","2005","2005","t","3081856","A","Official figure",""
"QCL","Crops and livestock products","231","Ethiopia","5510","Production","01199.90","Cereals n.e.c.","2006","2006","t","2288780","A","Official figure",""
"QCL","Crops and livestock products","231","Ethiopia","5510","Production","01199.90","Cereals n.e.c.","2007","2007","t","2404674","A","Official figure",""
"QCL","Crops and livestock products","231","Ethiopia","5510","Production","01199.90","Cereals n.e.c.","2008","2008","t","2565155","A","Official figure",""
"QCL","Crops and livestock products","231","Ethiopia","5510","Production","01199.90","Cereals n.e.c.","2009","2009","t","3179374","A","Official figure",""
"QCL","Crops and livestock products","231","Ethiopia","5510","Production","01199.90","Cereals n.e.c.","2010","2010","t","3483348","A","Official figure",""
"QCL","Crops and livestock products","231","Ethiopia","5510","Production","01199.90","Cereals n.e.c.","2011","2011","t","3526718","A","Official figure",""
"QCL","Crops and livestock products","231","Ethiopia","5510","Production","01199.90","Cereals n.e.c.","2012","2012","t","3765241","A","Official figure",""
"QCL","Crops and livestock products","231","Ethiopia","5510","Production","01199.90","Cereals n.e.c.","2013","2013","t","4418642","A","Official figure",""
"QCL","Crops and livestock products","231","Ethiopia","5510","Production","01199.90","Cereals n.e.c.","2014","2014","t","4750657","A","Official figure",""
"QCL","Crops and livestock products","231","Ethiopia","5510","Production","01199.90","Cereals n.e.c.","2015","2015","t","4928849.89","A","Official figure",""
"QCL","Crops and livestock products","231","Ethiopia","5510","Production","01199.90","Cereals n.e.c.","2016","2016","t","5020440","A","Official figure",""
"QCL","Crops and livestock products","231","Ethiopia","5510","Production","01199.90","Cereals n.e.c.","2017","2017","t","5283401.16","A","Official figure",""
"QCL","Crops and livestock products","231","Ethiopia","5510","Production","01199.90","Cereals n.e.c.","2018","2018","t","5593967","A","Official figure",""
"QCL","Crops and livestock products","231","Ethiopia","5510","Production","01199.90","Cereals n.e.c.","2019","2019","t","6007380","E","Estimated value",""
"QCL","Crops and livestock products","231","Ethiopia","5510","Production","01199.90","Cereals n.e.c.","2020","2020","t","5932300","E","Estimated value",""
"QCL","Crops and livestock products","231","Ethiopia","5510","Production","01199.90","Cereals n.e.c.","2021","2021","t","5640686.94","A","Official figure",""
"QCL","Crops and livestock products","231","Ethiopia","5510","Production","01199.90","Cereals n.e.c.","2022","2022","t","5734859.07","A","Official figure",""
"QCL","Crops and livestock products","231","Ethiopia","5510","Production","01199.90","Cereals n.e.c.","2023","2023","t","6019040.01","I","Value imputed by a receiving agency",""
"QCL","Crops and livestock products","231","Ethiopia","5510","Production","01199.90","Cereals n.e.c.","2024","2024","t","5798195.34","E","Estimated value",""
"QCL","Crops and livestock products","230","Ethiopia PDR","5510","Production","01199.90","Cereals n.e.c.","1961","1961","t","1140000","E","Estimated value",""
"QCL","Crops and livestock products","230","Ethiopia PDR","5510","Production","01199.90","Cereals n.e.c.","1962","1962","t","1170000","E","Estimated value",""
"QCL","Crops and livestock products","230","Ethiopia PDR","5510","Production","01199.90","Cereals n.e.c.","1963","1963","t","1200000","E","Estimated value",""
"QCL","Crops and livestock products","230","Ethiopia PDR","5510","Production","01199.90","Cereals n.e.c.","1964","1964","t","1243700","A","Official figure",""
"QCL","Crops and livestock products","230","Ethiopia PDR","5510","Production","01199.90","Cereals n.e.c.","1965","1965","t","1255500","A","Official figure",""
"QCL","Crops and livestock products","230","Ethiopia PDR","5510","Production","01199.90","Cereals n.e.c.","1966","1966","t","1267000","A","Official figure",""
"QCL","Crops and livestock products","230","Ethiopia PDR","5510","Production","01199.90","Cereals n.e.c.","1967","1967","t","1285500","A","Official figure",""
"QCL","Crops and livestock products","230","Ethiopia PDR","5510","Production","01199.90","Cereals n.e.c.","1968","1968","t","1304300","A","Official figure",""
"QCL","Crops and livestock products","230","Ethiopia PDR","5510","Production","01199.90","Cereals n.e.c.","1969","1969","t","1323300","A","Official figure",""
"QCL","Crops and livestock products","230","Ethiopia PDR","5510","Production","01199.90","Cereals n.e.c.","1970","1970","t","1342600","A","Official figure",""
"QCL","Crops and livestock products","230","Ethiopia PDR","5510","Production","01199.90","Cereals n.e.c.","1971","1971","t","1362200","A","Official figure",""
"QCL","Crops and livestock products","230","Ethiopia PDR","5510","Production","01199.90","Cereals n.e.c.","1972","1972","t","1382000","A","Official figure",""
"QCL","Crops and livestock products","230","Ethiopia PDR","5510","Production","01199.90","Cereals n.e.c.","1973","1973","t","1198800","A","Official figure",""
"QCL","Crops and livestock products","230","Ethiopia PDR","5510","Production","01199.90","Cereals n.e.c.","1974","1974","t","1180200","A","Official figure",""
"QCL","Crops and livestock products","230","Ethiopia PDR","5510","Production","01199.90","Cereals n.e.c.","1975","1975","t","847920","A","Official figure",""
"QCL","Crops and livestock products","230","Ethiopia PDR","5510","Production","01199.90","Cereals n.e.c.","1976","1976","t","1003710","A","Official figure",""
"QCL","Crops and livestock products","230","Ethiopia PDR","5510","Production","01199.90","Cereals n.e.c.","1977","1977","t","994480","A","Official figure",""
"QCL","Crops and livestock products","230","Ethiopia PDR","5510","Production","01199.90","Cereals n.e.c.","1978","1978","t","1022380","A","Official figure",""
"QCL","Crops and livestock products","230","Ethiopia PDR","5510","Production","01199.90","Cereals n.e.c.","1979","1979","t","1142080","A","Official figure",""
"QCL","Crops and livestock products","230","Ethiopia PDR","5510","Production","01199.90","Cereals n.e.c.","1980","1980","t","1426420","A","Official figure",""
"QCL","Crops and livestock products","230","Ethiopia PDR","5510","Production","01199.90","Cereals n.e.c.","1981","1981","t","1312100","A","Official figure",""
"QCL","Crops and livestock products","230","Ethiopia PDR","5510","Production","01199.90","Cereals n.e.c.","1982","1982","t","1082730","A","Official figure",""
"QCL","Crops and livestock products","230","Ethiopia PDR","5510","Production","01199.90","Cereals n.e.c.","1983","1983","t","1371670","A","Official figure",""
"QCL","Crops and livestock products","230","Ethiopia PDR","5510","Production","01199.90","Cereals n.e.c.","1984","1984","t","1090240","A","Official figure",""
"QCL","Crops and livestock products","230","Ethiopia PDR","5510","Production","01199.90","Cereals n.e.c.","1985","1985","t","912221","A","Official figure",""
"QCL","Crops and livestock products","230","Ethiopia PDR","5510","Production","01199.90","Cereals n.e.c.","1986","1986","t","968714","A","Official figure",""
"QCL","Crops and livestock products","230","Ethiopia PDR","5510","Production","01199.90","Cereals n.e.c.","1987","1987","t","1042980","A","Official figure",""
"QCL","Crops and livestock products","230","Ethiopia PDR","5510","Production","01199.90","Cereals n.e.c.","1988","1988","t","1000030","A","Official figure",""
"QCL","Crops and livestock products","230","Ethiopia PDR","5510","Production","01199.90","Cereals n.e.c.","1989","1989","t","1217730","A","Official figure",""
"QCL","Crops and livestock products","230","Ethiopia PDR","5510","Production","01199.90","Cereals n.e.c.","1990","1990","t","1046140","A","Official figure",""
"QCL","Crops and livestock products","230","Ethiopia PDR","5510","Production","01199.90","Cereals n.e.c.","1991","1991","t","1813870","A","Official figure",""
"QCL","Crops and livestock products","230","Ethiopia PDR","5510","Production","01199.90","Cereals n.e.c.","1992","1992","t","1184550","A","Official figure",""
"QCL","Crops and livestock products","246","Finland","5510","Production","01199.90","Cereals n.e.c.","1991","1991","t","","M","Missing value; data cannot exist",""
"QCL","Crops and livestock products","246","Finland","5510","Production","01199.90","Cereals n.e.c.","1992","1992","t","","M","Missing value; data cannot exist",""
"QCL","Crops and livestock products","246","Finland","5510","Production","01199.90","Cereals n.e.c.","1993","1993","t","","M","Missing value; data cannot exist",""
"QCL","Crops and livestock products","246","Finland","5510","Production","01199.90","Cereals n.e.c.","1994","1994","t","","M","Missing value; data cannot exist",""
"QCL","Crops and livestock products","246","Finland","5510","Production","01199.90","Cereals n.e.c.","1995","1995","t","","M","Missing value; data cannot exist",""
"QCL","Crops and livestock products","246","Finland","5510","Production","01199.90","Cereals n.e.c.","1996","1996","t","2600","A","Official figure",""
"QCL","Crops and livestock products","246","Finland","5510","Production","01199.90","Cereals n.e.c.","1997","1997","t","4700","A","Official figure",""
"QCL","Crops and livestock products","246","Finland","5510","Production","01199.90","Cereals n.e.c.","1998","1998","t","7100","A","Official figure",""
"QCL","Crops and livestock products","246","Finland","5510","Production","01199.90","Cereals n.e.c.","1999","1999","t","2500","A","Official figure",""
"QCL","Crops and livestock products","246","Finland","5510","Production","01199.90","Cereals n.e.c.","2000","2000","t","7800","A","Official figure",""
"QCL","Crops and livestock products","246","Finland","5510","Production","01199.90","Cereals n.e.c.","2001","2001","t","1000","A","Official figure",""
"QCL","Crops and livestock products","246","Finland","5510","Production","01199.90","Cereals n.e.c.","2002","2002","t","1600","A","Official figure",""
"QCL","Crops and livestock products","246","Finland","5510","Production","01199.90","Cereals n.e.c.","2003","2003","t","3500","A","Official figure",""
"QCL","Crops and livestock products","246","Finland","5510","Production","01199.90","Cereals n.e.c.","2004","2004","t","2700","A","Official figure",""
"QCL","Crops and livestock products","246","Finland","5510","Production","01199.90","Cereals n.e.c.","2005","2005","t","1200","A","Official figure",""
"QCL","Crops and livestock products","246","Finland","5510","Production","01199.90","Cereals n.e.c.","2006","2006","t","2600","A","Official figure",""
"QCL","Crops and livestock products","246","Finland","5510","Production","01199.90","Cereals n.e.c.","2007","2007","t","3500","A","Official figure",""
"QCL","Crops and livestock products","246","Finland","5510","Production","01199.90","Cereals n.e.c.","2008","2008","t","1600","A","Official figure",""
"QCL","Crops and livestock products","246","Finland","5510","Production","01199.90","Cereals n.e.c.","2009","2009","t","1200","A","Official figure",""
"QCL","Crops and livestock products","246","Finland","5510","Production","01199.90","Cereals n.e.c.","2010","2010","t","2447.97","I","Value imputed by a receiving agency",""
"QCL","Crops and livestock products","246","Finland","5510","Production","01199.90","Cereals n.e.c.","2011","2011","t","3599.37","I","Value imputed by a receiving agency",""
"QCL","Crops and livestock products","246","Finland","5510","Production","01199.90","Cereals n.e.c.","2012","2012","t","3420.46","I","Value imputed by a receiving agency",""
"QCL","Crops and livestock products","246","Finland","5510","Production","01199.90","Cereals n.e.c.","2013","2013","t","2978.95","I","Value imputed by a receiving agency",""
"QCL","Crops and livestock products","246","Finland","5510","Production","01199.90","Cereals n.e.c.","2014","2014","t","2825.78","I","Value imputed by a receiving agency",""
"QCL","Crops and livestock products","246","Finland","5510","Production","01199.90","Cereals n.e.c.","2015","2015","t","2694.18","I","Value imputed by a receiving agency",""
"QCL","Crops and livestock products","246","Finland","5510","Production","01199.90","Cereals n.e.c.","2016","2016","t","2670.36","I","Value imputed by a receiving agency",""
"QCL","Crops and livestock products","246","Finland","5510","Production","01199.90","Cereals n.e.c.","2017","2017","t","3242.54","I","Value imputed by a receiving agency",""
"QCL","Crops and livestock products","246","Finland","5510","Production","01199.90","Cereals n.e.c.","2019","2019","t","1020","A","Official figure",""
"QCL","Crops and livestock products","246","Finland","5510","Production","01199.90","Cereals n.e.c.","2020","2020","t","920","A","Official figure",""
"QCL","Crops and livestock products","246","Finland","5510","Production","01199.90","Cereals n.e.c.","2021","2021","t","720","A","Official figure",""
"QCL","Crops and livestock products","246","Finland","5510","Production","01199.90","Cereals n.e.c.","2022","2022","t","1120","A","Official figure",""
"QCL","Crops and livestock products","246","Finland","5510","Production","01199.90","Cereals n.e.c.","2023","2023","t","1280","A","Official figure",""
"QCL","Crops and livestock products","246","Finland","5510","Production","01199.90","Cereals n.e.c.","2024","2024","t","1550","A","Official figure",""
"QCL","Crops and livestock products","250","France","5510","Production","01199.90","Cereals n.e.c.","1991","1991","t","33514.5","A","Official figure",""
"QCL","Crops and livestock products","250","France","5510","Production","01199.90","Cereals n.e.c.","1992","1992","t","29929.7","A","Official figure",""
"QCL","Crops and livestock products","250","France","5510","Production","01199.90","Cereals n.e.c.","1993","1993","t","36249.5","A","Official figure",""
"QCL","Crops and livestock products","250","France","5510","Production","01199.90","Cereals n.e.c.","1994","1994","t","30195.3","A","Official figure",""
"QCL","Crops and livestock products","250","France","5510","Production","01199.90","Cereals n.e.c.","1995","1995","t","21547","A","Official figure",""
"QCL","Crops and livestock products","250","France","5510","Production","01199.90","Cereals n.e.c.","1996","1996","t","19214.6","A","Official figure",""
"QCL","Crops and livestock products","250","France","5510","Production","01199.90","Cereals n.e.c.","1997","1997","t","23585.3","A","Official figure",""
"QCL","Crops and livestock products","250","France","5510","Production","01199.90","Cereals n.e.c.","1998","1998","t","30231","A","Official figure",""
"QCL","Crops and livestock products","250","France","5510","Production","01199.90","Cereals n.e.c.","1999","1999","t","25388.5","A","Official figure",""
"QCL","Crops and livestock products","250","France","5510","Production","01199.90","Cereals n.e.c.","2000","2000","t","36902","A","Official figure",""
"QCL","Crops and livestock products","250","France","5510","Production","01199.90","Cereals n.e.c.","2001","2001","t","58872.4","A","Official figure",""
"QCL","Crops and livestock products","250","France","5510","Production","01199.90","Cereals n.e.c.","2002","2002","t","80919.5","A","Official figure",""
"QCL","Crops and livestock products","250","France","5510","Production","01199.90","Cereals n.e.c.","2003","2003","t","103956.3","A","Official figure",""
"QCL","Crops and livestock products","250","France","5510","Production","01199.90","Cereals n.e.c.","2004","2004","t","145501.3","A","Official figure",""
"QCL","Crops and livestock products","250","France","5510","Production","01199.90","Cereals n.e.c.","2005","2005","t","124536.5","A","Official figure",""
"QCL","Crops and livestock products","250","France","5510","Production","01199.90","Cereals n.e.c.","2006","2006","t","120419.2","A","Official figure",""
"QCL","Crops and livestock products","250","France","5510","Production","01199.90","Cereals n.e.c.","2007","2007","t","85043","A","Official figure",""
"QCL","Crops and livestock products","250","France","5510","Production","01199.90","Cereals n.e.c.","2008","2008","t","98639.5","A","Official figure",""
"QCL","Crops and livestock products","250","France","5510","Production","01199.90","Cereals n.e.c.","2009","2009","t","114544.8","A","Official figure",""
"QCL","Crops and livestock products","250","France","5510","Production","01199.90","Cereals n.e.c.","2010","2010","t","135968.4","A","Official figure",""
"QCL","Crops and livestock products","250","France","5510","Production","01199.90","Cereals n.e.c.","2011","2011","t","89275","A","Official figure",""
"QCL","Crops and livestock products","250","France","5510","Production","01199.90","Cereals n.e.c.","2012","2012","t","105039","A","Official figure",""
"QCL","Crops and livestock products","250","France","5510","Production","01199.90","Cereals n.e.c.","2013","2013","t","154732","A","Official figure",""
"QCL","Crops and livestock products","250","France","5510","Production","01199.90","Cereals n.e.c.","2014","2014","t","111249","A","Official figure",""
"QCL","Crops and livestock products","250","France","5510","Production","01199.90","Cereals n.e.c.","2015","2015","t","206387.1","A","Official figure",""
"QCL","Crops and livestock products","250","France","5510","Production","01199.90","Cereals n.e.c.","2016","2016","t","166358.2","A","Official figure",""
"QCL","Crops and livestock products","250","France","5510","Production","01199.90","Cereals n.e.c.","2017","2017","t","164209.54","I","Value imputed by a receiving agency",""
"QCL","Crops and livestock products","250","France","5510","Production","01199.90","Cereals n.e.c.","2018","2018","t","185910","A","Official figure",""
"QCL","Crops and livestock products","250","France","5510","Production","01199.90","Cereals n.e.c.","2019","2019","t","226750","A","Official figure",""
"QCL","Crops and livestock products","250","France","5510","Production","01199.90","Cereals n.e.c.","2020","2020","t","309580","A","Official figure",""
"QCL","Crops and livestock products","250","France","5510","Production","01199.90","Cereals n.e.c.","2021","2021","t","235910","A","Official figure",""
"QCL","Crops and livestock products","250","France","5510","Production","01199.90","Cereals n.e.c.","2022","2022","t","244490","A","Official figure",""
"QCL","Crops and livestock products","250","France","5510","Production","01199.90","Cereals n.e.c.","2023","2023","t","270210","A","Official figure",""
"QCL","Crops and livestock products","250","France","5510","Production","01199.90","Cereals n.e.c.","2024","2024","t","297400","A","Official figure",""
"QCL","Crops and livestock products","270","Gambia","5510","Production","01199.90","Cereals n.e.c.","1961","1961","t","","M","Missing value; data cannot exist",""
"QCL","Crops and livestock products","270","Gambia","5510","Production","01199.90","Cereals n.e.c.","1962","1962","t","","M","Missing value; data cannot exist",""
"QCL","Crops and livestock products","270","Gambia","5510","Production","01199.90","Cereals n.e.c.","1963","1963","t","","M","Missing value; data cannot exist",""
"QCL","Crops and livestock products","270","Gambia","5510","Production","01199.90","Cereals n.e.c.","1964","1964","t","","M","Missing value; data cannot exist",""
"QCL","Crops and livestock products","270","Gambia","5510","Production","01199.90","Cereals n.e.c.","1965","1965","t","","M","Missing value; data cannot exist",""
"QCL","Crops and livestock products","270","Gambia","5510","Production","01199.90","Cereals n.e.c.","1966","1966","t","","M","Missing value; data cannot exist",""
"QCL","Crops and livestock products","270","Gambia","5510","Production","01199.90","Cereals n.e.c.","1967","1967","t","","M","Missing value; data cannot exist",""
"QCL","Crops and livestock products","270","Gambia","5510","Production","01199.90","Cereals n.e.c.","1968","1968","t","","M","Missing value; data cannot exist",""
"QCL","Crops and livestock products","270","Gambia","5510","Production","01199.90","Cereals n.e.c.","1969","1969","t","","M","Missing value; data cannot exist",""
"QCL","Crops and livestock products","270","Gambia","5510","Production","01199.90","Cereals n.e.c.","1970","1970","t","","M","Missing value; data cannot exist",""
"QCL","Crops and livestock products","270","Gambia","5510","Production","01199.90","Cereals n.e.c.","1971","1971","t","","M","Missing value; data cannot exist",""
"QCL","Crops and livestock products","270","Gambia","5510","Production","01199.90","Cereals n.e.c.","1972","1972","t","","M","Missing value; data cannot exist",""
"QCL","Crops and livestock products","270","Gambia","5510","Production","01199.90","Cereals n.e.c.","1973","1973","t","","M","Missing value; data cannot exist",""
"QCL","Crops and livestock products","270","Gambia","5510","Production","01199.90","Cereals n.e.c.","1974","1974","t","","M","Missing value; data cannot exist",""
"QCL","Crops and livestock products","270","Gambia","5510","Production","01199.90","Cereals n.e.c.","1975","1975","t","","M","Missing value; data cannot exist",""
"QCL","Crops and livestock products","270","Gambia","5510","Production","01199.90","Cereals n.e.c.","1976","1976","t","","M","Missing value; data cannot exist",""
"QCL","Crops and livestock products","270","Gambia","5510","Production","01199.90","Cereals n.e.c.","1977","1977","t","","M","Missing value; data cannot exist",""
"QCL","Crops and livestock products","270","Gambia","5510","Production","01199.90","Cereals n.e.c.","1978","1978","t","","M","Missing value; data cannot exist",""
"QCL","Crops and livestock products","270","Gambia","5510","Production","01199.90","Cereals n.e.c.","1979","1979","t","","M","Missing value; data cannot exist",""
"QCL","Crops and livestock products","270","Gambia","5510","Production","01199.90","Cereals n.e.c.","1980","1980","t","","M","Missing value; data cannot exist",""
"QCL","Crops and livestock products","270","Gambia","5510","Production","01199.90","Cereals n.e.c.","1981","1981","t","","M","Missing value; data cannot exist",""
"QCL","Crops and livestock products","270","Gambia","5510","Production","01199.90","Cereals n.e.c.","1982","1982","t","","M","Missing value; data cannot exist",""
"QCL","Crops and livestock products","270","Gambia","5510","Production","01199.90","Cereals n.e.c.","1983","1983","t","","M","Missing value; data cannot exist",""
"QCL","Crops and livestock products","270","Gambia","5510","Production","01199.90","Cereals n.e.c.","1984","1984","t","","M","Missing value; data cannot exist",""
"QCL","Crops and livestock products","270","Gambia","5510","Production","01199.90","Cereals n.e.c.","1985","1985","t","","M","Missing value; data cannot exist",""
"QCL","Crops and livestock products","270","Gambia","5510","Production","01199.90","Cereals n.e.c.","1986","1986","t","","M","Missing value; data cannot exist",""
"QCL","Crops and livestock products","270","Gambia","5510","Production","01199.90","Cereals n.e.c.","1987","1987","t","","M","Missing value; data cannot exist",""
"QCL","Crops and livestock products","270","Gambia","5510","Production","01199.90","Cereals n.e.c.","1988","1988","t","","M","Missing value; data cannot exist",""
"QCL","Crops and livestock products","270","Gambia","5510","Production","01199.90","Cereals n.e.c.","1989","1989","t","","M","Missing value; data cannot exist",""
"QCL","Crops and livestock products","270","Gambia","5510","Production","01199.90","Cereals n.e.c.","1990","1990","t","150","E","Estimated value",""
"QCL","Crops and livestock products","270","Gambia","5510","Production","01199.90","Cereals n.e.c.","1991","1991","t","","M","Missing value; data cannot exist",""
"QCL","Crops and livestock products","270","Gambia","5510","Production","01199.90","Cereals n.e.c.","1992","1992","t","","M","Missing value; data cannot exist",""
"QCL","Crops and livestock products","270","Gambia","5510","Production","01199.90","Cereals n.e.c.","1993","1993","t","","M","Missing value; data cannot exist",""
"QCL","Crops and livestock products","270","Gambia","5510","Production","01199.90","Cereals n.e.c.","1994","1994","t","","M","Missing value; data cannot exist",""
"QCL","Crops and livestock products","270","Gambia","5510","Production","01199.90","Cereals n.e.c.","1995","1995","t","","M","Missing value; data cannot exist",""
"QCL","Crops and livestock products","270","Gambia","5510","Production","01199.90","Cereals n.e.c.","1996","1996","t","","M","Missing value; data cannot exist",""
"QCL","Crops and livestock products","270","Gambia","5510","Production","01199.90","Cereals n.e.c.","1997","1997","t","","M","Missing value; data cannot exist",""
"QCL","Crops and livestock products","270","Gambia","5510","Production","01199.90","Cereals n.e.c.","1998","1998","t","","M","Missing value; data cannot exist",""
"QCL","Crops and livestock products","270","Gambia","5510","Production","01199.90","Cereals n.e.c.","1999","1999","t","","M","Missing value; data cannot exist",""
"QCL","Crops and livestock products","270","Gambia","5510","Production","01199.90","Cereals n.e.c.","2000","2000","t","","M","Missing value; data cannot exist",""
"QCL","Crops and livestock products","270","Gambia","5510","Production","01199.90","Cereals n.e.c.","2001","2001","t","","M","Missing value; data cannot exist",""
"QCL","Crops and livestock products","270","Gambia","5510","Production","01199.90","Cereals n.e.c.","2002","2002","t","","M","Missing value; data cannot exist",""
"QCL","Crops and livestock products","270","Gambia","5510","Production","01199.90","Cereals n.e.c.","2003","2003","t","","M","Missing value; data cannot exist",""
"QCL","Crops and livestock products","270","Gambia","5510","Production","01199.90","Cereals n.e.c.","2004","2004","t","","M","Missing value; data cannot exist",""
"QCL","Crops and livestock products","270","Gambia","5510","Production","01199.90","Cereals n.e.c.","2005","2005","t","","M","Missing value; data cannot exist",""
"QCL","Crops and livestock products","270","Gambia","5510","Production","01199.90","Cereals n.e.c.","2006","2006","t","","M","Missing value; data cannot exist",""
"QCL","Crops and livestock products","270","Gambia","5510","Production","01199.90","Cereals n.e.c.","2007","2007","t","","M","Missing value; data cannot exist",""
"QCL","Crops and livestock products","270","Gambia","5510","Production","01199.90","Cereals n.e.c.","2008","2008","t","","M","Missing value; data cannot exist",""
"QCL","Crops and livestock products","270","Gambia","5510","Production","01199.90","Cereals n.e.c.","2009","2009","t","","M","Missing value; data cannot exist",""
"QCL","Crops and livestock products","270","Gambia","5510","Production","01199.90","Cereals n.e.c.","2010","2010","t","","M","Missing value; data cannot exist",""
"QCL","Crops and livestock products","270","Gambia","5510","Production","01199.90","Cereals n.e.c.","2011","2011","t","","M","Missing value; data cannot exist",""
"QCL","Crops and livestock products","270","Gambia","5510","Production","01199.90","Cereals n.e.c.","2012","2012","t","","M","Missing value; data cannot exist",""
"QCL","Crops and livestock products","270","Gambia","5510","Production","01199.90","Cereals n.e.c.","2013","2013","t","","M","Missing value; data cannot exist",""
"QCL","Crops and livestock products","270","Gambia","5510","Production","01199.90","Cereals n.e.c.","2014","2014","t","","M","Missing value; data cannot exist",""
"QCL","Crops and livestock products","270","Gambia","5510","Production","01199.90","Cereals n.e.c.","2015","2015","t","","M","Missing value; data cannot exist",""
"QCL","Crops and livestock products","270","Gambia","5510","Production","01199.90","Cereals n.e.c.","2016","2016","t","","M","Missing value; data cannot exist",""
"QCL","Crops and livestock products","270","Gambia","5510","Production","01199.90","Cereals n.e.c.","2017","2017","t","","M","Missing value; data cannot exist",""
"QCL","Crops and livestock products","270","Gambia","5510","Production","01199.90","Cereals n.e.c.","2018","2018","t","","M","Missing value; data cannot exist",""
"QCL","Crops and livestock products","270","Gambia","5510","Production","01199.90","Cereals n.e.c.","2019","2019","t","","M","Missing value; data cannot exist",""
"QCL","Crops and livestock products","270","Gambia","5510","Production","01199.90","Cereals n.e.c.","2020","2020","t","","M","Missing value; data cannot exist",""
"QCL","Crops and livestock products","270","Gambia","5510","Production","01199.90","Cereals n.e.c.","2021","2021","t","","M","Missing value; data cannot exist",""
"QCL","Crops and livestock products","270","Gambia","5510","Production","01199.90","Cereals n.e.c.","2022","2022","t","","M","Missing value; data cannot exist",""
"QCL","Crops and livestock products","270","Gambia","5510","Production","01199.90","Cereals n.e.c.","2023","2023","t","","M","Missing value; data cannot exist",""
"QCL","Crops and livestock products","270","Gambia","5510","Production","01199.90","Cereals n.e.c.","2024","2024","t","","M","Missing value; data cannot exist",""
"QCL","Crops and livestock products","268","Georgia","5510","Production","01199.90","Cereals n.e.c.","1992","1992","t","","M","Missing value; data cannot exist",""
"QCL","Crops and livestock products","268","Georgia","5510","Production","01199.90","Cereals n.e.c.","1993","1993","t","","M","Missing value; data cannot exist",""
"QCL","Crops and livestock products","268","Georgia","5510","Production","01199.90","Cereals n.e.c.","1994","1994","t","","M","Missing value; data cannot exist",""
"QCL","Crops and livestock products","268","Georgia","5510","Production","01199.90","Cereals n.e.c.","1995","1995","t","","M","Missing value; data cannot exist",""
"QCL","Crops and livestock products","268","Georgia","5510","Production","01199.90","Cereals n.e.c.","1996","1996","t","","M","Missing value; data cannot exist",""
"QCL","Crops and livestock products","268","Georgia","5510","Production","01199.90","Cereals n.e.c.","1997","1997","t","","M","Missing value; data cannot exist",""
"QCL","Crops and livestock products","268","Georgia","5510","Production","01199.90","Cereals n.e.c.","1998","1998","t","","M","Missing value; data cannot exist",""
"QCL","Crops and livestock products","268","Georgia","5510","Production","01199.90","Cereals n.e.c.","1999","1999","t","","M","Missing value; data cannot exist",""
"QCL","Crops and livestock products","268","Georgia","5510","Production","01199.90","Cereals n.e.c.","2000","2000","t","","M","Missing value; data cannot exist",""
"QCL","Crops and livestock products","268","Georgia","5510","Production","01199.90","Cereals n.e.c.","2001","2001","t","","M","Missing value; data cannot exist",""
"QCL","Crops and livestock products","268","Georgia","5510","Production","01199.90","Cereals n.e.c.","2002","2002","t","","M","Missing value; data cannot exist",""
"QCL","Crops and livestock products","268","Georgia","5510","Production","01199.90","Cereals n.e.c.","2003","2003","t","","M","Missing value; data cannot exist",""
"QCL","Crops and livestock products","268","Georgia","5510","Production","01199.90","Cereals n.e.c.","2004","2004","t","","M","Missing value; data cannot exist",""
"QCL","Crops and livestock products","268","Georgia","5510","Production","01199.90","Cereals n.e.c.","2005","2005","t","500","E","Estimated value",""
"QCL","Crops and livestock products","268","Georgia","5510","Production","01199.90","Cereals n.e.c.","2006","2006","t","1000","E","Estimated value",""
"QCL","Crops and livestock products","268","Georgia","5510","Production","01199.90","Cereals n.e.c.","2007","2007","t","6000","E","Estimated value",""
"QCL","Crops and livestock products","268","Georgia","5510","Production","01199.90","Cereals n.e.c.","2008","2008","t","6210.63","I","Value imputed by a receiving agency",""
"QCL","Crops and livestock products","268","Georgia","5510","Production","01199.90","Cereals n.e.c.","2009","2009","t","6540.19","I","Value imputed by a receiving agency",""
"QCL","Crops and livestock products","268","Georgia","5510","Production","01199.90","Cereals n.e.c.","2010","2010","t","5300","E","Estimated value",""
"QCL","Crops and livestock products","268","Georgia","5510","Production","01199.90","Cereals n.e.c.","2011","2011","t","7000","E","Estimated value",""
"QCL","Crops and livestock products","268","Georgia","5510","Production","01199.90","Cereals n.e.c.","2012","2012","t","7000","E","Estimated value",""
"QCL","Crops and livestock products","268","Georgia","5510","Production","01199.90","Cereals n.e.c.","2013","2013","t","7000","E","Estimated value",""
"QCL","Crops and livestock products","268","Georgia","5510","Production","01199.90","Cereals n.e.c.","2014","2014","t","7000","E","Estimated value",""
"QCL","Crops and livestock products","268","Georgia","5510","Production","01199.90","Cereals n.e.c.","2015","2015","t","6915.53","I","Value imputed by a receiving agency",""
"QCL","Crops and livestock products","268","Georgia","5510","Production","01199.90","Cereals n.e.c.","2016","2016","t","6898.72","I","Value imputed by a receiving agency",""
"QCL","Crops and livestock products","268","Georgia","5510","Production","01199.90","Cereals n.e.c.","2017","2017","t","6899.67","I","Value imputed by a receiving agency",""
"QCL","Crops and livestock products","268","Georgia","5510","Production","01199.90","Cereals n.e.c.","2018","2018","t","6932.96","I","Value imputed by a receiving agency",""
"QCL","Crops and livestock products","268","Georgia","5510","Production","01199.90","Cereals n.e.c.","2019","2019","t","6965.05","I","Value imputed by a receiving agency",""
"QCL","Crops and livestock products","268","Georgia","5510","Production","01199.90","Cereals n.e.c.","2020","2020","t","6982.28","I","Value imputed by a receiving agency",""
"QCL","Crops and livestock products","268","Georgia","5510","Production","01199.90","Cereals n.e.c.","2021","2021","t","6960.09","E","Estimated value",""
"QCL","Crops and livestock products","268","Georgia","5510","Production","01199.90","Cereals n.e.c.","2022","2022","t","6969.14","E","Estimated value",""
"QCL","Crops and livestock products","268","Georgia","5510","Production","01199.90","Cereals n.e.c.","2023","2023","t","6970.5","E","Estimated value",""
"QCL","Crops and livestock products","268","Georgia","5510","Production","01199.90","Cereals n.e.c.","2024","2024","t","6966.58","E","Estimated value",""
"QCL","Crops and livestock products","300","Greece","5510","Production","01199.90","Cereals n.e.c.","1991","1991","t","","M","Missing value; data cannot exist",""
"QCL","Crops and livestock products","300","Greece","5510","Production","01199.90","Cereals n.e.c.","1992","1992","t","","M","Missing value; data cannot exist",""
"QCL","Crops and livestock products","300","Greece","5510","Production","01199.90","Cereals n.e.c.","1993","1993","t","","M","Missing value; data cannot exist",""
"QCL","Crops and livestock products","300","Greece","5510","Production","01199.90","Cereals n.e.c.","1994","1994","t","","M","Missing value; data cannot exist",""
"QCL","Crops and livestock products","300","Greece","5510","Production","01199.90","Cereals n.e.c.","1995","1995","t","","M","Missing value; data cannot exist",""
"QCL","Crops and livestock products","300","Greece","5510","Production","01199.90","Cereals n.e.c.","1996","1996","t","","M","Missing value; data cannot exist",""
"QCL","Crops and livestock products","300","Greece","5510","Production","01199.90","Cereals n.e.c.","1997","1997","t","","M","Missing value; data cannot exist",""
"QCL","Crops and livestock products","300","Greece","5510","Production","01199.90","Cereals n.e.c.","1998","1998","t","","M","Missing value; data cannot exist",""
"QCL","Crops and livestock products","300","Greece","5510","Production","01199.90","Cereals n.e.c.","1999","1999","t","","M","Missing value; data cannot exist",""
"QCL","Crops and livestock products","300","Greece","5510","Production","01199.90","Cereals n.e.c.","2000","2000","t","","M","Missing value; data cannot exist",""
"QCL","Crops and livestock products","300","Greece","5510","Production","01199.90","Cereals n.e.c.","2001","2001","t","","M","Missing value; data cannot exist",""
"QCL","Crops and livestock products","300","Greece","5510","Production","01199.90","Cereals n.e.c.","2002","2002","t","","M","Missing value; data cannot exist",""
"QCL","Crops and livestock products","300","Greece","5510","Production","01199.90","Cereals n.e.c.","2003","2003","t","","M","Missing value; data cannot exist",""
"QCL","Crops and livestock products","300","Greece","5510","Production","01199.90","Cereals n.e.c.","2004","2004","t","","M","Missing value; data cannot exist",""
"QCL","Crops and livestock products","300","Greece","5510","Production","01199.90","Cereals n.e.c.","2005","2005","t","","M","Missing value; data cannot exist",""
"QCL","Crops and livestock products","300","Greece","5510","Production","01199.90","Cereals n.e.c.","2006","2006","t","3977","A","Official figure",""
"QCL","Crops and livestock products","300","Greece","5510","Production","01199.90","Cereals n.e.c.","2007","2007","t","3762","A","Official figure",""
"QCL","Crops and livestock products","300","Greece","5510","Production","01199.90","Cereals n.e.c.","2008","2008","t","4820","A","Official figure",""
"QCL","Crops and livestock products","300","Greece","5510","Production","01199.90","Cereals n.e.c.","2009","2009","t","4609","A","Official figure",""
"QCL","Crops and livestock products","300","Greece","5510","Production","01199.90","Cereals n.e.c.","2010","2010","t","3869","A","Official figure",""
"QCL","Crops and livestock products","300","Greece","5510","Production","01199.90","Cereals n.e.c.","2011","2011","t","4415","A","Official figure",""
"QCL","Crops and livestock products","300","Greece","5510","Production","01199.90","Cereals n.e.c.","2012","2012","t","4069","A","Official figure",""
"QCL","Crops and livestock products","300","Greece","5510","Production","01199.90","Cereals n.e.c.","2013","2013","t","4320","A","Official figure",""
"QCL","Crops and livestock products","300","Greece","5510","Production","01199.90","Cereals n.e.c.","2014","2014","t","4268","E","Estimated value",""
"QCL","Crops and livestock products","300","Greece","5510","Production","01199.90","Cereals n.e.c.","2015","2015","t","47035.04","A","Official figure",""
"QCL","Crops and livestock products","300","Greece","5510","Production","01199.90","Cereals n.e.c.","2016","2016","t","50227","A","Official figure",""
"QCL","Crops and livestock products","300","Greece","5510","Production","01199.90","Cereals n.e.c.","2017","2017","t","45654","A","Official figure",""
"QCL","Crops and livestock products","300","Greece","5510","Production","01199.90","Cereals n.e.c.","2018","2018","t","880","A","Official figure",""
"QCL","Crops and livestock products","300","Greece","5510","Production","01199.90","Cereals n.e.c.","2019","2019","t","1110","A","Official figure",""
"QCL","Crops and livestock products","300","Greece","5510","Production","01199.90","Cereals n.e.c.","2020","2020","t","810","A","Official figure",""
"QCL","Crops and livestock products","300","Greece","5510","Production","01199.90","Cereals n.e.c.","2021","2021","t","680","A","Official figure",""
"QCL","Crops and livestock products","300","Greece","5510","Production","01199.90","Cereals n.e.c.","2022","2022","t","730","A","Official figure",""
"QCL","Crops and livestock products","300","Greece","5510","Production","01199.90","Cereals n.e.c.","2023","2023","t","500","A","Official figure",""
"QCL","Crops and livestock products","300","Greece","5510","Production","01199.90","Cereals n.e.c.","2024","2024","t","340","A","Official figure",""
"QCL","Crops and livestock products","624","Guinea-Bissau","5510","Production","01199.90","Cereals n.e.c.","1991","1991","t","","M","Missing value; data cannot exist",""
"QCL","Crops and livestock products","624","Guinea-Bissau","5510","Production","01199.90","Cereals n.e.c.","1992","1992","t","","M","Missing value; data cannot exist",""
"QCL","Crops and livestock products","624","Guinea-Bissau","5510","Production","01199.90","Cereals n.e.c.","1993","1993","t","","M","Missing value; data cannot exist",""
"QCL","Crops and livestock products","624","Guinea-Bissau","5510","Production","01199.90","Cereals n.e.c.","1994","1994","t","","M","Missing value; data cannot exist",""
"QCL","Crops and livestock products","624","Guinea-Bissau","5510","Production","01199.90","Cereals n.e.c.","1995","1995","t","","M","Missing value; data cannot exist",""
"QCL","Crops and livestock products","624","Guinea-Bissau","5510","Production","01199.90","Cereals n.e.c.","1996","1996","t","","M","Missing value; data cannot exist",""
"QCL","Crops and livestock products","624","Guinea-Bissau","5510","Production","01199.90","Cereals n.e.c.","1997","1997","t","","M","Missing value; data cannot exist",""
"QCL","Crops and livestock products","624","Guinea-Bissau","5510","Production","01199.90","Cereals n.e.c.","1998","1998","t","","M","Missing value; data cannot exist",""
"QCL","Crops and livestock products","624","Guinea-Bissau","5510","Production","01199.90","Cereals n.e.c.","1999","1999","t","","M","Missing value; data cannot exist",""
"QCL","Crops and livestock products","624","Guinea-Bissau","5510","Production","01199.90","Cereals n.e.c.","2000","2000","t","","M","Missing value; data cannot exist",""
"QCL","Crops and livestock products","624","Guinea-Bissau","5510","Production","01199.90","Cereals n.e.c.","2001","2001","t","2000","A","Official figure",""
"QCL","Crops and livestock products","624","Guinea-Bissau","5510","Production","01199.90","Cereals n.e.c.","2002","2002","t","1000","A","Official figure",""
"QCL","Crops and livestock products","624","Guinea-Bissau","5510","Production","01199.90","Cereals n.e.c.","2003","2003","t","1000","A","Official figure",""
"QCL","Crops and livestock products","624","Guinea-Bissau","5510","Production","01199.90","Cereals n.e.c.","2004","2004","t","1500","A","Official figure",""
"QCL","Crops and livestock products","624","Guinea-Bissau","5510","Production","01199.90","Cereals n.e.c.","2005","2005","t","1500","A","Official figure",""
"QCL","Crops and livestock products","624","Guinea-Bissau","5510","Production","01199.90","Cereals n.e.c.","2006","2006","t","1500","A","Official figure",""
"QCL","Crops and livestock products","624","Guinea-Bissau","5510","Production","01199.90","Cereals n.e.c.","2007","2007","t","1575","A","Official figure",""
"QCL","Crops and livestock products","624","Guinea-Bissau","5510","Production","01199.90","Cereals n.e.c.","2008","2008","t","1575","A","Official figure",""
"QCL","Crops and livestock products","624","Guinea-Bissau","5510","Production","01199.90","Cereals n.e.c.","2009","2009","t","1475.26","I","Value imputed by a receiving agency",""
"QCL","Crops and livestock products","624","Guinea-Bissau","5510","Production","01199.90","Cereals n.e.c.","2010","2010","t","1459.24","I","Value imputed by a receiving agency",""
"QCL","Crops and livestock products","624","Guinea-Bissau","5510","Production","01199.90","Cereals n.e.c.","2011","2011","t","1442.1","I","Value imputed by a receiving agency",""
"QCL","Crops and livestock products","624","Guinea-Bissau","5510","Production","01199.90","Cereals n.e.c.","2012","2012","t","1423.95","I","Value imputed by a receiving agency",""
"QCL","Crops and livestock products","624","Guinea-Bissau","5510","Production","01199.90","Cereals n.e.c.","2013","2013","t","1404.9","I","Value imputed by a receiving agency",""
"QCL","Crops and livestock products","624","Guinea-Bissau","5510","Production","01199.90","Cereals n.e.c.","2014","2014","t","1381.05","I","Value imputed by a receiving agency",""
"QCL","Crops and livestock products","624","Guinea-Bissau","5510","Production","01199.90","Cereals n.e.c.","2015","2015","t","1349.59","I","Value imputed by a receiving agency",""
"QCL","Crops and livestock products","624","Guinea-Bissau","5510","Production","01199.90","Cereals n.e.c.","2016","2016","t","1326.42","I","Value imputed by a receiving agency",""
"QCL","Crops and livestock products","624","Guinea-Bissau","5510","Production","01199.90","Cereals n.e.c.","2017","2017","t","1302.72","I","Value imputed by a receiving agency",""
"QCL","Crops and livestock products","624","Guinea-Bissau","5510","Production","01199.90","Cereals n.e.c.","2018","2018","t","1278.58","I","Value imputed by a receiving agency",""
"QCL","Crops and livestock products","624","Guinea-Bissau","5510","Production","01199.90","Cereals n.e.c.","2019","2019","t","1277.75","I","Value imputed by a receiving agency",""
"QCL","Crops and livestock products","624","Guinea-Bissau","5510","Production","01199.90","Cereals n.e.c.","2020","2020","t","1261.81","I","Value imputed by a receiving agency",""
"QCL","Crops and livestock products","624","Guinea-Bissau","5510","Production","01199.90","Cereals n.e.c.","2021","2021","t","1222","I","Value imputed by a receiving agency",""
"QCL","Crops and livestock products","624","Guinea-Bissau","5510","Production","01199.90","Cereals n.e.c.","2022","2022","t","1000","X","Figure from external organization","Unofficial figure"
"QCL","Crops and livestock products","624","Guinea-Bissau","5510","Production","01199.90","Cereals n.e.c.","2023","2023","t","1136.13","I","Value imputed by a receiving agency",""
"QCL","Crops and livestock products","624","Guinea-Bissau","5510","Production","01199.90","Cereals n.e.c.","2024","2024","t","1246.2","I","Value imputed by a receiving agency",""
"QCL","Crops and livestock products","348","Hungary","5510","Production","01199.90","Cereals n.e.c.","1961","1961","t","12000","E","Estimated value",""
"QCL","Crops and livestock products","348","Hungary","5510","Production","01199.90","Cereals n.e.c.","1962","1962","t","12000","E","Estimated value",""
"QCL","Crops and livestock products","348","Hungary","5510","Production","01199.90","Cereals n.e.c.","1963","1963","t","13000","E","Estimated value",""
"QCL","Crops and livestock products","348","Hungary","5510","Production","01199.90","Cereals n.e.c.","1964","1964","t","13000","E","Estimated value",""
"QCL","Crops and livestock products","348","Hungary","5510","Production","01199.90","Cereals n.e.c.","1965","1965","t","13800","E","Estimated value",""
"QCL","Crops and livestock products","348","Hungary","5510","Production","01199.90","Cereals n.e.c.","1966","1966","t","13800","E","Estimated value",""
"QCL","Crops and livestock products","348","Hungary","5510","Production","01199.90","Cereals n.e.c.","1967","1967","t","14500","E","Estimated value",""
"QCL","Crops and livestock products","348","Hungary","5510","Production","01199.90","Cereals n.e.c.","1968","1968","t","14500","E","Estimated value",""
"QCL","Crops and livestock products","348","Hungary","5510","Production","01199.90","Cereals n.e.c.","1969","1969","t","14683","A","Official figure",""
"QCL","Crops and livestock products","348","Hungary","5510","Production","01199.90","Cereals n.e.c.","1970","1970","t","21851","A","Official figure",""
"QCL","Crops and livestock products","348","Hungary","5510","Production","01199.90","Cereals n.e.c.","1971","1971","t","35579","A","Official figure",""
"QCL","Crops and livestock products","348","Hungary","5510","Production","01199.90","Cereals n.e.c.","1972","1972","t","43238","A","Official figure",""
"QCL","Crops and livestock products","348","Hungary","5510","Production","01199.90","Cereals n.e.c.","1973","1973","t","31014","A","Official figure",""
"QCL","Crops and livestock products","348","Hungary","5510","Production","01199.90","Cereals n.e.c.","1974","1974","t","24202","A","Official figure",""
"QCL","Crops and livestock products","348","Hungary","5510","Production","01199.90","Cereals n.e.c.","1975","1975","t","13461","A","Official figure",""
"QCL","Crops and livestock products","348","Hungary","5510","Production","01199.90","Cereals n.e.c.","1976","1976","t","9203","A","Official figure",""
"QCL","Crops and livestock products","348","Hungary","5510","Production","01199.90","Cereals n.e.c.","1977","1977","t","18000","E","Estimated value",""
"QCL","Crops and livestock products","348","Hungary","5510","Production","01199.90","Cereals n.e.c.","1978","1978","t","17208","A","Official figure",""
"QCL","Crops and livestock products","348","Hungary","5510","Production","01199.90","Cereals n.e.c.","1979","1979","t","23983","A","Official figure",""
"QCL","Crops and livestock products","348","Hungary","5510","Production","01199.90","Cereals n.e.c.","1980","1980","t","24189","A","Official figure",""
"QCL","Crops and livestock products","348","Hungary","5510","Production","01199.90","Cereals n.e.c.","1981","1981","t","18238","A","Official figure",""
"QCL","Crops and livestock products","348","Hungary","5510","Production","01199.90","Cereals n.e.c.","1982","1982","t","12063","A","Official figure",""
"QCL","Crops and livestock products","348","Hungary","5510","Production","01199.90","Cereals n.e.c.","1983","1983","t","9793","A","Official figure",""
"QCL","Crops and livestock products","348","Hungary","5510","Production","01199.90","Cereals n.e.c.","1984","1984","t","32204","A","Official figure",""
"QCL","Crops and livestock products","348","Hungary","5510","Production","01199.90","Cereals n.e.c.","1985","1985","t","9483","A","Official figure",""
"QCL","Crops and livestock products","348","Hungary","5510","Production","01199.90","Cereals n.e.c.","1986","1986","t","8218","A","Official figure",""
"QCL","Crops and livestock products","348","Hungary","5510","Production","01199.90","Cereals n.e.c.","1987","1987","t","24934","A","Official figure",""
"QCL","Crops and livestock products","348","Hungary","5510","Production","01199.90","Cereals n.e.c.","1988","1988","t","8283","A","Official figure",""
"QCL","Crops and livestock products","348","Hungary","5510","Production","01199.90","Cereals n.e.c.","1989","1989","t","14760","A","Official figure",""
"QCL","Crops and livestock products","348","Hungary","5510","Production","01199.90","Cereals n.e.c.","1990","1990","t","12333","A","Official figure",""
"QCL","Crops and livestock products","348","Hungary","5510","Production","01199.90","Cereals n.e.c.","1991","1991","t","4363","A","Official figure",""
"QCL","Crops and livestock products","348","Hungary","5510","Production","01199.90","Cereals n.e.c.","1992","1992","t","7923","A","Official figure",""
"QCL","Crops and livestock products","348","Hungary","5510","Production","01199.90","Cereals n.e.c.","1993","1993","t","4000","A","Official figure",""
"QCL","Crops and livestock products","348","Hungary","5510","Production","01199.90","Cereals n.e.c.","1994","1994","t","13000","A","Official figure",""
"QCL","Crops and livestock products","348","Hungary","5510","Production","01199.90","Cereals n.e.c.","1995","1995","t","2650","X","Figure from external organization","Unofficial figure"
"QCL","Crops and livestock products","348","Hungary","5510","Production","01199.90","Cereals n.e.c.","1996","1996","t","0","X","Figure from external organization","Unofficial figure"
"QCL","Crops and livestock products","348","Hungary","5510","Production","01199.90","Cereals n.e.c.","1997","1997","t","0","X","Figure from external organization","Unofficial figure"
"QCL","Crops and livestock products","348","Hungary","5510","Production","01199.90","Cereals n.e.c.","1998","1998","t","0","X","Figure from external organization","Unofficial figure"
"QCL","Crops and livestock products","348","Hungary","5510","Production","01199.90","Cereals n.e.c.","1999","1999","t","0","E","Estimated value",""
"QCL","Crops and livestock products","348","Hungary","5510","Production","01199.90","Cereals n.e.c.","2000","2000","t","0","E","Estimated value",""
"QCL","Crops and livestock products","348","Hungary","5510","Production","01199.90","Cereals n.e.c.","2001","2001","t","0","X","Figure from external organization","Unofficial figure"
"QCL","Crops and livestock products","348","Hungary","5510","Production","01199.90","Cereals n.e.c.","2002","2002","t","0","A","Official figure",""
"QCL","Crops and livestock products","348","Hungary","5510","Production","01199.90","Cereals n.e.c.","2003","2003","t","1725","A","Official figure",""
"QCL","Crops and livestock products","348","Hungary","5510","Production","01199.90","Cereals n.e.c.","2004","2004","t","886","A","Official figure",""
"QCL","Crops and livestock products","348","Hungary","5510","Production","01199.90","Cereals n.e.c.","2005","2005","t","752","A","Official figure",""
"QCL","Crops and livestock products","348","Hungary","5510","Production","01199.90","Cereals n.e.c.","2006","2006","t","1488","A","Official figure",""
"QCL","Crops and livestock products","348","Hungary","5510","Production","01199.90","Cereals n.e.c.","2007","2007","t","1089","A","Official figure",""
"QCL","Crops and livestock products","348","Hungary","5510","Production","01199.90","Cereals n.e.c.","2008","2008","t","1824","A","Official figure",""
"QCL","Crops and livestock products","348","Hungary","5510","Production","01199.90","Cereals n.e.c.","2009","2009","t","2722","A","Official figure",""
"QCL","Crops and livestock products","348","Hungary","5510","Production","01199.90","Cereals n.e.c.","2010","2010","t","1326","A","Official figure",""
"QCL","Crops and livestock products","348","Hungary","5510","Production","01199.90","Cereals n.e.c.","2011","2011","t","1373","A","Official figure",""
"QCL","Crops and livestock products","348","Hungary","5510","Production","01199.90","Cereals n.e.c.","2012","2012","t","3700","A","Official figure",""
"QCL","Crops and livestock products","348","Hungary","5510","Production","01199.90","Cereals n.e.c.","2013","2013","t","4170","A","Official figure",""
"QCL","Crops and livestock products","348","Hungary","5510","Production","01199.90","Cereals n.e.c.","2014","2014","t","5640","A","Official figure",""
"QCL","Crops and livestock products","348","Hungary","5510","Production","01199.90","Cereals n.e.c.","2015","2015","t","3034","A","Official figure",""
"QCL","Crops and livestock products","348","Hungary","5510","Production","01199.90","Cereals n.e.c.","2016","2016","t","12559","A","Official figure",""
"QCL","Crops and livestock products","348","Hungary","5510","Production","01199.90","Cereals n.e.c.","2017","2017","t","13055","A","Official figure",""
"QCL","Crops and livestock products","348","Hungary","5510","Production","01199.90","Cereals n.e.c.","2018","2018","t","17850","A","Official figure",""
"QCL","Crops and livestock products","348","Hungary","5510","Production","01199.90","Cereals n.e.c.","2019","2019","t","22840","A","Official figure",""
"QCL","Crops and livestock products","348","Hungary","5510","Production","01199.90","Cereals n.e.c.","2020","2020","t","9250","A","Official figure",""
"QCL","Crops and livestock products","348","Hungary","5510","Production","01199.90","Cereals n.e.c.","2021","2021","t","10790","A","Official figure",""
"QCL","Crops and livestock products","348","Hungary","5510","Production","01199.90","Cereals n.e.c.","2022","2022","t","7880","A","Official figure",""
"QCL","Crops and livestock products","348","Hungary","5510","Production","01199.90","Cereals n.e.c.","2023","2023","t","12370","A","Official figure",""
"QCL","Crops and livestock products","348","Hungary","5510","Production","01199.90","Cereals n.e.c.","2024","2024","t","24510","A","Official figure",""
"QCL","Crops and livestock products","372","Ireland","5510","Production","01199.90","Cereals n.e.c.","1991","1991","t","2648.39","I","Value imputed by a receiving agency",""
"QCL","Crops and livestock products","372","Ireland","5510","Production","01199.90","Cereals n.e.c.","1992","1992","t","7331.58","I","Value imputed by a receiving agency",""
"QCL","Crops and livestock products","372","Ireland","5510","Production","01199.90","Cereals n.e.c.","1993","1993","t","6701.95","I","Value imputed by a receiving agency",""
"QCL","Crops and livestock products","372","Ireland","5510","Production","01199.90","Cereals n.e.c.","1994","1994","t","7642.47","I","Value imputed by a receiving agency",""
"QCL","Crops and livestock products","372","Ireland","5510","Production","01199.90","Cereals n.e.c.","1995","1995","t","6852.62","I","Value imputed by a receiving agency",""
"QCL","Crops and livestock products","372","Ireland","5510","Production","01199.90","Cereals n.e.c.","1996","1996","t","8107.18","I","Value imputed by a receiving agency",""
"QCL","Crops and livestock products","372","Ireland","5510","Production","01199.90","Cereals n.e.c.","1997","1997","t","8344.35","I","Value imputed by a receiving agency",""
"QCL","Crops and livestock products","372","Ireland","5510","Production","01199.90","Cereals n.e.c.","1998","1998","t","9940.2","I","Value imputed by a receiving agency",""
"QCL","Crops and livestock products","372","Ireland","5510","Production","01199.90","Cereals n.e.c.","1999","1999","t","14460.13","I","Value imputed by a receiving agency",""
"QCL","Crops and livestock products","372","Ireland","5510","Production","01199.90","Cereals n.e.c.","2000","2000","t","3076.3","I","Value imputed by a receiving agency",""
"QCL","Crops and livestock products","372","Ireland","5510","Production","01199.90","Cereals n.e.c.","2001","2001","t","3419.19","I","Value imputed by a receiving agency",""
"QCL","Crops and livestock products","372","Ireland","5510","Production","01199.90","Cereals n.e.c.","2002","2002","t","2826.37","I","Value imputed by a receiving agency",""
"QCL","Crops and livestock products","372","Ireland","5510","Production","01199.90","Cereals n.e.c.","2003","2003","t","4917.32","I","Value imputed by a receiving agency",""
"QCL","Crops and livestock products","372","Ireland","5510","Production","01199.90","Cereals n.e.c.","2004","2004","t","5965.89","I","Value imputed by a receiving agency",""
"QCL","Crops and livestock products","372","Ireland","5510","Production","01199.90","Cereals n.e.c.","2005","2005","t","7477.34","I","Value imputed by a receiving agency",""
"QCL","Crops and livestock products","372","Ireland","5510","Production","01199.90","Cereals n.e.c.","2006","2006","t","6700","A","Official figure",""
"QCL","Crops and livestock products","372","Ireland","5510","Production","01199.90","Cereals n.e.c.","2007","2007","t","8900","A","Official figure",""
"QCL","Crops and livestock products","372","Ireland","5510","Production","01199.90","Cereals n.e.c.","2008","2008","t","2223.97","I","Value imputed by a receiving agency",""
"QCL","Crops and livestock products","372","Ireland","5510","Production","01199.90","Cereals n.e.c.","2009","2009","t","2500","E","Estimated value",""
"QCL","Crops and livestock products","372","Ireland","5510","Production","01199.90","Cereals n.e.c.","2010","2010","t","2800","E","Estimated value",""
"QCL","Crops and livestock products","372","Ireland","5510","Production","01199.90","Cereals n.e.c.","2011","2011","t","2300","E","Estimated value",""
"QCL","Crops and livestock products","372","Ireland","5510","Production","01199.90","Cereals n.e.c.","2012","2012","t","1800","E","Estimated value",""
"QCL","Crops and livestock products","372","Ireland","5510","Production","01199.90","Cereals n.e.c.","2013","2013","t","1800","E","Estimated value",""
"QCL","Crops and livestock products","372","Ireland","5510","Production","01199.90","Cereals n.e.c.","2014","2014","t","1313.27","E","Estimated value",""
"QCL","Crops and livestock products","372","Ireland","5510","Production","01199.90","Cereals n.e.c.","2015","2015","t","1630.81","I","Value imputed by a receiving agency",""
"QCL","Crops and livestock products","372","Ireland","5510","Production","01199.90","Cereals n.e.c.","2016","2016","t","1463.33","E","Estimated value",""
"QCL","Crops and livestock products","372","Ireland","5510","Production","01199.90","Cereals n.e.c.","2017","2017","t","1478","E","Estimated value",""
"QCL","Crops and livestock products","380","Italy","5510","Production","01199.90","Cereals n.e.c.","1961","1961","t","25000","A","Official figure",""
"QCL","Crops and livestock products","380","Italy","5510","Production","01199.90","Cereals n.e.c.","1962","1962","t","16670","A","Official figure",""
"QCL","Crops and livestock products","380","Italy","5510","Production","01199.90","Cereals n.e.c.","1963","1963","t","13050","A","Official figure",""
"QCL","Crops and livestock products","380","Italy","5510","Production","01199.90","Cereals n.e.c.","1964","1964","t","12430","A","Official figure",""
"QCL","Crops and livestock products","380","Italy","5510","Production","01199.90","Cereals n.e.c.","1965","1965","t","13460","A","Official figure",""
"QCL","Crops and livestock products","380","Italy","5510","Production","01199.90","Cereals n.e.c.","1966","1966","t","13200","A","Official figure",""
"QCL","Crops and livestock products","380","Italy","5510","Production","01199.90","Cereals n.e.c.","1967","1967","t","12510","A","Official figure",""
"QCL","Crops and livestock products","380","Italy","5510","Production","01199.90","Cereals n.e.c.","1968","1968","t","10660","A","Official figure",""
"QCL","Crops and livestock products","380","Italy","5510","Production","01199.90","Cereals n.e.c.","1969","1969","t","8220","A","Official figure",""
"QCL","Crops and livestock products","380","Italy","5510","Production","01199.90","Cereals n.e.c.","1970","1970","t","7200","A","Official figure",""
"QCL","Crops and livestock products","380","Italy","5510","Production","01199.90","Cereals n.e.c.","1971","1971","t","3540","A","Official figure",""
"QCL","Crops and livestock products","380","Italy","5510","Production","01199.90","Cereals n.e.c.","1972","1972","t","2579","A","Official figure",""
"QCL","Crops and livestock products","380","Italy","5510","Production","01199.90","Cereals n.e.c.","1973","1973","t","2910","A","Official figure",""
"QCL","Crops and livestock products","380","Italy","5510","Production","01199.90","Cereals n.e.c.","1974","1974","t","2496","A","Official figure",""
"QCL","Crops and livestock products","380","Italy","5510","Production","01199.90","Cereals n.e.c.","1975","1975","t","1900","A","Official figure",""
"QCL","Crops and livestock products","380","Italy","5510","Production","01199.90","Cereals n.e.c.","1976","1976","t","1600","A","Official figure",""
"QCL","Crops and livestock products","380","Italy","5510","Production","01199.90","Cereals n.e.c.","1977","1977","t","1700","A","Official figure",""
"QCL","Crops and livestock products","380","Italy","5510","Production","01199.90","Cereals n.e.c.","1978","1978","t","1400","A","Official figure",""
"QCL","Crops and livestock products","380","Italy","5510","Production","01199.90","Cereals n.e.c.","1979","1979","t","1400","A","Official figure",""
"QCL","Crops and livestock products","380","Italy","5510","Production","01199.90","Cereals n.e.c.","1980","1980","t","2100","A","Official figure",""
"QCL","Crops and livestock products","380","Italy","5510","Production","01199.90","Cereals n.e.c.","1981","1981","t","1568","A","Official figure",""
"QCL","Crops and livestock products","380","Italy","5510","Production","01199.90","Cereals n.e.c.","1982","1982","t","5200","A","Official figure",""
"QCL","Crops and livestock products","380","Italy","5510","Production","01199.90","Cereals n.e.c.","1983","1983","t","7000","A","Official figure",""
"QCL","Crops and livestock products","380","Italy","5510","Production","01199.90","Cereals n.e.c.","1984","1984","t","12500","A","Official figure",""
"QCL","Crops and livestock products","380","Italy","5510","Production","01199.90","Cereals n.e.c.","1985","1985","t","2800","X","Figure from external organization","Unofficial figure"
"QCL","Crops and livestock products","380","Italy","5510","Production","01199.90","Cereals n.e.c.","1986","1986","t","2200","X","Figure from external organization","Unofficial figure"
"QCL","Crops and livestock products","380","Italy","5510","Production","01199.90","Cereals n.e.c.","1987","1987","t","4000","X","Figure from external organization","Unofficial figure"
"QCL","Crops and livestock products","380","Italy","5510","Production","01199.90","Cereals n.e.c.","1988","1988","t","1000","A","Official figure",""
"QCL","Crops and livestock products","380","Italy","5510","Production","01199.90","Cereals n.e.c.","1989","1989","t","970","A","Official figure",""
"QCL","Crops and livestock products","380","Italy","5510","Production","01199.90","Cereals n.e.c.","1990","1990","t","1060","X","Figure from external organization","Unofficial figure"
"QCL","Crops and livestock products","380","Italy","5510","Production","01199.90","Cereals n.e.c.","1991","1991","t","5530","X","Figure from external organization","Unofficial figure"
"QCL","Crops and livestock products","380","Italy","5510","Production","01199.90","Cereals n.e.c.","1992","1992","t","9865","X","Figure from external organization","Unofficial figure"
"QCL","Crops and livestock products","380","Italy","5510","Production","01199.90","Cereals n.e.c.","1993","1993","t","11613","A","Official figure",""
"QCL","Crops and livestock products","380","Italy","5510","Production","01199.90","Cereals n.e.c.","1994","1994","t","11533","A","Official figure",""
"QCL","Crops and livestock products","380","Italy","5510","Production","01199.90","Cereals n.e.c.","1995","1995","t","14291","A","Official figure",""
"QCL","Crops and livestock products","380","Italy","5510","Production","01199.90","Cereals n.e.c.","1996","1996","t","14256","X","Figure from external organization","Unofficial figure"
"QCL","Crops and livestock products","380","Italy","5510","Production","01199.90","Cereals n.e.c.","1997","1997","t","28200","A","Official figure",""
"QCL","Crops and livestock products","380","Italy","5510","Production","01199.90","Cereals n.e.c.","1998","1998","t","30500","A","Official figure",""
"QCL","Crops and livestock products","380","Italy","5510","Production","01199.90","Cereals n.e.c.","1999","1999","t","21419","A","Official figure",""
"QCL","Crops and livestock products","380","Italy","5510","Production","01199.90","Cereals n.e.c.","2000","2000","t","20185","A","Official figure",""
"QCL","Crops and livestock products","380","Italy","5510","Production","01199.90","Cereals n.e.c.","2001","2001","t","34800","A","Official figure",""
"QCL","Crops and livestock products","380","Italy","5510","Production","01199.90","Cereals n.e.c.","2002","2002","t","31356","A","Official figure",""
"QCL","Crops and livestock products","380","Italy","5510","Production","01199.90","Cereals n.e.c.","2003","2003","t","37900","A","Official figure",""
"QCL","Crops and livestock products","380","Italy","5510","Production","01199.90","Cereals n.e.c.","2004","2004","t","35484","A","Official figure",""
"QCL","Crops and livestock products","380","Italy","5510","Production","01199.90","Cereals n.e.c.","2005","2005","t","29157","A","Official figure",""
"QCL","Crops and livestock products","380","Italy","5510","Production","01199.90","Cereals n.e.c.","2006","2006","t","27013","A","Official figure",""
"QCL","Crops and livestock products","380","Italy","5510","Production","01199.90","Cereals n.e.c.","2007","2007","t","42459","A","Official figure",""
"QCL","Crops and livestock products","380","Italy","5510","Production","01199.90","Cereals n.e.c.","2008","2008","t","48348","A","Official figure",""
"QCL","Crops and livestock products","380","Italy","5510","Production","01199.90","Cereals n.e.c.","2009","2009","t","53500","A","Official figure",""
"QCL","Crops and livestock products","380","Italy","5510","Production","01199.90","Cereals n.e.c.","2010","2010","t","75800","A","Official figure",""
"QCL","Crops and livestock products","380","Italy","5510","Production","01199.90","Cereals n.e.c.","2011","2011","t","76150","A","Official figure",""
"QCL","Crops and livestock products","380","Italy","5510","Production","01199.90","Cereals n.e.c.","2012","2012","t","67405.8","A","Official figure",""
"QCL","Crops and livestock products","380","Italy","5510","Production","01199.90","Cereals n.e.c.","2013","2013","t","116218.4","A","Official figure",""
"QCL","Crops and livestock products","380","Italy","5510","Production","01199.90","Cereals n.e.c.","2014","2014","t","135261.4","A","Official figure",""
"QCL","Crops and livestock products","380","Italy","5510","Production","01199.90","Cereals n.e.c.","2015","2015","t","126698.3","A","Official figure",""
"QCL","Crops and livestock products","380","Italy","5510","Production","01199.90","Cereals n.e.c.","2016","2016","t","91974.6","A","Official figure",""
"QCL","Crops and livestock products","380","Italy","5510","Production","01199.90","Cereals n.e.c.","2017","2017","t","95960","A","Official figure",""
"QCL","Crops and livestock products","380","Italy","5510","Production","01199.90","Cereals n.e.c.","2018","2018","t","107340","A","Official figure",""
"QCL","Crops and livestock products","380","Italy","5510","Production","01199.90","Cereals n.e.c.","2019","2019","t","106110","A","Official figure",""
"QCL","Crops and livestock products","380","Italy","5510","Production","01199.90","Cereals n.e.c.","2020","2020","t","109840","A","Official figure",""
"QCL","Crops and livestock products","380","Italy","5510","Production","01199.90","Cereals n.e.c.","2021","2021","t","96250","A","Official figure",""
"QCL","Crops and livestock products","380","Italy","5510","Production","01199.90","Cereals n.e.c.","2022","2022","t","75690","A","Official figure",""
"QCL","Crops and livestock products","380","Italy","5510","Production","01199.90","Cereals n.e.c.","2023","2023","t","70820","A","Official figure",""
"QCL","Crops and livestock products","380","Italy","5510","Production","01199.90","Cereals n.e.c.","2024","2024","t","67070","A","Official figure",""
"QCL","Crops and livestock products","400","Jordan","5510","Production","01199.90","Cereals n.e.c.","2022","2022","t","","M","Missing value; data cannot exist",""
"QCL","Crops and livestock products","400","Jordan","5510","Production","01199.90","Cereals n.e.c.","2023","2023","t","6695","A","Official figure",""
"QCL","Crops and livestock products","400","Jordan","5510","Production","01199.90","Cereals n.e.c.","2024","2024","t","4770.72","A","Official figure",""
"QCL","Crops and livestock products","398","Kazakhstan","5510","Production","01199.90","Cereals n.e.c.","1992","1992","t","88000","A","Official figure",""
"QCL","Crops and livestock products","398","Kazakhstan","5510","Production","01199.90","Cereals n.e.c.","1993","1993","t","40000","X","Figure from external organization","Unofficial figure"
"QCL","Crops and livestock products","398","Kazakhstan","5510","Production","01199.90","Cereals n.e.c.","1994","1994","t","32733.41","I","Value imputed by a receiving agency",""
"QCL","Crops and livestock products","398","Kazakhstan","5510","Production","01199.90","Cereals n.e.c.","1995","1995","t","31440","A","Official figure",""
"QCL","Crops and livestock products","398","Kazakhstan","5510","Production","01199.90","Cereals n.e.c.","1996","1996","t","41370","A","Official figure",""
"QCL","Crops and livestock products","398","Kazakhstan","5510","Production","01199.90","Cereals n.e.c.","1997","1997","t","35270","A","Official figure",""
"QCL","Crops and livestock products","398","Kazakhstan","5510","Production","01199.90","Cereals n.e.c.","1998","1998","t","19000","A","Official figure",""
"QCL","Crops and livestock products","398","Kazakhstan","5510","Production","01199.90","Cereals n.e.c.","1999","1999","t","73800","A","Official figure",""
"QCL","Crops and livestock products","398","Kazakhstan","5510","Production","01199.90","Cereals n.e.c.","2000","2000","t","17915","A","Official figure",""
"QCL","Crops and livestock products","398","Kazakhstan","5510","Production","01199.90","Cereals n.e.c.","2001","2001","t","21619","A","Official figure",""
"QCL","Crops and livestock products","398","Kazakhstan","5510","Production","01199.90","Cereals n.e.c.","2002","2002","t","23978","A","Official figure",""
"QCL","Crops and livestock products","398","Kazakhstan","5510","Production","01199.90","Cereals n.e.c.","2003","2003","t","25652","A","Official figure",""
"QCL","Crops and livestock products","398","Kazakhstan","5510","Production","01199.90","Cereals n.e.c.","2004","2004","t","25071","A","Official figure",""
"QCL","Crops and livestock products","398","Kazakhstan","5510","Production","01199.90","Cereals n.e.c.","2005","2005","t","52770","A","Official figure",""
"QCL","Crops and livestock products","398","Kazakhstan","5510","Production","01199.90","Cereals n.e.c.","2006","2006","t","50527","A","Official figure",""
"QCL","Crops and livestock products","398","Kazakhstan","5510","Production","01199.90","Cereals n.e.c.","2007","2007","t","47846","A","Official figure",""
"QCL","Crops and livestock products","398","Kazakhstan","5510","Production","01199.90","Cereals n.e.c.","2008","2008","t","36750","A","Official figure",""
"QCL","Crops and livestock products","398","Kazakhstan","5510","Production","01199.90","Cereals n.e.c.","2009","2009","t","42840","A","Official figure",""
"QCL","Crops and livestock products","398","Kazakhstan","5510","Production","01199.90","Cereals n.e.c.","2010","2010","t","110026","A","Official figure",""
"QCL","Crops and livestock products","398","Kazakhstan","5510","Production","01199.90","Cereals n.e.c.","2011","2011","t","303837.8","A","Official figure",""
"QCL","Crops and livestock products","398","Kazakhstan","5510","Production","01199.90","Cereals n.e.c.","2012","2012","t","338169.5","A","Official figure",""
"QCL","Crops and livestock products","398","Kazakhstan","5510","Production","01199.90","Cereals n.e.c.","2013","2013","t","276840.1","A","Official figure",""
"QCL","Crops and livestock products","398","Kazakhstan","5510","Production","01199.90","Cereals n.e.c.","2014","2014","t","299818","A","Official figure",""
"QCL","Crops and livestock products","398","Kazakhstan","5510","Production","01199.90","Cereals n.e.c.","2015","2015","t","644597.3","A","Official figure",""
"QCL","Crops and livestock products","398","Kazakhstan","5510","Production","01199.90","Cereals n.e.c.","2016","2016","t","445002.2","A","Official figure",""
"QCL","Crops and livestock products","398","Kazakhstan","5510","Production","01199.90","Cereals n.e.c.","2017","2017","t","259521.3","A","Official figure",""
"QCL","Crops and livestock products","398","Kazakhstan","5510","Production","01199.90","Cereals n.e.c.","2018","2018","t","117053.8","A","Official figure",""
"QCL","Crops and livestock products","398","Kazakhstan","5510","Production","01199.90","Cereals n.e.c.","2019","2019","t","107636.5","A","Official figure",""
"QCL","Crops and livestock products","398","Kazakhstan","5510","Production","01199.90","Cereals n.e.c.","2020","2020","t","95956.5","A","Official figure",""
"QCL","Crops and livestock products","398","Kazakhstan","5510","Production","01199.90","Cereals n.e.c.","2021","2021","t","57639.9","A","Official figure",""
"QCL","Crops and livestock products","398","Kazakhstan","5510","Production","01199.90","Cereals n.e.c.","2022","2022","t","58522.2","A","Official figure",""
"QCL","Crops and livestock products","398","Kazakhstan","5510","Production","01199.90","Cereals n.e.c.","2023","2023","t","34750.2","A","Official figure",""
"QCL","Crops and livestock products","398","Kazakhstan","5510","Production","01199.90","Cereals n.e.c.","2024","2024","t","86800.6","A","Official figure",""
"QCL","Crops and livestock products","428","Latvia","5510","Production","01199.90","Cereals n.e.c.","1992","1992","t","","M","Missing value; data cannot exist",""
"QCL","Crops and livestock products","428","Latvia","5510","Production","01199.90","Cereals n.e.c.","1993","1993","t","","M","Missing value; data cannot exist",""
"QCL","Crops and livestock products","428","Latvia","5510","Production","01199.90","Cereals n.e.c.","1994","1994","t","","M","Missing value; data cannot exist",""
"QCL","Crops and livestock products","428","Latvia","5510","Production","01199.90","Cereals n.e.c.","1995","1995","t","","M","Missing value; data cannot exist",""
"QCL","Crops and livestock products","428","Latvia","5510","Production","01199.90","Cereals n.e.c.","1996","1996","t","","M","Missing value; data cannot exist",""
"QCL","Crops and livestock products","428","Latvia","5510","Production","01199.90","Cereals n.e.c.","1997","1997","t","","M","Missing value; data cannot exist",""
"QCL","Crops and livestock products","428","Latvia","5510","Production","01199.90","Cereals n.e.c.","1998","1998","t","","M","Missing value; data cannot exist",""
"QCL","Crops and livestock products","428","Latvia","5510","Production","01199.90","Cereals n.e.c.","1999","1999","t","","M","Missing value; data cannot exist",""
"QCL","Crops and livestock products","428","Latvia","5510","Production","01199.90","Cereals n.e.c.","2000","2000","t","","M","Missing value; data cannot exist",""
"QCL","Crops and livestock products","428","Latvia","5510","Production","01199.90","Cereals n.e.c.","2001","2001","t","","M","Missing value; data cannot exist",""
"QCL","Crops and livestock products","428","Latvia","5510","Production","01199.90","Cereals n.e.c.","2002","2002","t","","M","Missing value; data cannot exist",""
"QCL","Crops and livestock products","428","Latvia","5510","Production","01199.90","Cereals n.e.c.","2003","2003","t","","M","Missing value; data cannot exist",""
"QCL","Crops and livestock products","428","Latvia","5510","Production","01199.90","Cereals n.e.c.","2004","2004","t","","M","Missing value; data cannot exist",""
"QCL","Crops and livestock products","428","Latvia","5510","Production","01199.90","Cereals n.e.c.","2005","2005","t","","M","Missing value; data cannot exist",""
"QCL","Crops and livestock products","428","Latvia","5510","Production","01199.90","Cereals n.e.c.","2006","2006","t","","M","Missing value; data cannot exist",""
"QCL","Crops and livestock products","428","Latvia","5510","Production","01199.90","Cereals n.e.c.","2007","2007","t","","M","Missing value; data cannot exist",""
"QCL","Crops and livestock products","428","Latvia","5510","Production","01199.90","Cereals n.e.c.","2008","2008","t","","M","Missing value; data cannot exist",""
"QCL","Crops and livestock products","428","Latvia","5510","Production","01199.90","Cereals n.e.c.","2009","2009","t","","M","Missing value; data cannot exist",""
"QCL","Crops and livestock products","428","Latvia","5510","Production","01199.90","Cereals n.e.c.","2010","2010","t","","M","Missing value; data cannot exist",""
"QCL","Crops and livestock products","428","Latvia","5510","Production","01199.90","Cereals n.e.c.","2011","2011","t","","M","Missing value; data cannot exist",""
"QCL","Crops and livestock products","428","Latvia","5510","Production","01199.90","Cereals n.e.c.","2012","2012","t","","M","Missing value; data cannot exist",""
"QCL","Crops and livestock products","428","Latvia","5510","Production","01199.90","Cereals n.e.c.","2013","2013","t","","M","Missing value; data cannot exist",""
"QCL","Crops and livestock products","428","Latvia","5510","Production","01199.90","Cereals n.e.c.","2014","2014","t","","M","Missing value; data cannot exist",""
"QCL","Crops and livestock products","428","Latvia","5510","Production","01199.90","Cereals n.e.c.","2015","2015","t","","M","Missing value; data cannot exist",""
"QCL","Crops and livestock products","428","Latvia","5510","Production","01199.90","Cereals n.e.c.","2016","2016","t","","M","Missing value; data cannot exist",""
"QCL","Crops and livestock products","428","Latvia","5510","Production","01199.90","Cereals n.e.c.","2017","2017","t","","M","Missing value; data cannot exist",""
"QCL","Crops and livestock products","428","Latvia","5510","Production","01199.90","Cereals n.e.c.","2018","2018","t","25300","A","Official figure",""
"QCL","Crops and livestock products","428","Latvia","5510","Production","01199.90","Cereals n.e.c.","2019","2019","t","13500","A","Official figure",""
"QCL","Crops and livestock products","428","Latvia","5510","Production","01199.90","Cereals n.e.c.","2020","2020","t","16800","A","Official figure",""
"QCL","Crops and livestock products","428","Latvia","5510","Production","01199.90","Cereals n.e.c.","2021","2021","t","14300","A","Official figure",""
"QCL","Crops and livestock products","428","Latvia","5510","Production","01199.90","Cereals n.e.c.","2022","2022","t","25300","A","Official figure",""
"QCL","Crops and livestock products","428","Latvia","5510","Production","01199.90","Cereals n.e.c.","2023","2023","t","19300","A","Official figure",""
"QCL","Crops and livestock products","428","Latvia","5510","Production","01199.90","Cereals n.e.c.","2024","2024","t","24800","A","Official figure",""
"QCL","Crops and livestock products","440","Lithuania","5510","Production","01199.90","Cereals n.e.c.","1992","1992","t","","M","Missing value; data cannot exist",""
"QCL","Crops and livestock products","440","Lithuania","5510","Production","01199.90","Cereals n.e.c.","1993","1993","t","","M","Missing value; data cannot exist",""
"QCL","Crops and livestock products","440","Lithuania","5510","Production","01199.90","Cereals n.e.c.","1994","1994","t","","M","Missing value; data cannot exist",""
"QCL","Crops and livestock products","440","Lithuania","5510","Production","01199.90","Cereals n.e.c.","1995","1995","t","","M","Missing value; data cannot exist",""
"QCL","Crops and livestock products","440","Lithuania","5510","Production","01199.90","Cereals n.e.c.","1996","1996","t","","M","Missing value; data cannot exist",""
"QCL","Crops and livestock products","440","Lithuania","5510","Production","01199.90","Cereals n.e.c.","1997","1997","t","","M","Missing value; data cannot exist",""
"QCL","Crops and livestock products","440","Lithuania","5510","Production","01199.90","Cereals n.e.c.","1998","1998","t","","M","Missing value; data cannot exist",""
"QCL","Crops and livestock products","440","Lithuania","5510","Production","01199.90","Cereals n.e.c.","1999","1999","t","200","A","Official figure",""
"QCL","Crops and livestock products","440","Lithuania","5510","Production","01199.90","Cereals n.e.c.","2000","2000","t","800","A","Official figure",""
"QCL","Crops and livestock products","440","Lithuania","5510","Production","01199.90","Cereals n.e.c.","2001","2001","t","1100","A","Official figure",""
"QCL","Crops and livestock products","440","Lithuania","5510","Production","01199.90","Cereals n.e.c.","2002","2002","t","","M","Missing value; data cannot exist",""
"QCL","Crops and livestock products","440","Lithuania","5510","Production","01199.90","Cereals n.e.c.","2003","2003","t","","M","Missing value; data cannot exist",""
"QCL","Crops and livestock products","440","Lithuania","5510","Production","01199.90","Cereals n.e.c.","2004","2004","t","100","A","Official figure",""
"QCL","Crops and livestock products","440","Lithuania","5510","Production","01199.90","Cereals n.e.c.","2005","2005","t","300","A","Official figure",""
"QCL","Crops and livestock products","440","Lithuania","5510","Production","01199.90","Cereals n.e.c.","2006","2006","t","400","A","Official figure",""
"QCL","Crops and livestock products","440","Lithuania","5510","Production","01199.90","Cereals n.e.c.","2007","2007","t","800","A","Official figure",""
"QCL","Crops and livestock products","440","Lithuania","5510","Production","01199.90","Cereals n.e.c.","2008","2008","t","200","A","Official figure",""
"QCL","Crops and livestock products","440","Lithuania","5510","Production","01199.90","Cereals n.e.c.","2009","2009","t","100","A","Official figure",""
"QCL","Crops and livestock products","440","Lithuania","5510","Production","01199.90","Cereals n.e.c.","2010","2010","t","900","A","Official figure",""
"QCL","Crops and livestock products","440","Lithuania","5510","Production","01199.90","Cereals n.e.c.","2011","2011","t","1400","A","Official figure",""
"QCL","Crops and livestock products","440","Lithuania","5510","Production","01199.90","Cereals n.e.c.","2012","2012","t","1500","A","Official figure",""
"QCL","Crops and livestock products","440","Lithuania","5510","Production","01199.90","Cereals n.e.c.","2013","2013","t","1300","A","Official figure",""
"QCL","Crops and livestock products","440","Lithuania","5510","Production","01199.90","Cereals n.e.c.","2014","2014","t","1200","A","Official figure",""
"QCL","Crops and livestock products","440","Lithuania","5510","Production","01199.90","Cereals n.e.c.","2015","2015","t","206","A","Official figure",""
"QCL","Crops and livestock products","440","Lithuania","5510","Production","01199.90","Cereals n.e.c.","2016","2016","t","101","A","Official figure",""
"QCL","Crops and livestock products","440","Lithuania","5510","Production","01199.90","Cereals n.e.c.","2017","2017","t","73","A","Official figure",""
"QCL","Crops and livestock products","440","Lithuania","5510","Production","01199.90","Cereals n.e.c.","2018","2018","t","53540","A","Official figure",""
"QCL","Crops and livestock products","440","Lithuania","5510","Production","01199.90","Cereals n.e.c.","2019","2019","t","30840","A","Official figure",""
"QCL","Crops and livestock products","440","Lithuania","5510","Production","01199.90","Cereals n.e.c.","2020","2020","t","37650","A","Official figure",""
"QCL","Crops and livestock products","440","Lithuania","5510","Production","01199.90","Cereals n.e.c.","2021","2021","t","32660","A","Official figure",""
"QCL","Crops and livestock products","440","Lithuania","5510","Production","01199.90","Cereals n.e.c.","2022","2022","t","43990","A","Official figure",""
"QCL","Crops and livestock products","440","Lithuania","5510","Production","01199.90","Cereals n.e.c.","2023","2023","t","36470","A","Official figure",""
"QCL","Crops and livestock products","440","Lithuania","5510","Production","01199.90","Cereals n.e.c.","2024","2024","t","37400","A","Official figure",""
"QCL","Crops and livestock products","442","Luxembourg","5510","Production","01199.90","Cereals n.e.c.","2000","2000","t","","M","Missing value; data cannot exist",""
"QCL","Crops and livestock products","442","Luxembourg","5510","Production","01199.90","Cereals n.e.c.","2001","2001","t","","M","Missing value; data cannot exist",""
"QCL","Crops and livestock products","442","Luxembourg","5510","Production","01199.90","Cereals n.e.c.","2002","2002","t","250","E","Estimated value",""
"QCL","Crops and livestock products","442","Luxembourg","5510","Production","01199.90","Cereals n.e.c.","2003","2003","t","266.42","I","Value imputed by a receiving agency",""
"QCL","Crops and livestock products","442","Luxembourg","5510","Production","01199.90","Cereals n.e.c.","2004","2004","t","324","A","Official figure",""
"QCL","Crops and livestock products","442","Luxembourg","5510","Production","01199.90","Cereals n.e.c.","2005","2005","t","254","A","Official figure",""
"QCL","Crops and livestock products","442","Luxembourg","5510","Production","01199.90","Cereals n.e.c.","2006","2006","t","151","A","Official figure",""
"QCL","Crops and livestock products","442","Luxembourg","5510","Production","01199.90","Cereals n.e.c.","2007","2007","t","78","A","Official figure",""
"QCL","Crops and livestock products","442","Luxembourg","5510","Production","01199.90","Cereals n.e.c.","2008","2008","t","173","A","Official figure",""
"QCL","Crops and livestock products","442","Luxembourg","5510","Production","01199.90","Cereals n.e.c.","2009","2009","t","224","A","Official figure",""
"QCL","Crops and livestock products","442","Luxembourg","5510","Production","01199.90","Cereals n.e.c.","2010","2010","t","246","A","Official figure",""
"QCL","Crops and livestock products","442","Luxembourg","5510","Production","01199.90","Cereals n.e.c.","2011","2011","t","233","A","Official figure",""
"QCL","Crops and livestock products","442","Luxembourg","5510","Production","01199.90","Cereals n.e.c.","2012","2012","t","212","A","Official figure",""
"QCL","Crops and livestock products","442","Luxembourg","5510","Production","01199.90","Cereals n.e.c.","2013","2013","t","166","A","Official figure",""
"QCL","Crops and livestock products","442","Luxembourg","5510","Production","01199.90","Cereals n.e.c.","2014","2014","t","151","A","Official figure",""
"QCL","Crops and livestock products","442","Luxembourg","5510","Production","01199.90","Cereals n.e.c.","2015","2015","t","357","A","Official figure",""
"QCL","Crops and livestock products","442","Luxembourg","5510","Production","01199.90","Cereals n.e.c.","2016","2016","t","594","A","Official figure",""
"QCL","Crops and livestock products","442","Luxembourg","5510","Production","01199.90","Cereals n.e.c.","2017","2017","t","590","A","Official figure",""
"QCL","Crops and livestock products","442","Luxembourg","5510","Production","01199.90","Cereals n.e.c.","2018","2018","t","950","A","Official figure",""
"QCL","Crops and livestock products","442","Luxembourg","5510","Production","01199.90","Cereals n.e.c.","2019","2019","t","750","A","Official figure",""
"QCL","Crops and livestock products","442","Luxembourg","5510","Production","01199.90","Cereals n.e.c.","2020","2020","t","300","A","Official figure",""
"QCL","Crops and livestock products","442","Luxembourg","5510","Production","01199.90","Cereals n.e.c.","2021","2021","t","210","A","Official figure",""
"QCL","Crops and livestock products","442","Luxembourg","5510","Production","01199.90","Cereals n.e.c.","2022","2022","t","360","A","Official figure",""
"QCL","Crops and livestock products","442","Luxembourg","5510","Production","01199.90","Cereals n.e.c.","2023","2023","t","490","A","Official figure",""
"QCL","Crops and livestock products","442","Luxembourg","5510","Production","01199.90","Cereals n.e.c.","2024","2024","t","660","A","Official figure",""
"QCL","Crops and livestock products","466","Mali","5510","Production","01199.90","Cereals n.e.c.","1961","1961","t","0","A","Official figure",""
"QCL","Crops and livestock products","466","Mali","5510","Production","01199.90","Cereals n.e.c.","1962","1962","t","0","A","Official figure",""
"QCL","Crops and livestock products","466","Mali","5510","Production","01199.90","Cereals n.e.c.","1963","1963","t","0","A","Official figure",""
"QCL","Crops and livestock products","466","Mali","5510","Production","01199.90","Cereals n.e.c.","1964","1964","t","0","A","Official figure",""
"QCL","Crops and livestock products","466","Mali","5510","Production","01199.90","Cereals n.e.c.","1965","1965","t","0","A","Official figure",""
"QCL","Crops and livestock products","466","Mali","5510","Production","01199.90","Cereals n.e.c.","1966","1966","t","0","A","Official figure",""
"QCL","Crops and livestock products","466","Mali","5510","Production","01199.90","Cereals n.e.c.","1967","1967","t","0","A","Official figure",""
"QCL","Crops and livestock products","466","Mali","5510","Production","01199.90","Cereals n.e.c.","1968","1968","t","0","A","Official figure",""
"QCL","Crops and livestock products","466","Mali","5510","Production","01199.90","Cereals n.e.c.","1969","1969","t","0","A","Official figure",""
"QCL","Crops and livestock products","466","Mali","5510","Production","01199.90","Cereals n.e.c.","1970","1970","t","0","A","Official figure",""
"QCL","Crops and livestock products","466","Mali","5510","Production","01199.90","Cereals n.e.c.","1971","1971","t","0","A","Official figure",""
"QCL","Crops and livestock products","466","Mali","5510","Production","01199.90","Cereals n.e.c.","1972","1972","t","0","A","Official figure",""
"QCL","Crops and livestock products","466","Mali","5510","Production","01199.90","Cereals n.e.c.","1973","1973","t","0","A","Official figure",""
"QCL","Crops and livestock products","466","Mali","5510","Production","01199.90","Cereals n.e.c.","1974","1974","t","0","A","Official figure",""
"QCL","Crops and livestock products","466","Mali","5510","Production","01199.90","Cereals n.e.c.","1975","1975","t","0","A","Official figure",""
"QCL","Crops and livestock products","466","Mali","5510","Production","01199.90","Cereals n.e.c.","1976","1976","t","0","A","Official figure",""
"QCL","Crops and livestock products","466","Mali","5510","Production","01199.90","Cereals n.e.c.","1977","1977","t","0","A","Official figure",""
"QCL","Crops and livestock products","466","Mali","5510","Production","01199.90","Cereals n.e.c.","1978","1978","t","0","A","Official figure",""
"QCL","Crops and livestock products","466","Mali","5510","Production","01199.90","Cereals n.e.c.","1979","1979","t","0","A","Official figure",""
"QCL","Crops and livestock products","466","Mali","5510","Production","01199.90","Cereals n.e.c.","1980","1980","t","0","A","Official figure",""
"QCL","Crops and livestock products","466","Mali","5510","Production","01199.90","Cereals n.e.c.","1981","1981","t","0","A","Official figure",""
"QCL","Crops and livestock products","466","Mali","5510","Production","01199.90","Cereals n.e.c.","1982","1982","t","0","A","Official figure",""
"QCL","Crops and livestock products","466","Mali","5510","Production","01199.90","Cereals n.e.c.","1983","1983","t","100","E","Estimated value",""
"QCL","Crops and livestock products","466","Mali","5510","Production","01199.90","Cereals n.e.c.","1984","1984","t","200","E","Estimated value",""
"QCL","Crops and livestock products","466","Mali","5510","Production","01199.90","Cereals n.e.c.","1985","1985","t","650","E","Estimated value",""
"QCL","Crops and livestock products","466","Mali","5510","Production","01199.90","Cereals n.e.c.","1986","1986","t","600","E","Estimated value",""
"QCL","Crops and livestock products","466","Mali","5510","Production","01199.90","Cereals n.e.c.","1987","1987","t","760","E","Estimated value",""
"QCL","Crops and livestock products","466","Mali","5510","Production","01199.90","Cereals n.e.c.","1988","1988","t","400","E","Estimated value",""
"QCL","Crops and livestock products","466","Mali","5510","Production","01199.90","Cereals n.e.c.","1989","1989","t","300","E","Estimated value",""
"QCL","Crops and livestock products","466","Mali","5510","Production","01199.90","Cereals n.e.c.","1990","1990","t","200","E","Estimated value",""
"QCL","Crops and livestock products","466","Mali","5510","Production","01199.90","Cereals n.e.c.","1991","1991","t","100","E","Estimated value",""
"QCL","Crops and livestock products","466","Mali","5510","Production","01199.90","Cereals n.e.c.","1992","1992","t","109.52","I","Value imputed by a receiving agency",""
"QCL","Crops and livestock products","466","Mali","5510","Production","01199.90","Cereals n.e.c.","1993","1993","t","130","A","Official figure",""
"QCL","Crops and livestock products","466","Mali","5510","Production","01199.90","Cereals n.e.c.","1994","1994","t","100","E","Estimated value",""
"QCL","Crops and livestock products","466","Mali","5510","Production","01199.90","Cereals n.e.c.","1995","1995","t","108.04","I","Value imputed by a receiving agency",""
"QCL","Crops and livestock products","466","Mali","5510","Production","01199.90","Cereals n.e.c.","1996","1996","t","73","A","Official figure",""
"QCL","Crops and livestock products","466","Mali","5510","Production","01199.90","Cereals n.e.c.","1997","1997","t","100","E","Estimated value",""
"QCL","Crops and livestock products","466","Mali","5510","Production","01199.90","Cereals n.e.c.","1998","1998","t","113.77","I","Value imputed by a receiving agency",""
"QCL","Crops and livestock products","466","Mali","5510","Production","01199.90","Cereals n.e.c.","1999","1999","t","116.36","I","Value imputed by a receiving agency",""
"QCL","Crops and livestock products","466","Mali","5510","Production","01199.90","Cereals n.e.c.","2000","2000","t","118.56","I","Value imputed by a receiving agency",""
"QCL","Crops and livestock products","466","Mali","5510","Production","01199.90","Cereals n.e.c.","2001","2001","t","116.84","I","Value imputed by a receiving agency",""
"QCL","Crops and livestock products","466","Mali","5510","Production","01199.90","Cereals n.e.c.","2002","2002","t","116.98","I","Value imputed by a receiving agency",""
"QCL","Crops and livestock products","466","Mali","5510","Production","01199.90","Cereals n.e.c.","2003","2003","t","117.22","I","Value imputed by a receiving agency",""
"QCL","Crops and livestock products","466","Mali","5510","Production","01199.90","Cereals n.e.c.","2004","2004","t","117.68","I","Value imputed by a receiving agency",""
"QCL","Crops and livestock products","466","Mali","5510","Production","01199.90","Cereals n.e.c.","2005","2005","t","116.19","I","Value imputed by a receiving agency",""
"QCL","Crops and livestock products","466","Mali","5510","Production","01199.90","Cereals n.e.c.","2006","2006","t","117.99","I","Value imputed by a receiving agency",""
"QCL","Crops and livestock products","466","Mali","5510","Production","01199.90","Cereals n.e.c.","2007","2007","t","110","E","Estimated value",""
"QCL","Crops and livestock products","466","Mali","5510","Production","01199.90","Cereals n.e.c.","2008","2008","t","124.53","I","Value imputed by a receiving agency",""
"QCL","Crops and livestock products","466","Mali","5510","Production","01199.90","Cereals n.e.c.","2009","2009","t","128.9","I","Value imputed by a receiving agency",""
"QCL","Crops and livestock products","466","Mali","5510","Production","01199.90","Cereals n.e.c.","2010","2010","t","133.19","I","Value imputed by a receiving agency",""
"QCL","Crops and livestock products","466","Mali","5510","Production","01199.90","Cereals n.e.c.","2011","2011","t","137.09","I","Value imputed by a receiving agency",""
"QCL","Crops and livestock products","466","Mali","5510","Production","01199.90","Cereals n.e.c.","2012","2012","t","170","E","Estimated value",""
"QCL","Crops and livestock products","466","Mali","5510","Production","01199.90","Cereals n.e.c.","2013","2013","t","158","E","Estimated value",""
"QCL","Crops and livestock products","466","Mali","5510","Production","01199.90","Cereals n.e.c.","2014","2014","t","152.5","I","Value imputed by a receiving agency",""
"QCL","Crops and livestock products","466","Mali","5510","Production","01199.90","Cereals n.e.c.","2015","2015","t","155.84","I","Value imputed by a receiving agency",""
"QCL","Crops and livestock products","466","Mali","5510","Production","01199.90","Cereals n.e.c.","2016","2016","t","157.99","I","Value imputed by a receiving agency",""
"QCL","Crops and livestock products","466","Mali","5510","Production","01199.90","Cereals n.e.c.","2017","2017","t","157.69","I","Value imputed by a receiving agency",""
"QCL","Crops and livestock products","466","Mali","5510","Production","01199.90","Cereals n.e.c.","2018","2018","t","158.22","I","Value imputed by a receiving agency",""
"QCL","Crops and livestock products","466","Mali","5510","Production","01199.90","Cereals n.e.c.","2019","2019","t","159.87","I","Value imputed by a receiving agency",""
"QCL","Crops and livestock products","466","Mali","5510","Production","01199.90","Cereals n.e.c.","2020","2020","t","162.56","I","Value imputed by a receiving agency",""
"QCL","Crops and livestock products","466","Mali","5510","Production","01199.90","Cereals n.e.c.","2021","2021","t","165.78","I","Value imputed by a receiving agency",""
"QCL","Crops and livestock products","466","Mali","5510","Production","01199.90","Cereals n.e.c.","2022","2022","t","162.73","E","Estimated value",""
"QCL","Crops and livestock products","466","Mali","5510","Production","01199.90","Cereals n.e.c.","2023","2023","t","163.69","E","Estimated value",""
"QCL","Crops and livestock products","466","Mali","5510","Production","01199.90","Cereals n.e.c.","2024","2024","t","164.07","E","Estimated value",""
"QCL","Crops and livestock products","470","Malta","5510","Production","01199.90","Cereals n.e.c.","2018","2018","t","0","A","Official figure",""
"QCL","Crops and livestock products","470","Malta","5510","Production","01199.90","Cereals n.e.c.","2019","2019","t","0","A","Official figure",""
"QCL","Crops and livestock products","470","Malta","5510","Production","01199.90","Cereals n.e.c.","2020","2020","t","0","A","Official figure",""
"QCL","Crops and livestock products","470","Malta","5510","Production","01199.90","Cereals n.e.c.","2021","2021","t","0","A","Official figure",""
"QCL","Crops and livestock products","470","Malta","5510","Production","01199.90","Cereals n.e.c.","2022","2022","t","0","A","Official figure",""
"QCL","Crops and livestock products","470","Malta","5510","Production","01199.90","Cereals n.e.c.","2023","2023","t","0","A","Official figure",""
"QCL","Crops and livestock products","470","Malta","5510","Production","01199.90","Cereals n.e.c.","2024","2024","t","0","A","Official figure",""
"QCL","Crops and livestock products","484","Mexico","5510","Production","01199.90","Cereals n.e.c.","1961","1961","t","","M","Missing value; data cannot exist",""
"QCL","Crops and livestock products","484","Mexico","5510","Production","01199.90","Cereals n.e.c.","1962","1962","t","","M","Missing value; data cannot exist",""
"QCL","Crops and livestock products","484","Mexico","5510","Production","01199.90","Cereals n.e.c.","1963","1963","t","","M","Missing value; data cannot exist",""
"QCL","Crops and livestock products","484","Mexico","5510","Production","01199.90","Cereals n.e.c.","1964","1964","t","","M","Missing value; data cannot exist",""
"QCL","Crops and livestock products","484","Mexico","5510","Production","01199.90","Cereals n.e.c.","1965","1965","t","","M","Missing value; data cannot exist",""
"QCL","Crops and livestock products","484","Mexico","5510","Production","01199.90","Cereals n.e.c.","1966","1966","t","","M","Missing value; data cannot exist",""
"QCL","Crops and livestock products","484","Mexico","5510","Production","01199.90","Cereals n.e.c.","1967","1967","t","","M","Missing value; data cannot exist",""
"QCL","Crops and livestock products","484","Mexico","5510","Production","01199.90","Cereals n.e.c.","1968","1968","t","","M","Missing value; data cannot exist",""
"QCL","Crops and livestock products","484","Mexico","5510","Production","01199.90","Cereals n.e.c.","1969","1969","t","","M","Missing value; data cannot exist",""
"QCL","Crops and livestock products","484","Mexico","5510","Production","01199.90","Cereals n.e.c.","1970","1970","t","","M","Missing value; data cannot exist",""
"QCL","Crops and livestock products","484","Mexico","5510","Production","01199.90","Cereals n.e.c.","1971","1971","t","","M","Missing value; data cannot exist",""
"QCL","Crops and livestock products","484","Mexico","5510","Production","01199.90","Cereals n.e.c.","1972","1972","t","","M","Missing value; data cannot exist",""
"QCL","Crops and livestock products","484","Mexico","5510","Production","01199.90","Cereals n.e.c.","1973","1973","t","","M","Missing value; data cannot exist",""
"QCL","Crops and livestock products","484","Mexico","5510","Production","01199.90","Cereals n.e.c.","1974","1974","t","","M","Missing value; data cannot exist",""
"QCL","Crops and livestock products","484","Mexico","5510","Production","01199.90","Cereals n.e.c.","1975","1975","t","","M","Missing value; data cannot exist",""
"QCL","Crops and livestock products","484","Mexico","5510","Production","01199.90","Cereals n.e.c.","1976","1976","t","","M","Missing value; data cannot exist",""
"QCL","Crops and livestock products","484","Mexico","5510","Production","01199.90","Cereals n.e.c.","1977","1977","t","","M","Missing value; data cannot exist",""
"QCL","Crops and livestock products","484","Mexico","5510","Production","01199.90","Cereals n.e.c.","1978","1978","t","","M","Missing value; data cannot exist",""
"QCL","Crops and livestock products","484","Mexico","5510","Production","01199.90","Cereals n.e.c.","1979","1979","t","","M","Missing value; data cannot exist",""
"QCL","Crops and livestock products","484","Mexico","5510","Production","01199.90","Cereals n.e.c.","1980","1980","t","","M","Missing value; data cannot exist",""
"QCL","Crops and livestock products","484","Mexico","5510","Production","01199.90","Cereals n.e.c.","1981","1981","t","","M","Missing value; data cannot exist",""
"QCL","Crops and livestock products","484","Mexico","5510","Production","01199.90","Cereals n.e.c.","1982","1982","t","222","A","Official figure",""
"QCL","Crops and livestock products","484","Mexico","5510","Production","01199.90","Cereals n.e.c.","1983","1983","t","3","A","Official figure",""
"QCL","Crops and livestock products","484","Mexico","5510","Production","01199.90","Cereals n.e.c.","1984","1984","t","42","A","Official figure",""
"QCL","Crops and livestock products","484","Mexico","5510","Production","01199.90","Cereals n.e.c.","1985","1985","t","470","A","Official figure",""
"QCL","Crops and livestock products","484","Mexico","5510","Production","01199.90","Cereals n.e.c.","1986","1986","t","394","A","Official figure",""
"QCL","Crops and livestock products","484","Mexico","5510","Production","01199.90","Cereals n.e.c.","1987","1987","t","832","A","Official figure",""
"QCL","Crops and livestock products","484","Mexico","5510","Production","01199.90","Cereals n.e.c.","1988","1988","t","802","A","Official figure",""
"QCL","Crops and livestock products","484","Mexico","5510","Production","01199.90","Cereals n.e.c.","1989","1989","t","932","A","Official figure",""
"QCL","Crops and livestock products","484","Mexico","5510","Production","01199.90","Cereals n.e.c.","1990","1990","t","671","A","Official figure",""
"QCL","Crops and livestock products","484","Mexico","5510","Production","01199.90","Cereals n.e.c.","1991","1991","t","739","A","Official figure",""
"QCL","Crops and livestock products","484","Mexico","5510","Production","01199.90","Cereals n.e.c.","1992","1992","t","560","A","Official figure",""
"QCL","Crops and livestock products","484","Mexico","5510","Production","01199.90","Cereals n.e.c.","1993","1993","t","558","A","Official figure",""
"QCL","Crops and livestock products","484","Mexico","5510","Production","01199.90","Cereals n.e.c.","1994","1994","t","926","A","Official figure",""
"QCL","Crops and livestock products","484","Mexico","5510","Production","01199.90","Cereals n.e.c.","1995","1995","t","989","A","Official figure",""
"QCL","Crops and livestock products","484","Mexico","5510","Production","01199.90","Cereals n.e.c.","1996","1996","t","1680","A","Official figure",""
"QCL","Crops and livestock products","484","Mexico","5510","Production","01199.90","Cereals n.e.c.","1997","1997","t","3453","A","Official figure",""
"QCL","Crops and livestock products","484","Mexico","5510","Production","01199.90","Cereals n.e.c.","1998","1998","t","1880","A","Official figure",""
"QCL","Crops and livestock products","484","Mexico","5510","Production","01199.90","Cereals n.e.c.","1999","1999","t","5862","A","Official figure",""
"QCL","Crops and livestock products","484","Mexico","5510","Production","01199.90","Cereals n.e.c.","2000","2000","t","4240","A","Official figure",""
"QCL","Crops and livestock products","484","Mexico","5510","Production","01199.90","Cereals n.e.c.","2001","2001","t","4783","A","Official figure",""
"QCL","Crops and livestock products","484","Mexico","5510","Production","01199.90","Cereals n.e.c.","2002","2002","t","3020","A","Official figure",""
"QCL","Crops and livestock products","484","Mexico","5510","Production","01199.90","Cereals n.e.c.","2003","2003","t","2321","A","Official figure",""
"QCL","Crops and livestock products","484","Mexico","5510","Production","01199.90","Cereals n.e.c.","2004","2004","t","3295","A","Official figure",""
"QCL","Crops and livestock products","484","Mexico","5510","Production","01199.90","Cereals n.e.c.","2005","2005","t","2922","A","Official figure",""
"QCL","Crops and livestock products","484","Mexico","5510","Production","01199.90","Cereals n.e.c.","2006","2006","t","3302","A","Official figure",""
"QCL","Crops and livestock products","484","Mexico","5510","Production","01199.90","Cereals n.e.c.","2007","2007","t","3392","A","Official figure",""
"QCL","Crops and livestock products","484","Mexico","5510","Production","01199.90","Cereals n.e.c.","2008","2008","t","3863","A","Official figure",""
"QCL","Crops and livestock products","484","Mexico","5510","Production","01199.90","Cereals n.e.c.","2009","2009","t","4493","A","Official figure",""
"QCL","Crops and livestock products","484","Mexico","5510","Production","01199.90","Cereals n.e.c.","2010","2010","t","3870","A","Official figure",""
"QCL","Crops and livestock products","484","Mexico","5510","Production","01199.90","Cereals n.e.c.","2011","2011","t","3606","A","Official figure",""
"QCL","Crops and livestock products","484","Mexico","5510","Production","01199.90","Cereals n.e.c.","2012","2012","t","4279","A","Official figure",""
"QCL","Crops and livestock products","484","Mexico","5510","Production","01199.90","Cereals n.e.c.","2013","2013","t","4618","A","Official figure",""
"QCL","Crops and livestock products","484","Mexico","5510","Production","01199.90","Cereals n.e.c.","2014","2014","t","6547","A","Official figure",""
"QCL","Crops and livestock products","484","Mexico","5510","Production","01199.90","Cereals n.e.c.","2015","2015","t","8551","A","Official figure",""
"QCL","Crops and livestock products","484","Mexico","5510","Production","01199.90","Cereals n.e.c.","2016","2016","t","6052.41","A","Official figure",""
"QCL","Crops and livestock products","484","Mexico","5510","Production","01199.90","Cereals n.e.c.","2017","2017","t","5024.99","A","Official figure",""
"QCL","Crops and livestock products","484","Mexico","5510","Production","01199.90","Cereals n.e.c.","2018","2018","t","7115.47","A","Official figure",""
"QCL","Crops and livestock products","484","Mexico","5510","Production","01199.90","Cereals n.e.c.","2019","2019","t","5547.76","A","Official figure",""
"QCL","Crops and livestock products","484","Mexico","5510","Production","01199.90","Cereals n.e.c.","2020","2020","t","5625.41","A","Official figure",""
"QCL","Crops and livestock products","484","Mexico","5510","Production","01199.90","Cereals n.e.c.","2021","2021","t","6177.72","A","Official figure",""
"QCL","Crops and livestock products","484","Mexico","5510","Production","01199.90","Cereals n.e.c.","2022","2022","t","5720.89","A","Official figure",""
"QCL","Crops and livestock products","484","Mexico","5510","Production","01199.90","Cereals n.e.c.","2023","2023","t","5996.22","A","Official figure",""
"QCL","Crops and livestock products","484","Mexico","5510","Production","01199.90","Cereals n.e.c.","2024","2024","t","7264","A","Official figure",""
"QCL","Crops and livestock products","496","Mongolia","5510","Production","01199.90","Cereals n.e.c.","1961","1961","t","3000","E","Estimated value",""
"QCL","Crops and livestock products","496","Mongolia","5510","Production","01199.90","Cereals n.e.c.","1962","1962","t","3000","A","Official figure",""
"QCL","Crops and livestock products","496","Mongolia","5510","Production","01199.90","Cereals n.e.c.","1963","1963","t","3600","A","Official figure",""
"QCL","Crops and livestock products","496","Mongolia","5510","Production","01199.90","Cereals n.e.c.","1964","1964","t","4700","A","Official figure",""
"QCL","Crops and livestock products","496","Mongolia","5510","Production","01199.90","Cereals n.e.c.","1965","1965","t","4200","A","Official figure",""
"QCL","Crops and livestock products","496","Mongolia","5510","Production","01199.90","Cereals n.e.c.","1966","1966","t","1900","A","Official figure",""
"QCL","Crops and livestock products","496","Mongolia","5510","Production","01199.90","Cereals n.e.c.","1967","1967","t","2000","A","Official figure",""
"QCL","Crops and livestock products","496","Mongolia","5510","Production","01199.90","Cereals n.e.c.","1968","1968","t","1000","X","Figure from external organization","Unofficial figure"
"QCL","Crops and livestock products","496","Mongolia","5510","Production","01199.90","Cereals n.e.c.","1969","1969","t","300","X","Figure from external organization","Unofficial figure"
"QCL","Crops and livestock products","496","Mongolia","5510","Production","01199.90","Cereals n.e.c.","1970","1970","t","1700","A","Official figure",""
"QCL","Crops and livestock products","496","Mongolia","5510","Production","01199.90","Cereals n.e.c.","1971","1971","t","500","A","Official figure",""
"QCL","Crops and livestock products","496","Mongolia","5510","Production","01199.90","Cereals n.e.c.","1972","1972","t","1300","A","Official figure",""
"QCL","Crops and livestock products","496","Mongolia","5510","Production","01199.90","Cereals n.e.c.","1973","1973","t","3900","A","Official figure",""
"QCL","Crops and livestock products","496","Mongolia","5510","Production","01199.90","Cereals n.e.c.","1974","1974","t","2300","A","Official figure",""
"QCL","Crops and livestock products","496","Mongolia","5510","Production","01199.90","Cereals n.e.c.","1975","1975","t","3200","A","Official figure",""
"QCL","Crops and livestock products","496","Mongolia","5510","Production","01199.90","Cereals n.e.c.","1976","1976","t","1000","A","Official figure",""
"QCL","Crops and livestock products","496","Mongolia","5510","Production","01199.90","Cereals n.e.c.","1977","1977","t","600","A","Official figure",""
"QCL","Crops and livestock products","496","Mongolia","5510","Production","01199.90","Cereals n.e.c.","1978","1978","t","800","A","Official figure",""
"QCL","Crops and livestock products","496","Mongolia","5510","Production","01199.90","Cereals n.e.c.","1979","1979","t","700","A","Official figure",""
"QCL","Crops and livestock products","496","Mongolia","5510","Production","01199.90","Cereals n.e.c.","1980","1980","t","2400","A","Official figure",""
"QCL","Crops and livestock products","496","Mongolia","5510","Production","01199.90","Cereals n.e.c.","1981","1981","t","1400","A","Official figure",""
"QCL","Crops and livestock products","496","Mongolia","5510","Production","01199.90","Cereals n.e.c.","1982","1982","t","8900","A","Official figure",""
"QCL","Crops and livestock products","496","Mongolia","5510","Production","01199.90","Cereals n.e.c.","1983","1983","t","19200","A","Official figure",""
"QCL","Crops and livestock products","496","Mongolia","5510","Production","01199.90","Cereals n.e.c.","1984","1984","t","10600","A","Official figure",""
"QCL","Crops and livestock products","496","Mongolia","5510","Production","01199.90","Cereals n.e.c.","1985","1985","t","10500","A","Official figure",""
"QCL","Crops and livestock products","496","Mongolia","5510","Production","01199.90","Cereals n.e.c.","1986","1986","t","10400","A","Official figure",""
"QCL","Crops and livestock products","496","Mongolia","5510","Production","01199.90","Cereals n.e.c.","1987","1987","t","6100","A","Official figure",""
"QCL","Crops and livestock products","496","Mongolia","5510","Production","01199.90","Cereals n.e.c.","1988","1988","t","4500","A","Official figure",""
"QCL","Crops and livestock products","496","Mongolia","5510","Production","01199.90","Cereals n.e.c.","1989","1989","t","5600","A","Official figure",""
"QCL","Crops and livestock products","496","Mongolia","5510","Production","01199.90","Cereals n.e.c.","1990","1990","t","3038","A","Official figure",""
"QCL","Crops and livestock products","496","Mongolia","5510","Production","01199.90","Cereals n.e.c.","1991","1991","t","1600","A","Official figure",""
"QCL","Crops and livestock products","496","Mongolia","5510","Production","01199.90","Cereals n.e.c.","1992","1992","t","1300","A","Official figure",""
"QCL","Crops and livestock products","496","Mongolia","5510","Production","01199.90","Cereals n.e.c.","1993","1993","t","1155.24","I","Value imputed by a receiving agency",""
"QCL","Crops and livestock products","496","Mongolia","5510","Production","01199.90","Cereals n.e.c.","1994","1994","t","1221.16","I","Value imputed by a receiving agency",""
"QCL","Crops and livestock products","496","Mongolia","5510","Production","01199.90","Cereals n.e.c.","1995","1995","t","1312.91","I","Value imputed by a receiving agency",""
"QCL","Crops and livestock products","496","Mongolia","5510","Production","01199.90","Cereals n.e.c.","1996","1996","t","1300.73","I","Value imputed by a receiving agency",""
"QCL","Crops and livestock products","496","Mongolia","5510","Production","01199.90","Cereals n.e.c.","1997","1997","t","1290.58","I","Value imputed by a receiving agency",""
"QCL","Crops and livestock products","496","Mongolia","5510","Production","01199.90","Cereals n.e.c.","1998","1998","t","1000","E","Estimated value",""
"QCL","Crops and livestock products","496","Mongolia","5510","Production","01199.90","Cereals n.e.c.","1999","1999","t","1206.49","I","Value imputed by a receiving agency",""
"QCL","Crops and livestock products","496","Mongolia","5510","Production","01199.90","Cereals n.e.c.","2000","2000","t","1209","I","Value imputed by a receiving agency",""
"QCL","Crops and livestock products","496","Mongolia","5510","Production","01199.90","Cereals n.e.c.","2001","2001","t","1212.52","I","Value imputed by a receiving agency",""
"QCL","Crops and livestock products","496","Mongolia","5510","Production","01199.90","Cereals n.e.c.","2002","2002","t","1214.19","I","Value imputed by a receiving agency",""
"QCL","Crops and livestock products","496","Mongolia","5510","Production","01199.90","Cereals n.e.c.","2003","2003","t","1432.53","I","Value imputed by a receiving agency",""
"QCL","Crops and livestock products","496","Mongolia","5510","Production","01199.90","Cereals n.e.c.","2004","2004","t","1276.06","I","Value imputed by a receiving agency",""
"QCL","Crops and livestock products","496","Mongolia","5510","Production","01199.90","Cereals n.e.c.","2005","2005","t","1218.65","I","Value imputed by a receiving agency",""
"QCL","Crops and livestock products","496","Mongolia","5510","Production","01199.90","Cereals n.e.c.","2006","2006","t","688","A","Official figure",""
"QCL","Crops and livestock products","496","Mongolia","5510","Production","01199.90","Cereals n.e.c.","2007","2007","t","289","A","Official figure",""
"QCL","Crops and livestock products","496","Mongolia","5510","Production","01199.90","Cereals n.e.c.","2008","2008","t","492","A","Official figure",""
"QCL","Crops and livestock products","496","Mongolia","5510","Production","01199.90","Cereals n.e.c.","2009","2009","t","181","A","Official figure",""
"QCL","Crops and livestock products","496","Mongolia","5510","Production","01199.90","Cereals n.e.c.","2010","2010","t","935","A","Official figure",""
"QCL","Crops and livestock products","496","Mongolia","5510","Production","01199.90","Cereals n.e.c.","2011","2011","t","1459","A","Official figure",""
"QCL","Crops and livestock products","496","Mongolia","5510","Production","01199.90","Cereals n.e.c.","2012","2012","t","2196","A","Official figure",""
"QCL","Crops and livestock products","496","Mongolia","5510","Production","01199.90","Cereals n.e.c.","2013","2013","t","4147","A","Official figure",""
"QCL","Crops and livestock products","496","Mongolia","5510","Production","01199.90","Cereals n.e.c.","2014","2014","t","3354","A","Official figure",""
"QCL","Crops and livestock products","496","Mongolia","5510","Production","01199.90","Cereals n.e.c.","2015","2015","t","6759","A","Official figure",""
"QCL","Crops and livestock products","496","Mongolia","5510","Production","01199.90","Cereals n.e.c.","2016","2016","t","2031.3","A","Official figure",""
"QCL","Crops and livestock products","496","Mongolia","5510","Production","01199.90","Cereals n.e.c.","2017","2017","t","1549.22","A","Official figure",""
"QCL","Crops and livestock products","496","Mongolia","5510","Production","01199.90","Cereals n.e.c.","2018","2018","t","5407.89","A","Official figure",""
"QCL","Crops and livestock products","496","Mongolia","5510","Production","01199.90","Cereals n.e.c.","2019","2019","t","6116.21","A","Official figure",""
"QCL","Crops and livestock products","496","Mongolia","5510","Production","01199.90","Cereals n.e.c.","2020","2020","t","4357.68","A","Official figure",""
"QCL","Crops and livestock products","496","Mongolia","5510","Production","01199.90","Cereals n.e.c.","2021","2021","t","3386.9","A","Official figure",""
"QCL","Crops and livestock products","496","Mongolia","5510","Production","01199.90","Cereals n.e.c.","2022","2022","t","2285.3","A","Official figure",""
"QCL","Crops and livestock products","496","Mongolia","5510","Production","01199.90","Cereals n.e.c.","2023","2023","t","1602.42","A","Official figure",""
"QCL","Crops and livestock products","496","Mongolia","5510","Production","01199.90","Cereals n.e.c.","2024","2024","t","1182.52","A","Official figure",""
"QCL","Crops and livestock products","504","Morocco","5510","Production","01199.90","Cereals n.e.c.","1961","1961","t","30500","E","Estimated value",""
"QCL","Crops and livestock products","504","Morocco","5510","Production","01199.90","Cereals n.e.c.","1962","1962","t","36000","E","Estimated value",""
"QCL","Crops and livestock products","504","Morocco","5510","Production","01199.90","Cereals n.e.c.","1963","1963","t","32000","A","Official figure",""
"QCL","Crops and livestock products","504","Morocco","5510","Production","01199.90","Cereals n.e.c.","1964","1964","t","30000","A","Official figure",""
"QCL","Crops and livestock products","504","Morocco","5510","Production","01199.90","Cereals n.e.c.","1965","1965","t","33000","A","Official figure",""
"QCL","Crops and livestock products","504","Morocco","5510","Production","01199.90","Cereals n.e.c.","1966","1966","t","26000","X","Figure from external organization","Unofficial figure"
"QCL","Crops and livestock products","504","Morocco","5510","Production","01199.90","Cereals n.e.c.","1967","1967","t","32000","X","Figure from external organization","Unofficial figure"
"QCL","Crops and livestock products","504","Morocco","5510","Production","01199.90","Cereals n.e.c.","1968","1968","t","43000","X","Figure from external organization","Unofficial figure"
"QCL","Crops and livestock products","504","Morocco","5510","Production","01199.90","Cereals n.e.c.","1969","1969","t","33000","X","Figure from external organization","Unofficial figure"
"QCL","Crops and livestock products","504","Morocco","5510","Production","01199.90","Cereals n.e.c.","1970","1970","t","48300","A","Official figure",""
"QCL","Crops and livestock products","504","Morocco","5510","Production","01199.90","Cereals n.e.c.","1971","1971","t","30100","A","Official figure",""
"QCL","Crops and livestock products","504","Morocco","5510","Production","01199.90","Cereals n.e.c.","1972","1972","t","48630","A","Official figure",""
"QCL","Crops and livestock products","504","Morocco","5510","Production","01199.90","Cereals n.e.c.","1973","1973","t","81310","A","Official figure",""
"QCL","Crops and livestock products","504","Morocco","5510","Production","01199.90","Cereals n.e.c.","1974","1974","t","36760","A","Official figure",""
"QCL","Crops and livestock products","504","Morocco","5510","Production","01199.90","Cereals n.e.c.","1975","1975","t","40160","A","Official figure",""
"QCL","Crops and livestock products","504","Morocco","5510","Production","01199.90","Cereals n.e.c.","1976","1976","t","54400","A","Official figure",""
"QCL","Crops and livestock products","504","Morocco","5510","Production","01199.90","Cereals n.e.c.","1977","1977","t","19040","A","Official figure",""
"QCL","Crops and livestock products","504","Morocco","5510","Production","01199.90","Cereals n.e.c.","1978","1978","t","55000","E","Estimated value",""
"QCL","Crops and livestock products","504","Morocco","5510","Production","01199.90","Cereals n.e.c.","1979","1979","t","41000","A","Official figure",""
"QCL","Crops and livestock products","504","Morocco","5510","Production","01199.90","Cereals n.e.c.","1980","1980","t","59000","A","Official figure",""
"QCL","Crops and livestock products","504","Morocco","5510","Production","01199.90","Cereals n.e.c.","1981","1981","t","41000","A","Official figure",""
"QCL","Crops and livestock products","504","Morocco","5510","Production","01199.90","Cereals n.e.c.","1982","1982","t","32000","A","Official figure",""
"QCL","Crops and livestock products","504","Morocco","5510","Production","01199.90","Cereals n.e.c.","1983","1983","t","38000","A","Official figure",""
"QCL","Crops and livestock products","504","Morocco","5510","Production","01199.90","Cereals n.e.c.","1984","1984","t","18500","A","Official figure",""
"QCL","Crops and livestock products","504","Morocco","5510","Production","01199.90","Cereals n.e.c.","1985","1985","t","21200","A","Official figure",""
"QCL","Crops and livestock products","504","Morocco","5510","Production","01199.90","Cereals n.e.c.","1986","1986","t","20000","E","Estimated value",""
"QCL","Crops and livestock products","504","Morocco","5510","Production","01199.90","Cereals n.e.c.","1987","1987","t","18000","E","Estimated value",""
"QCL","Crops and livestock products","504","Morocco","5510","Production","01199.90","Cereals n.e.c.","1988","1988","t","16000","E","Estimated value",""
"QCL","Crops and livestock products","504","Morocco","5510","Production","01199.90","Cereals n.e.c.","1989","1989","t","14000","E","Estimated value",""
"QCL","Crops and livestock products","504","Morocco","5510","Production","01199.90","Cereals n.e.c.","1990","1990","t","12350","A","Official figure",""
"QCL","Crops and livestock products","504","Morocco","5510","Production","01199.90","Cereals n.e.c.","1991","1991","t","14355","A","Official figure",""
"QCL","Crops and livestock products","504","Morocco","5510","Production","01199.90","Cereals n.e.c.","1992","1992","t","14750","A","Official figure",""
"QCL","Crops and livestock products","504","Morocco","5510","Production","01199.90","Cereals n.e.c.","1993","1993","t","11470","A","Official figure",""
"QCL","Crops and livestock products","504","Morocco","5510","Production","01199.90","Cereals n.e.c.","1994","1994","t","14090","A","Official figure",""
"QCL","Crops and livestock products","504","Morocco","5510","Production","01199.90","Cereals n.e.c.","1995","1995","t","7800","A","Official figure",""
"QCL","Crops and livestock products","504","Morocco","5510","Production","01199.90","Cereals n.e.c.","1996","1996","t","3710","A","Official figure",""
"QCL","Crops and livestock products","504","Morocco","5510","Production","01199.90","Cereals n.e.c.","1997","1997","t","3600","A","Official figure",""
"QCL","Crops and livestock products","504","Morocco","5510","Production","01199.90","Cereals n.e.c.","1998","1998","t","3670","A","Official figure",""
"QCL","Crops and livestock products","504","Morocco","5510","Production","01199.90","Cereals n.e.c.","1999","1999","t","2920","A","Official figure",""
"QCL","Crops and livestock products","504","Morocco","5510","Production","01199.90","Cereals n.e.c.","2000","2000","t","1200","A","Official figure",""
"QCL","Crops and livestock products","504","Morocco","5510","Production","01199.90","Cereals n.e.c.","2001","2001","t","3770","A","Official figure",""
"QCL","Crops and livestock products","504","Morocco","5510","Production","01199.90","Cereals n.e.c.","2002","2002","t","2440","A","Official figure",""
"QCL","Crops and livestock products","504","Morocco","5510","Production","01199.90","Cereals n.e.c.","2003","2003","t","4790","A","Official figure",""
"QCL","Crops and livestock products","504","Morocco","5510","Production","01199.90","Cereals n.e.c.","2004","2004","t","3500","A","Official figure",""
"QCL","Crops and livestock products","504","Morocco","5510","Production","01199.90","Cereals n.e.c.","2005","2005","t","4400","A","Official figure",""
"QCL","Crops and livestock products","504","Morocco","5510","Production","01199.90","Cereals n.e.c.","2006","2006","t","4620","A","Official figure",""
"QCL","Crops and livestock products","504","Morocco","5510","Production","01199.90","Cereals n.e.c.","2007","2007","t","4550","A","Official figure",""
"QCL","Crops and livestock products","504","Morocco","5510","Production","01199.90","Cereals n.e.c.","2008","2008","t","5280","A","Official figure",""
"QCL","Crops and livestock products","504","Morocco","5510","Production","01199.90","Cereals n.e.c.","2009","2009","t","4230","A","Official figure",""
"QCL","Crops and livestock products","504","Morocco","5510","Production","01199.90","Cereals n.e.c.","2010","2010","t","10480","A","Official figure",""
"QCL","Crops and livestock products","504","Morocco","5510","Production","01199.90","Cereals n.e.c.","2011","2011","t","2740","A","Official figure",""
"QCL","Crops and livestock products","504","Morocco","5510","Production","01199.90","Cereals n.e.c.","2012","2012","t","2230","X","Figure from external organization","Unofficial figure"
"QCL","Crops and livestock products","504","Morocco","5510","Production","01199.90","Cereals n.e.c.","2013","2013","t","2626.73","I","Value imputed by a receiving agency",""
"QCL","Crops and livestock products","504","Morocco","5510","Production","01199.90","Cereals n.e.c.","2014","2014","t","2897.93","I","Value imputed by a receiving agency",""
"QCL","Crops and livestock products","504","Morocco","5510","Production","01199.90","Cereals n.e.c.","2015","2015","t","3126.79","I","Value imputed by a receiving agency",""
"QCL","Crops and livestock products","504","Morocco","5510","Production","01199.90","Cereals n.e.c.","2016","2016","t","2883.82","E","Estimated value",""
"QCL","Crops and livestock products","504","Morocco","5510","Production","01199.90","Cereals n.e.c.","2017","2017","t","3596.36","I","Value imputed by a receiving agency",""
"QCL","Crops and livestock products","504","Morocco","5510","Production","01199.90","Cereals n.e.c.","2018","2018","t","4047.98","I","Value imputed by a receiving agency",""
"QCL","Crops and livestock products","504","Morocco","5510","Production","01199.90","Cereals n.e.c.","2019","2019","t","5150","E","Estimated value",""
"QCL","Crops and livestock products","504","Morocco","5510","Production","01199.90","Cereals n.e.c.","2020","2020","t","5850","E","Estimated value",""
"QCL","Crops and livestock products","504","Morocco","5510","Production","01199.90","Cereals n.e.c.","2021","2021","t","5900","E","Estimated value",""
"QCL","Crops and livestock products","504","Morocco","5510","Production","01199.90","Cereals n.e.c.","2022","2022","t","6000","E","Estimated value",""
"QCL","Crops and livestock products","504","Morocco","5510","Production","01199.90","Cereals n.e.c.","2023","2023","t","5300","E","Estimated value",""
"QCL","Crops and livestock products","504","Morocco","5510","Production","01199.90","Cereals n.e.c.","2024","2024","t","4601.24","I","Value imputed by a receiving agency",""
"QCL","Crops and livestock products","104","Myanmar","5510","Production","01199.90","Cereals n.e.c.","1961","1961","t","6100","X","Figure from external organization","Unofficial figure"
"QCL","Crops and livestock products","104","Myanmar","5510","Production","01199.90","Cereals n.e.c.","1962","1962","t","6100","A","Official figure",""
"QCL","Crops and livestock products","104","Myanmar","5510","Production","01199.90","Cereals n.e.c.","1963","1963","t","8100","X","Figure from external organization","Unofficial figure"
"QCL","Crops and livestock products","104","Myanmar","5510","Production","01199.90","Cereals n.e.c.","1964","1964","t","8700","X","Figure from external organization","Unofficial figure"
"QCL","Crops and livestock products","104","Myanmar","5510","Production","01199.90","Cereals n.e.c.","1965","1965","t","7100","A","Official figure",""
"QCL","Crops and livestock products","104","Myanmar","5510","Production","01199.90","Cereals n.e.c.","1966","1966","t","9100","A","Official figure",""
"QCL","Crops and livestock products","104","Myanmar","5510","Production","01199.90","Cereals n.e.c.","1967","1967","t","10200","A","Official figure",""
"QCL","Crops and livestock products","104","Myanmar","5510","Production","01199.90","Cereals n.e.c.","1968","1968","t","11648","A","Official figure",""
"QCL","Crops and livestock products","104","Myanmar","5510","Production","01199.90","Cereals n.e.c.","1969","1969","t","16726","A","Official figure",""
"QCL","Crops and livestock products","104","Myanmar","5510","Production","01199.90","Cereals n.e.c.","1970","1970","t","13453","A","Official figure",""
"QCL","Crops and livestock products","104","Myanmar","5510","Production","01199.90","Cereals n.e.c.","1971","1971","t","9235","A","Official figure",""
"QCL","Crops and livestock products","104","Myanmar","5510","Production","01199.90","Cereals n.e.c.","1972","1972","t","8736","A","Official figure",""
"QCL","Crops and livestock products","104","Myanmar","5510","Production","01199.90","Cereals n.e.c.","1973","1973","t","10979","A","Official figure",""
"QCL","Crops and livestock products","104","Myanmar","5510","Production","01199.90","Cereals n.e.c.","1974","1974","t","17644","A","Official figure",""
"QCL","Crops and livestock products","104","Myanmar","5510","Production","01199.90","Cereals n.e.c.","1975","1975","t","19716","A","Official figure",""
"QCL","Crops and livestock products","104","Myanmar","5510","Production","01199.90","Cereals n.e.c.","1976","1976","t","16538","A","Official figure",""
"QCL","Crops and livestock products","104","Myanmar","5510","Production","01199.90","Cereals n.e.c.","1977","1977","t","20300","A","Official figure",""
"QCL","Crops and livestock products","104","Myanmar","5510","Production","01199.90","Cereals n.e.c.","1978","1978","t","14200","A","Official figure",""
"QCL","Crops and livestock products","104","Myanmar","5510","Production","01199.90","Cereals n.e.c.","1979","1979","t","14200","A","Official figure",""
"QCL","Crops and livestock products","104","Myanmar","5510","Production","01199.90","Cereals n.e.c.","1980","1980","t","26400","A","Official figure",""
"QCL","Crops and livestock products","104","Myanmar","5510","Production","01199.90","Cereals n.e.c.","1981","1981","t","16770","A","Official figure",""
"QCL","Crops and livestock products","104","Myanmar","5510","Production","01199.90","Cereals n.e.c.","1982","1982","t","15179","A","Official figure",""
"QCL","Crops and livestock products","104","Myanmar","5510","Production","01199.90","Cereals n.e.c.","1983","1983","t","15000","A","Official figure",""
"QCL","Crops and livestock products","104","Myanmar","5510","Production","01199.90","Cereals n.e.c.","1984","1984","t","23000","E","Estimated value",""
"QCL","Crops and livestock products","104","Myanmar","5510","Production","01199.90","Cereals n.e.c.","1985","1985","t","28653","A","Official figure",""
"QCL","Crops and livestock products","104","Myanmar","5510","Production","01199.90","Cereals n.e.c.","1986","1986","t","28532","A","Official figure",""
"QCL","Crops and livestock products","104","Myanmar","5510","Production","01199.90","Cereals n.e.c.","1987","1987","t","28033","A","Official figure",""
"QCL","Crops and livestock products","104","Myanmar","5510","Production","01199.90","Cereals n.e.c.","1988","1988","t","17128","A","Official figure",""
"QCL","Crops and livestock products","104","Myanmar","5510","Production","01199.90","Cereals n.e.c.","1989","1989","t","12720","A","Official figure",""
"QCL","Crops and livestock products","104","Myanmar","5510","Production","01199.90","Cereals n.e.c.","1990","1990","t","14337","A","Official figure",""
"QCL","Crops and livestock products","104","Myanmar","5510","Production","01199.90","Cereals n.e.c.","1991","1991","t","12934","A","Official figure",""
"QCL","Crops and livestock products","104","Myanmar","5510","Production","01199.90","Cereals n.e.c.","1992","1992","t","13051","A","Official figure",""
"QCL","Crops and livestock products","104","Myanmar","5510","Production","01199.90","Cereals n.e.c.","1993","1993","t","12477","A","Official figure",""
"QCL","Crops and livestock products","104","Myanmar","5510","Production","01199.90","Cereals n.e.c.","1994","1994","t","12138","A","Official figure",""
"QCL","Crops and livestock products","104","Myanmar","5510","Production","01199.90","Cereals n.e.c.","1995","1995","t","12000","A","Official figure",""
"QCL","Crops and livestock products","104","Myanmar","5510","Production","01199.90","Cereals n.e.c.","1996","1996","t","12000","E","Estimated value",""
"QCL","Crops and livestock products","104","Myanmar","5510","Production","01199.90","Cereals n.e.c.","1997","1997","t","13000","E","Estimated value",""
"QCL","Crops and livestock products","104","Myanmar","5510","Production","01199.90","Cereals n.e.c.","1998","1998","t","14000","E","Estimated value",""
"QCL","Crops and livestock products","104","Myanmar","5510","Production","01199.90","Cereals n.e.c.","1999","1999","t","15000","E","Estimated value",""
"QCL","Crops and livestock products","104","Myanmar","5510","Production","01199.90","Cereals n.e.c.","2000","2000","t","15000","E","Estimated value",""
"QCL","Crops and livestock products","104","Myanmar","5510","Production","01199.90","Cereals n.e.c.","2001","2001","t","14000","E","Estimated value",""
"QCL","Crops and livestock products","104","Myanmar","5510","Production","01199.90","Cereals n.e.c.","2002","2002","t","14000","A","Official figure",""
"QCL","Crops and livestock products","104","Myanmar","5510","Production","01199.90","Cereals n.e.c.","2003","2003","t","14000","A","Official figure",""
"QCL","Crops and livestock products","104","Myanmar","5510","Production","01199.90","Cereals n.e.c.","2004","2004","t","12000","X","Figure from external organization","Unofficial figure"
"QCL","Crops and livestock products","104","Myanmar","5510","Production","01199.90","Cereals n.e.c.","2005","2005","t","12000","X","Figure from external organization","Unofficial figure"
"QCL","Crops and livestock products","104","Myanmar","5510","Production","01199.90","Cereals n.e.c.","2006","2006","t","13000","X","Figure from external organization","Unofficial figure"
"QCL","Crops and livestock products","104","Myanmar","5510","Production","01199.90","Cereals n.e.c.","2007","2007","t","12000","X","Figure from external organization","Unofficial figure"
"QCL","Crops and livestock products","104","Myanmar","5510","Production","01199.90","Cereals n.e.c.","2008","2008","t","12800","E","Estimated value",""
"QCL","Crops and livestock products","104","Myanmar","5510","Production","01199.90","Cereals n.e.c.","2009","2009","t","13279","A","Official figure",""
"QCL","Crops and livestock products","104","Myanmar","5510","Production","01199.90","Cereals n.e.c.","2010","2010","t","13660","A","Official figure",""
"QCL","Crops and livestock products","104","Myanmar","5510","Production","01199.90","Cereals n.e.c.","2011","2011","t","11212","A","Official figure",""
"QCL","Crops and livestock products","104","Myanmar","5510","Production","01199.90","Cereals n.e.c.","2012","2012","t","11095.28","I","Value imputed by a receiving agency",""
"QCL","Crops and livestock products","104","Myanmar","5510","Production","01199.90","Cereals n.e.c.","2013","2013","t","12625.12","I","Value imputed by a receiving agency",""
"QCL","Crops and livestock products","104","Myanmar","5510","Production","01199.90","Cereals n.e.c.","2014","2014","t","13562.97","I","Value imputed by a receiving agency",""
"QCL","Crops and livestock products","104","Myanmar","5510","Production","01199.90","Cereals n.e.c.","2015","2015","t","12210.72","I","Value imputed by a receiving agency",""
"QCL","Crops and livestock products","104","Myanmar","5510","Production","01199.90","Cereals n.e.c.","2016","2016","t","12799.6","E","Estimated value",""
"QCL","Crops and livestock products","104","Myanmar","5510","Production","01199.90","Cereals n.e.c.","2017","2017","t","12939.5","I","Value imputed by a receiving agency",""
"QCL","Crops and livestock products","104","Myanmar","5510","Production","01199.90","Cereals n.e.c.","2018","2018","t","12902.14","I","Value imputed by a receiving agency",""
"QCL","Crops and livestock products","104","Myanmar","5510","Production","01199.90","Cereals n.e.c.","2019","2019","t","12868.31","I","Value imputed by a receiving agency",""
"QCL","Crops and livestock products","104","Myanmar","5510","Production","01199.90","Cereals n.e.c.","2020","2020","t","12800.33","I","Value imputed by a receiving agency",""
"QCL","Crops and livestock products","104","Myanmar","5510","Production","01199.90","Cereals n.e.c.","2021","2021","t","12784.77","I","Value imputed by a receiving agency",""
"QCL","Crops and livestock products","104","Myanmar","5510","Production","01199.90","Cereals n.e.c.","2022","2022","t","12827.9","I","Value imputed by a receiving agency",""
"QCL","Crops and livestock products","104","Myanmar","5510","Production","01199.90","Cereals n.e.c.","2023","2023","t","12823.22","I","Value imputed by a receiving agency",""
"QCL","Crops and livestock products","104","Myanmar","5510","Production","01199.90","Cereals n.e.c.","2024","2024","t","12818.54","I","Value imputed by a receiving agency",""
"QCL","Crops and livestock products","554","New Zealand","5510","Production","01199.90","Cereals n.e.c.","1961","1961","t","5000","E","Estimated value",""
"QCL","Crops and livestock products","554","New Zealand","5510","Production","01199.90","Cereals n.e.c.","1962","1962","t","5000","E","Estimated value",""
"QCL","Crops and livestock products","554","New Zealand","5510","Production","01199.90","Cereals n.e.c.","1963","1963","t","5000","E","Estimated value",""
"QCL","Crops and livestock products","554","New Zealand","5510","Production","01199.90","Cereals n.e.c.","1964","1964","t","5000","E","Estimated value",""
"QCL","Crops and livestock products","554","New Zealand","5510","Production","01199.90","Cereals n.e.c.","1965","1965","t","5000","E","Estimated value",""
"QCL","Crops and livestock products","554","New Zealand","5510","Production","01199.90","Cereals n.e.c.","1966","1966","t","10000","E","Estimated value",""
"QCL","Crops and livestock products","554","New Zealand","5510","Production","01199.90","Cereals n.e.c.","1967","1967","t","10000","E","Estimated value",""
"QCL","Crops and livestock products","554","New Zealand","5510","Production","01199.90","Cereals n.e.c.","1968","1968","t","10000","E","Estimated value",""
"QCL","Crops and livestock products","554","New Zealand","5510","Production","01199.90","Cereals n.e.c.","1969","1969","t","10000","E","Estimated value",""
"QCL","Crops and livestock products","554","New Zealand","5510","Production","01199.90","Cereals n.e.c.","1970","1970","t","4000","E","Estimated value",""
"QCL","Crops and livestock products","554","New Zealand","5510","Production","01199.90","Cereals n.e.c.","1971","1971","t","4000","E","Estimated value",""
"QCL","Crops and livestock products","554","New Zealand","5510","Production","01199.90","Cereals n.e.c.","1972","1972","t","4000","E","Estimated value",""
"QCL","Crops and livestock products","554","New Zealand","5510","Production","01199.90","Cereals n.e.c.","1973","1973","t","10000","E","Estimated value",""
"QCL","Crops and livestock products","554","New Zealand","5510","Production","01199.90","Cereals n.e.c.","1974","1974","t","15000","E","Estimated value",""
"QCL","Crops and livestock products","554","New Zealand","5510","Production","01199.90","Cereals n.e.c.","1975","1975","t","25000","E","Estimated value",""
"QCL","Crops and livestock products","554","New Zealand","5510","Production","01199.90","Cereals n.e.c.","1976","1976","t","20000","E","Estimated value",""
"QCL","Crops and livestock products","554","New Zealand","5510","Production","01199.90","Cereals n.e.c.","1977","1977","t","15000","E","Estimated value",""
"QCL","Crops and livestock products","554","New Zealand","5510","Production","01199.90","Cereals n.e.c.","1978","1978","t","15000","E","Estimated value",""
"QCL","Crops and livestock products","554","New Zealand","5510","Production","01199.90","Cereals n.e.c.","1979","1979","t","15000","E","Estimated value",""
"QCL","Crops and livestock products","554","New Zealand","5510","Production","01199.90","Cereals n.e.c.","1980","1980","t","3213","A","Official figure",""
"QCL","Crops and livestock products","554","New Zealand","5510","Production","01199.90","Cereals n.e.c.","1981","1981","t","5452","A","Official figure",""
"QCL","Crops and livestock products","554","New Zealand","5510","Production","01199.90","Cereals n.e.c.","1982","1982","t","3021","A","Official figure",""
"QCL","Crops and livestock products","554","New Zealand","5510","Production","01199.90","Cereals n.e.c.","1983","1983","t","2510","A","Official figure",""
"QCL","Crops and livestock products","554","New Zealand","5510","Production","01199.90","Cereals n.e.c.","1984","1984","t","3655","A","Official figure",""
"QCL","Crops and livestock products","554","New Zealand","5510","Production","01199.90","Cereals n.e.c.","1985","1985","t","3960","A","Official figure",""
"QCL","Crops and livestock products","554","New Zealand","5510","Production","01199.90","Cereals n.e.c.","1986","1986","t","4436","A","Official figure",""
"QCL","Crops and livestock products","554","New Zealand","5510","Production","01199.90","Cereals n.e.c.","1987","1987","t","8168","A","Official figure",""
"QCL","Crops and livestock products","554","New Zealand","5510","Production","01199.90","Cereals n.e.c.","1988","1988","t","6320","A","Official figure",""
"QCL","Crops and livestock products","554","New Zealand","5510","Production","01199.90","Cereals n.e.c.","1989","1989","t","5000","A","Official figure",""
"QCL","Crops and livestock products","554","New Zealand","5510","Production","01199.90","Cereals n.e.c.","1990","1990","t","6478","E","Estimated value",""
"QCL","Crops and livestock products","554","New Zealand","5510","Production","01199.90","Cereals n.e.c.","1991","1991","t","5714.16","I","Value imputed by a receiving agency",""
"QCL","Crops and livestock products","554","New Zealand","5510","Production","01199.90","Cereals n.e.c.","1992","1992","t","4900","A","Official figure",""
"QCL","Crops and livestock products","554","New Zealand","5510","Production","01199.90","Cereals n.e.c.","1993","1993","t","4300","A","Official figure",""
"QCL","Crops and livestock products","554","New Zealand","5510","Production","01199.90","Cereals n.e.c.","1994","1994","t","5200","A","Official figure",""
"QCL","Crops and livestock products","554","New Zealand","5510","Production","01199.90","Cereals n.e.c.","1995","1995","t","4900","A","Official figure",""
"QCL","Crops and livestock products","554","New Zealand","5510","Production","01199.90","Cereals n.e.c.","1996","1996","t","8900","A","Official figure",""
"QCL","Crops and livestock products","554","New Zealand","5510","Production","01199.90","Cereals n.e.c.","1997","1997","t","9000","E","Estimated value",""
"QCL","Crops and livestock products","554","New Zealand","5510","Production","01199.90","Cereals n.e.c.","1998","1998","t","8999.98","I","Value imputed by a receiving agency",""
"QCL","Crops and livestock products","554","New Zealand","5510","Production","01199.90","Cereals n.e.c.","1999","1999","t","10000","E","Estimated value",""
"QCL","Crops and livestock products","554","New Zealand","5510","Production","01199.90","Cereals n.e.c.","2000","2000","t","11110.63","I","Value imputed by a receiving agency",""
"QCL","Crops and livestock products","554","New Zealand","5510","Production","01199.90","Cereals n.e.c.","2001","2001","t","12198.84","I","Value imputed by a receiving agency",""
"QCL","Crops and livestock products","554","New Zealand","5510","Production","01199.90","Cereals n.e.c.","2002","2002","t","13162","A","Official figure",""
"QCL","Crops and livestock products","554","New Zealand","5510","Production","01199.90","Cereals n.e.c.","2003","2003","t","12100","A","Official figure",""
"QCL","Crops and livestock products","554","New Zealand","5510","Production","01199.90","Cereals n.e.c.","2004","2004","t","16006","A","Official figure",""
"QCL","Crops and livestock products","554","New Zealand","5510","Production","01199.90","Cereals n.e.c.","2005","2005","t","11500","A","Official figure",""
"QCL","Crops and livestock products","554","New Zealand","5510","Production","01199.90","Cereals n.e.c.","2006","2006","t","5700","A","Official figure",""
"QCL","Crops and livestock products","554","New Zealand","5510","Production","01199.90","Cereals n.e.c.","2007","2007","t","13709","A","Official figure",""
"QCL","Crops and livestock products","554","New Zealand","5510","Production","01199.90","Cereals n.e.c.","2008","2008","t","16187","A","Official figure",""
"QCL","Crops and livestock products","554","New Zealand","5510","Production","01199.90","Cereals n.e.c.","2009","2009","t","14000","E","Estimated value",""
"QCL","Crops and livestock products","554","New Zealand","5510","Production","01199.90","Cereals n.e.c.","2010","2010","t","11688","A","Official figure",""
"QCL","Crops and livestock products","554","New Zealand","5510","Production","01199.90","Cereals n.e.c.","2011","2011","t","9528","A","Official figure",""
"QCL","Crops and livestock products","554","New Zealand","5510","Production","01199.90","Cereals n.e.c.","2012","2012","t","11744","A","Official figure",""
"QCL","Crops and livestock products","554","New Zealand","5510","Production","01199.90","Cereals n.e.c.","2013","2013","t","9059.91","I","Value imputed by a receiving agency",""
"QCL","Crops and livestock products","554","New Zealand","5510","Production","01199.90","Cereals n.e.c.","2014","2014","t","6793","A","Official figure",""
"QCL","Crops and livestock products","554","New Zealand","5510","Production","01199.90","Cereals n.e.c.","2015","2015","t","8544","A","Official figure",""
"QCL","Crops and livestock products","554","New Zealand","5510","Production","01199.90","Cereals n.e.c.","2016","2016","t","15985","A","Official figure",""
"QCL","Crops and livestock products","554","New Zealand","5510","Production","01199.90","Cereals n.e.c.","2017","2017","t","23644.3","A","Official figure",""
"QCL","Crops and livestock products","554","New Zealand","5510","Production","01199.90","Cereals n.e.c.","2018","2018","t","10769.86","A","Official figure",""
"QCL","Crops and livestock products","554","New Zealand","5510","Production","01199.90","Cereals n.e.c.","2019","2019","t","16799.72","E","Estimated value",""
"QCL","Crops and livestock products","554","New Zealand","5510","Production","01199.90","Cereals n.e.c.","2020","2020","t","17071.29","E","Estimated value",""
"QCL","Crops and livestock products","554","New Zealand","5510","Production","01199.90","Cereals n.e.c.","2021","2021","t","14868.96","I","Value imputed by a receiving agency",""
"QCL","Crops and livestock products","554","New Zealand","5510","Production","01199.90","Cereals n.e.c.","2022","2022","t","14740.4","I","Value imputed by a receiving agency",""
"QCL","Crops and livestock products","554","New Zealand","5510","Production","01199.90","Cereals n.e.c.","2023","2023","t","14864","I","Value imputed by a receiving agency",""
"QCL","Crops and livestock products","554","New Zealand","5510","Production","01199.90","Cereals n.e.c.","2024","2024","t","14987.6","I","Value imputed by a receiving agency",""
"QCL","Crops and livestock products","562","Niger","5510","Production","01199.90","Cereals n.e.c.","1961","1961","t","","M","Missing value; data cannot exist",""
"QCL","Crops and livestock products","562","Niger","5510","Production","01199.90","Cereals n.e.c.","1962","1962","t","","M","Missing value; data cannot exist",""
"QCL","Crops and livestock products","562","Niger","5510","Production","01199.90","Cereals n.e.c.","1963","1963","t","","M","Missing value; data cannot exist",""
"QCL","Crops and livestock products","562","Niger","5510","Production","01199.90","Cereals n.e.c.","1964","1964","t","","M","Missing value; data cannot exist",""
"QCL","Crops and livestock products","562","Niger","5510","Production","01199.90","Cereals n.e.c.","1965","1965","t","","M","Missing value; data cannot exist",""
"QCL","Crops and livestock products","562","Niger","5510","Production","01199.90","Cereals n.e.c.","1966","1966","t","","M","Missing value; data cannot exist",""
"QCL","Crops and livestock products","562","Niger","5510","Production","01199.90","Cereals n.e.c.","1967","1967","t","","M","Missing value; data cannot exist",""
"QCL","Crops and livestock products","562","Niger","5510","Production","01199.90","Cereals n.e.c.","1968","1968","t","","M","Missing value; data cannot exist",""
"QCL","Crops and livestock products","562","Niger","5510","Production","01199.90","Cereals n.e.c.","1969","1969","t","","M","Missing value; data cannot exist",""
"QCL","Crops and livestock products","562","Niger","5510","Production","01199.90","Cereals n.e.c.","1970","1970","t","","M","Missing value; data cannot exist",""
"QCL","Crops and livestock products","562","Niger","5510","Production","01199.90","Cereals n.e.c.","1971","1971","t","","M","Missing value; data cannot exist",""
"QCL","Crops and livestock products","562","Niger","5510","Production","01199.90","Cereals n.e.c.","1972","1972","t","","M","Missing value; data cannot exist",""
"QCL","Crops and livestock products","562","Niger","5510","Production","01199.90","Cereals n.e.c.","1973","1973","t","","M","Missing value; data cannot exist",""
"QCL","Crops and livestock products","562","Niger","5510","Production","01199.90","Cereals n.e.c.","1974","1974","t","","M","Missing value; data cannot exist",""
"QCL","Crops and livestock products","562","Niger","5510","Production","01199.90","Cereals n.e.c.","1975","1975","t","","M","Missing value; data cannot exist",""
"QCL","Crops and livestock products","562","Niger","5510","Production","01199.90","Cereals n.e.c.","1976","1976","t","","M","Missing value; data cannot exist",""
"QCL","Crops and livestock products","562","Niger","5510","Production","01199.90","Cereals n.e.c.","1977","1977","t","","M","Missing value; data cannot exist",""
"QCL","Crops and livestock products","562","Niger","5510","Production","01199.90","Cereals n.e.c.","1978","1978","t","","M","Missing value; data cannot exist",""
"QCL","Crops and livestock products","562","Niger","5510","Production","01199.90","Cereals n.e.c.","1979","1979","t","","M","Missing value; data cannot exist",""
"QCL","Crops and livestock products","562","Niger","5510","Production","01199.90","Cereals n.e.c.","1980","1980","t","","M","Missing value; data cannot exist",""
"QCL","Crops and livestock products","562","Niger","5510","Production","01199.90","Cereals n.e.c.","1981","1981","t","","M","Missing value; data cannot exist",""
"QCL","Crops and livestock products","562","Niger","5510","Production","01199.90","Cereals n.e.c.","1982","1982","t","","M","Missing value; data cannot exist",""
"QCL","Crops and livestock products","562","Niger","5510","Production","01199.90","Cereals n.e.c.","1983","1983","t","","M","Missing value; data cannot exist",""
"QCL","Crops and livestock products","562","Niger","5510","Production","01199.90","Cereals n.e.c.","1984","1984","t","","M","Missing value; data cannot exist",""
"QCL","Crops and livestock products","562","Niger","5510","Production","01199.90","Cereals n.e.c.","1985","1985","t","","M","Missing value; data cannot exist",""
"QCL","Crops and livestock products","562","Niger","5510","Production","01199.90","Cereals n.e.c.","1986","1986","t","","M","Missing value; data cannot exist",""
"QCL","Crops and livestock products","562","Niger","5510","Production","01199.90","Cereals n.e.c.","1987","1987","t","","M","Missing value; data cannot exist",""
"QCL","Crops and livestock products","562","Niger","5510","Production","01199.90","Cereals n.e.c.","1988","1988","t","","M","Missing value; data cannot exist",""
"QCL","Crops and livestock products","562","Niger","5510","Production","01199.90","Cereals n.e.c.","1989","1989","t","","M","Missing value; data cannot exist",""
"QCL","Crops and livestock products","562","Niger","5510","Production","01199.90","Cereals n.e.c.","1990","1990","t","1000","E","Estimated value",""
"QCL","Crops and livestock products","562","Niger","5510","Production","01199.90","Cereals n.e.c.","1991","1991","t","1200","E","Estimated value",""
"QCL","Crops and livestock products","562","Niger","5510","Production","01199.90","Cereals n.e.c.","1992","1992","t","1300","E","Estimated value",""
"QCL","Crops and livestock products","562","Niger","5510","Production","01199.90","Cereals n.e.c.","1993","1993","t","1500","E","Estimated value",""
"QCL","Crops and livestock products","562","Niger","5510","Production","01199.90","Cereals n.e.c.","1994","1994","t","1700","E","Estimated value",""
"QCL","Crops and livestock products","562","Niger","5510","Production","01199.90","Cereals n.e.c.","1995","1995","t","2000","E","Estimated value",""
"QCL","Crops and livestock products","562","Niger","5510","Production","01199.90","Cereals n.e.c.","1996","1996","t","2100","E","Estimated value",""
"QCL","Crops and livestock products","562","Niger","5510","Production","01199.90","Cereals n.e.c.","1997","1997","t","2200","E","Estimated value",""
"QCL","Crops and livestock products","562","Niger","5510","Production","01199.90","Cereals n.e.c.","1998","1998","t","2426","A","Official figure",""
"QCL","Crops and livestock products","562","Niger","5510","Production","01199.90","Cereals n.e.c.","1999","1999","t","904","A","Official figure",""
"QCL","Crops and livestock products","562","Niger","5510","Production","01199.90","Cereals n.e.c.","2000","2000","t","1000","E","Estimated value",""
"QCL","Crops and livestock products","562","Niger","5510","Production","01199.90","Cereals n.e.c.","2001","2001","t","1300","A","Official figure",""
"QCL","Crops and livestock products","562","Niger","5510","Production","01199.90","Cereals n.e.c.","2002","2002","t","1500","A","Official figure",""
"QCL","Crops and livestock products","562","Niger","5510","Production","01199.90","Cereals n.e.c.","2003","2003","t","1400","A","Official figure",""
"QCL","Crops and livestock products","562","Niger","5510","Production","01199.90","Cereals n.e.c.","2004","2004","t","1000","X","Figure from external organization","Unofficial figure"
"QCL","Crops and livestock products","562","Niger","5510","Production","01199.90","Cereals n.e.c.","2005","2005","t","1500","X","Figure from external organization","Unofficial figure"
"QCL","Crops and livestock products","562","Niger","5510","Production","01199.90","Cereals n.e.c.","2006","2006","t","1700","E","Estimated value",""
"QCL","Crops and livestock products","562","Niger","5510","Production","01199.90","Cereals n.e.c.","2007","2007","t","1791","A","Official figure",""
"QCL","Crops and livestock products","562","Niger","5510","Production","01199.90","Cereals n.e.c.","2008","2008","t","1750","E","Estimated value",""
"QCL","Crops and livestock products","562","Niger","5510","Production","01199.90","Cereals n.e.c.","2009","2009","t","1466","A","Official figure",""
"QCL","Crops and livestock products","562","Niger","5510","Production","01199.90","Cereals n.e.c.","2010","2010","t","1540","A","Official figure",""
"QCL","Crops and livestock products","562","Niger","5510","Production","01199.90","Cereals n.e.c.","2011","2011","t","493","A","Official figure",""
"QCL","Crops and livestock products","562","Niger","5510","Production","01199.90","Cereals n.e.c.","2012","2012","t","808","I","Value imputed by a receiving agency",""
"QCL","Crops and livestock products","562","Niger","5510","Production","01199.90","Cereals n.e.c.","2013","2013","t","1397.43","I","Value imputed by a receiving agency",""
"QCL","Crops and livestock products","562","Niger","5510","Production","01199.90","Cereals n.e.c.","2014","2014","t","1550.49","I","Value imputed by a receiving agency",""
"QCL","Crops and livestock products","562","Niger","5510","Production","01199.90","Cereals n.e.c.","2015","2015","t","1250.64","I","Value imputed by a receiving agency",""
"QCL","Crops and livestock products","562","Niger","5510","Production","01199.90","Cereals n.e.c.","2016","2016","t","1399.52","E","Estimated value",""
"QCL","Crops and livestock products","562","Niger","5510","Production","01199.90","Cereals n.e.c.","2017","2017","t","1412.66","I","Value imputed by a receiving agency",""
"QCL","Crops and livestock products","562","Niger","5510","Production","01199.90","Cereals n.e.c.","2018","2018","t","1379.54","I","Value imputed by a receiving agency",""
"QCL","Crops and livestock products","562","Niger","5510","Production","01199.90","Cereals n.e.c.","2019","2019","t","1335.53","I","Value imputed by a receiving agency",""
"QCL","Crops and livestock products","562","Niger","5510","Production","01199.90","Cereals n.e.c.","2020","2020","t","1314.96","I","Value imputed by a receiving agency",""
"QCL","Crops and livestock products","562","Niger","5510","Production","01199.90","Cereals n.e.c.","2021","2021","t","1354.49","I","Value imputed by a receiving agency",""
"QCL","Crops and livestock products","562","Niger","5510","Production","01199.90","Cereals n.e.c.","2022","2022","t","1390.36","I","Value imputed by a receiving agency",""
"QCL","Crops and livestock products","562","Niger","5510","Production","01199.90","Cereals n.e.c.","2023","2023","t","1387.57","I","Value imputed by a receiving agency",""
"QCL","Crops and livestock products","562","Niger","5510","Production","01199.90","Cereals n.e.c.","2024","2024","t","1384.78","I","Value imputed by a receiving agency",""
"QCL","Crops and livestock products","512","Oman","5510","Production","01199.90","Cereals n.e.c.","1961","1961","t","1500","E","Estimated value",""
"QCL","Crops and livestock products","512","Oman","5510","Production","01199.90","Cereals n.e.c.","1962","1962","t","1500","E","Estimated value",""
"QCL","Crops and livestock products","512","Oman","5510","Production","01199.90","Cereals n.e.c.","1963","1963","t","1500","E","Estimated value",""
"QCL","Crops and livestock products","512","Oman","5510","Production","01199.90","Cereals n.e.c.","1964","1964","t","1600","E","Estimated value",""
"QCL","Crops and livestock products","512","Oman","5510","Production","01199.90","Cereals n.e.c.","1965","1965","t","1600","E","Estimated value",""
"QCL","Crops and livestock products","512","Oman","5510","Production","01199.90","Cereals n.e.c.","1966","1966","t","1700","E","Estimated value",""
"QCL","Crops and livestock products","512","Oman","5510","Production","01199.90","Cereals n.e.c.","1967","1967","t","1850","A","Official figure",""
"QCL","Crops and livestock products","512","Oman","5510","Production","01199.90","Cereals n.e.c.","1968","1968","t","1850","E","Estimated value",""
"QCL","Crops and livestock products","512","Oman","5510","Production","01199.90","Cereals n.e.c.","1969","1969","t","1850","E","Estimated value",""
"QCL","Crops and livestock products","512","Oman","5510","Production","01199.90","Cereals n.e.c.","1970","1970","t","1900","E","Estimated value",""
"QCL","Crops and livestock products","512","Oman","5510","Production","01199.90","Cereals n.e.c.","1971","1971","t","1900","E","Estimated value",""
"QCL","Crops and livestock products","512","Oman","5510","Production","01199.90","Cereals n.e.c.","1972","1972","t","1950","E","Estimated value",""
"QCL","Crops and livestock products","512","Oman","5510","Production","01199.90","Cereals n.e.c.","1973","1973","t","2000","E","Estimated value",""
"QCL","Crops and livestock products","512","Oman","5510","Production","01199.90","Cereals n.e.c.","1974","1974","t","2000","E","Estimated value",""
"QCL","Crops and livestock products","512","Oman","5510","Production","01199.90","Cereals n.e.c.","1975","1975","t","2000","E","Estimated value",""
"QCL","Crops and livestock products","512","Oman","5510","Production","01199.90","Cereals n.e.c.","1976","1976","t","2000","E","Estimated value",""
"QCL","Crops and livestock products","512","Oman","5510","Production","01199.90","Cereals n.e.c.","1977","1977","t","2100","E","Estimated value",""
"QCL","Crops and livestock products","512","Oman","5510","Production","01199.90","Cereals n.e.c.","1978","1978","t","2100","E","Estimated value",""
"QCL","Crops and livestock products","512","Oman","5510","Production","01199.90","Cereals n.e.c.","1979","1979","t","2100","E","Estimated value",""
"QCL","Crops and livestock products","512","Oman","5510","Production","01199.90","Cereals n.e.c.","1980","1980","t","2100","E","Estimated value",""
"QCL","Crops and livestock products","512","Oman","5510","Production","01199.90","Cereals n.e.c.","1981","1981","t","850","E","Estimated value",""
"QCL","Crops and livestock products","512","Oman","5510","Production","01199.90","Cereals n.e.c.","1982","1982","t","850","E","Estimated value",""
"QCL","Crops and livestock products","512","Oman","5510","Production","01199.90","Cereals n.e.c.","1983","1983","t","850","E","Estimated value",""
"QCL","Crops and livestock products","512","Oman","5510","Production","01199.90","Cereals n.e.c.","1984","1984","t","850","E","Estimated value",""
"QCL","Crops and livestock products","512","Oman","5510","Production","01199.90","Cereals n.e.c.","1985","1985","t","850","E","Estimated value",""
"QCL","Crops and livestock products","512","Oman","5510","Production","01199.90","Cereals n.e.c.","1986","1986","t","900","E","Estimated value",""
"QCL","Crops and livestock products","512","Oman","5510","Production","01199.90","Cereals n.e.c.","1987","1987","t","1000","E","Estimated value",""
"QCL","Crops and livestock products","512","Oman","5510","Production","01199.90","Cereals n.e.c.","1988","1988","t","1050","E","Estimated value",""
"QCL","Crops and livestock products","512","Oman","5510","Production","01199.90","Cereals n.e.c.","1989","1989","t","1100","E","Estimated value",""
"QCL","Crops and livestock products","512","Oman","5510","Production","01199.90","Cereals n.e.c.","1990","1990","t","1150","E","Estimated value",""
"QCL","Crops and livestock products","512","Oman","5510","Production","01199.90","Cereals n.e.c.","1991","1991","t","1200","E","Estimated value",""
"QCL","Crops and livestock products","512","Oman","5510","Production","01199.90","Cereals n.e.c.","1992","1992","t","1244.93","I","Value imputed by a receiving agency",""
"QCL","Crops and livestock products","512","Oman","5510","Production","01199.90","Cereals n.e.c.","1993","1993","t","1300","E","Estimated value",""
"QCL","Crops and livestock products","512","Oman","5510","Production","01199.90","Cereals n.e.c.","1994","1994","t","1320","E","Estimated value",""
"QCL","Crops and livestock products","512","Oman","5510","Production","01199.90","Cereals n.e.c.","1995","1995","t","1350","E","Estimated value",""
"QCL","Crops and livestock products","512","Oman","5510","Production","01199.90","Cereals n.e.c.","1996","1996","t","1380","E","Estimated value",""
"QCL","Crops and livestock products","512","Oman","5510","Production","01199.90","Cereals n.e.c.","1997","1997","t","1400","E","Estimated value",""
"QCL","Crops and livestock products","512","Oman","5510","Production","01199.90","Cereals n.e.c.","1998","1998","t","1385.37","I","Value imputed by a receiving agency",""
"QCL","Crops and livestock products","512","Oman","5510","Production","01199.90","Cereals n.e.c.","1999","1999","t","1386.89","I","Value imputed by a receiving agency",""
"QCL","Crops and livestock products","512","Oman","5510","Production","01199.90","Cereals n.e.c.","2000","2000","t","1387.17","I","Value imputed by a receiving agency",""
"QCL","Crops and livestock products","512","Oman","5510","Production","01199.90","Cereals n.e.c.","2001","2001","t","1386.55","I","Value imputed by a receiving agency",""
"QCL","Crops and livestock products","512","Oman","5510","Production","01199.90","Cereals n.e.c.","2002","2002","t","1385.34","I","Value imputed by a receiving agency",""
"QCL","Crops and livestock products","512","Oman","5510","Production","01199.90","Cereals n.e.c.","2003","2003","t","1383.87","I","Value imputed by a receiving agency",""
"QCL","Crops and livestock products","512","Oman","5510","Production","01199.90","Cereals n.e.c.","2004","2004","t","1352.99","I","Value imputed by a receiving agency",""
"QCL","Crops and livestock products","512","Oman","5510","Production","01199.90","Cereals n.e.c.","2005","2005","t","1348.92","I","Value imputed by a receiving agency",""
"QCL","Crops and livestock products","512","Oman","5510","Production","01199.90","Cereals n.e.c.","2006","2006","t","1343.5","I","Value imputed by a receiving agency",""
"QCL","Crops and livestock products","512","Oman","5510","Production","01199.90","Cereals n.e.c.","2007","2007","t","1337.87","I","Value imputed by a receiving agency",""
"QCL","Crops and livestock products","512","Oman","5510","Production","01199.90","Cereals n.e.c.","2008","2008","t","1334.65","I","Value imputed by a receiving agency",""
"QCL","Crops and livestock products","512","Oman","5510","Production","01199.90","Cereals n.e.c.","2009","2009","t","1334.44","I","Value imputed by a receiving agency",""
"QCL","Crops and livestock products","512","Oman","5510","Production","01199.90","Cereals n.e.c.","2010","2010","t","1337.4","I","Value imputed by a receiving agency",""
"QCL","Crops and livestock products","512","Oman","5510","Production","01199.90","Cereals n.e.c.","2011","2011","t","1343.7","I","Value imputed by a receiving agency",""
"QCL","Crops and livestock products","512","Oman","5510","Production","01199.90","Cereals n.e.c.","2012","2012","t","1300","E","Estimated value",""
"QCL","Crops and livestock products","512","Oman","5510","Production","01199.90","Cereals n.e.c.","2013","2013","t","1400","E","Estimated value",""
"QCL","Crops and livestock products","512","Oman","5510","Production","01199.90","Cereals n.e.c.","2014","2014","t","1410.49","I","Value imputed by a receiving agency",""
"QCL","Crops and livestock products","512","Oman","5510","Production","01199.90","Cereals n.e.c.","2015","2015","t","1350.34","I","Value imputed by a receiving agency",""
"QCL","Crops and livestock products","512","Oman","5510","Production","01199.90","Cereals n.e.c.","2016","2016","t","1386.94","E","Estimated value",""
"QCL","Crops and livestock products","512","Oman","5510","Production","01199.90","Cereals n.e.c.","2017","2017","t","6193","A","Official figure",""
"QCL","Crops and livestock products","512","Oman","5510","Production","01199.90","Cereals n.e.c.","2018","2018","t","10942","A","Official figure",""
"QCL","Crops and livestock products","512","Oman","5510","Production","01199.90","Cereals n.e.c.","2019","2019","t","11051","A","Official figure",""
"QCL","Crops and livestock products","512","Oman","5510","Production","01199.90","Cereals n.e.c.","2020","2020","t","29810","A","Official figure",""
"QCL","Crops and livestock products","512","Oman","5510","Production","01199.90","Cereals n.e.c.","2021","2021","t","17547","A","Official figure",""
"QCL","Crops and livestock products","512","Oman","5510","Production","01199.90","Cereals n.e.c.","2022","2022","t","28848","A","Official figure",""
"QCL","Crops and livestock products","512","Oman","5510","Production","01199.90","Cereals n.e.c.","2023","2023","t","31738","A","Official figure",""
"QCL","Crops and livestock products","512","Oman","5510","Production","01199.90","Cereals n.e.c.","2024","2024","t","32498","A","Official figure",""
"QCL","Crops and livestock products","275","Palestine","5510","Production","01199.90","Cereals n.e.c.","1991","1991","t","","M","Missing value; data cannot exist",""
"QCL","Crops and livestock products","275","Palestine","5510","Production","01199.90","Cereals n.e.c.","1992","1992","t","","M","Missing value; data cannot exist",""
"QCL","Crops and livestock products","275","Palestine","5510","Production","01199.90","Cereals n.e.c.","1993","1993","t","","M","Missing value; data cannot exist",""
"QCL","Crops and livestock products","275","Palestine","5510","Production","01199.90","Cereals n.e.c.","1994","1994","t","","M","Missing value; data cannot exist",""
"QCL","Crops and livestock products","275","Palestine","5510","Production","01199.90","Cereals n.e.c.","1995","1995","t","","M","Missing value; data cannot exist",""
"QCL","Crops and livestock products","275","Palestine","5510","Production","01199.90","Cereals n.e.c.","1996","1996","t","30","E","Estimated value",""
"QCL","Crops and livestock products","275","Palestine","5510","Production","01199.90","Cereals n.e.c.","1997","1997","t","60","E","Estimated value",""
"QCL","Crops and livestock products","275","Palestine","5510","Production","01199.90","Cereals n.e.c.","1998","1998","t","100","E","Estimated value",""
"QCL","Crops and livestock products","275","Palestine","5510","Production","01199.90","Cereals n.e.c.","1999","1999","t","110","A","Official figure",""
"QCL","Crops and livestock products","275","Palestine","5510","Production","01199.90","Cereals n.e.c.","2000","2000","t","375","A","Official figure",""
"QCL","Crops and livestock products","275","Palestine","5510","Production","01199.90","Cereals n.e.c.","2001","2001","t","2279","A","Official figure",""
"QCL","Crops and livestock products","275","Palestine","5510","Production","01199.90","Cereals n.e.c.","2002","2002","t","738","A","Official figure",""
"QCL","Crops and livestock products","275","Palestine","5510","Production","01199.90","Cereals n.e.c.","2003","2003","t","244","A","Official figure",""
"QCL","Crops and livestock products","275","Palestine","5510","Production","01199.90","Cereals n.e.c.","2004","2004","t","250","E","Estimated value",""
"QCL","Crops and livestock products","275","Palestine","5510","Production","01199.90","Cereals n.e.c.","2005","2005","t","459.98","I","Value imputed by a receiving agency",""
"QCL","Crops and livestock products","275","Palestine","5510","Production","01199.90","Cereals n.e.c.","2006","2006","t","624.91","I","Value imputed by a receiving agency",""
"QCL","Crops and livestock products","275","Palestine","5510","Production","01199.90","Cereals n.e.c.","2007","2007","t","528.08","I","Value imputed by a receiving agency",""
"QCL","Crops and livestock products","275","Palestine","5510","Production","01199.90","Cereals n.e.c.","2008","2008","t","551.75","I","Value imputed by a receiving agency",""
"QCL","Crops and livestock products","275","Palestine","5510","Production","01199.90","Cereals n.e.c.","2009","2009","t","575.42","I","Value imputed by a receiving agency",""
"QCL","Crops and livestock products","275","Palestine","5510","Production","01199.90","Cereals n.e.c.","2010","2010","t","599.09","I","Value imputed by a receiving agency",""
"QCL","Crops and livestock products","275","Palestine","5510","Production","01199.90","Cereals n.e.c.","2011","2011","t","622.76","I","Value imputed by a receiving agency",""
"QCL","Crops and livestock products","275","Palestine","5510","Production","01199.90","Cereals n.e.c.","2012","2012","t","646.43","I","Value imputed by a receiving agency",""
"QCL","Crops and livestock products","275","Palestine","5510","Production","01199.90","Cereals n.e.c.","2013","2013","t","670.1","I","Value imputed by a receiving agency",""
"QCL","Crops and livestock products","275","Palestine","5510","Production","01199.90","Cereals n.e.c.","2014","2014","t","728.41","I","Value imputed by a receiving agency",""
"QCL","Crops and livestock products","275","Palestine","5510","Production","01199.90","Cereals n.e.c.","2015","2015","t","772.32","I","Value imputed by a receiving agency",""
"QCL","Crops and livestock products","275","Palestine","5510","Production","01199.90","Cereals n.e.c.","2016","2016","t","723.61","E","Estimated value",""
"QCL","Crops and livestock products","275","Palestine","5510","Production","01199.90","Cereals n.e.c.","2017","2017","t","767.61","I","Value imputed by a receiving agency",""
"QCL","Crops and livestock products","275","Palestine","5510","Production","01199.90","Cereals n.e.c.","2018","2018","t","673.34","I","Value imputed by a receiving agency",""
"QCL","Crops and livestock products","275","Palestine","5510","Production","01199.90","Cereals n.e.c.","2019","2019","t","720","A","Official figure",""
"QCL","Crops and livestock products","275","Palestine","5510","Production","01199.90","Cereals n.e.c.","2020","2020","t","760","A","Official figure",""
"QCL","Crops and livestock products","275","Palestine","5510","Production","01199.90","Cereals n.e.c.","2021","2021","t","42","A","Official figure",""
"QCL","Crops and livestock products","275","Palestine","5510","Production","01199.90","Cereals n.e.c.","2022","2022","t","572.87","I","Value imputed by a receiving agency",""
"QCL","Crops and livestock products","604","Peru","5510","Production","01199.90","Cereals n.e.c.","1991","1991","t","","M","Missing value; data cannot exist",""
"QCL","Crops and livestock products","604","Peru","5510","Production","01199.90","Cereals n.e.c.","1992","1992","t","","M","Missing value; data cannot exist",""
"QCL","Crops and livestock products","604","Peru","5510","Production","01199.90","Cereals n.e.c.","1993","1993","t","","M","Missing value; data cannot exist",""
"QCL","Crops and livestock products","604","Peru","5510","Production","01199.90","Cereals n.e.c.","1994","1994","t","","M","Missing value; data cannot exist",""
"QCL","Crops and livestock products","604","Peru","5510","Production","01199.90","Cereals n.e.c.","1995","1995","t","","M","Missing value; data cannot exist",""
"QCL","Crops and livestock products","604","Peru","5510","Production","01199.90","Cereals n.e.c.","1996","1996","t","5236","A","Official figure",""
"QCL","Crops and livestock products","604","Peru","5510","Production","01199.90","Cereals n.e.c.","1997","1997","t","7550","A","Official figure",""
"QCL","Crops and livestock products","604","Peru","5510","Production","01199.90","Cereals n.e.c.","1998","1998","t","6187","A","Official figure",""
"QCL","Crops and livestock products","604","Peru","5510","Production","01199.90","Cereals n.e.c.","1999","1999","t","6016","A","Official figure",""
"QCL","Crops and livestock products","604","Peru","5510","Production","01199.90","Cereals n.e.c.","2000","2000","t","7170","A","Official figure",""
"QCL","Crops and livestock products","604","Peru","5510","Production","01199.90","Cereals n.e.c.","2001","2001","t","7218","A","Official figure",""
"QCL","Crops and livestock products","604","Peru","5510","Production","01199.90","Cereals n.e.c.","2002","2002","t","6750","A","Official figure",""
"QCL","Crops and livestock products","604","Peru","5510","Production","01199.90","Cereals n.e.c.","2003","2003","t","6900","E","Estimated value",""
"QCL","Crops and livestock products","604","Peru","5510","Production","01199.90","Cereals n.e.c.","2004","2004","t","7000","E","Estimated value",""
"QCL","Crops and livestock products","604","Peru","5510","Production","01199.90","Cereals n.e.c.","2005","2005","t","7100","E","Estimated value",""
"QCL","Crops and livestock products","604","Peru","5510","Production","01199.90","Cereals n.e.c.","2006","2006","t","7300","E","Estimated value",""
"QCL","Crops and livestock products","604","Peru","5510","Production","01199.90","Cereals n.e.c.","2007","2007","t","7500","E","Estimated value",""
"QCL","Crops and livestock products","604","Peru","5510","Production","01199.90","Cereals n.e.c.","2008","2008","t","7410.4","I","Value imputed by a receiving agency",""
"QCL","Crops and livestock products","604","Peru","5510","Production","01199.90","Cereals n.e.c.","2009","2009","t","7600","E","Estimated value",""
"QCL","Crops and livestock products","604","Peru","5510","Production","01199.90","Cereals n.e.c.","2010","2010","t","7555.25","I","Value imputed by a receiving agency",""
"QCL","Crops and livestock products","604","Peru","5510","Production","01199.90","Cereals n.e.c.","2011","2011","t","7640.67","I","Value imputed by a receiving agency",""
"QCL","Crops and livestock products","604","Peru","5510","Production","01199.90","Cereals n.e.c.","2012","2012","t","7554.35","I","Value imputed by a receiving agency",""
"QCL","Crops and livestock products","604","Peru","5510","Production","01199.90","Cereals n.e.c.","2013","2013","t","7606.38","I","Value imputed by a receiving agency",""
"QCL","Crops and livestock products","604","Peru","5510","Production","01199.90","Cereals n.e.c.","2014","2014","t","7711.81","I","Value imputed by a receiving agency",""
"QCL","Crops and livestock products","604","Peru","5510","Production","01199.90","Cereals n.e.c.","2015","2015","t","7797.57","I","Value imputed by a receiving agency",""
"QCL","Crops and livestock products","604","Peru","5510","Production","01199.90","Cereals n.e.c.","2016","2016","t","7832.66","I","Value imputed by a receiving agency",""
"QCL","Crops and livestock products","604","Peru","5510","Production","01199.90","Cereals n.e.c.","2017","2017","t","7869.42","I","Value imputed by a receiving agency",""
"QCL","Crops and livestock products","604","Peru","5510","Production","01199.90","Cereals n.e.c.","2018","2018","t","7902.35","I","Value imputed by a receiving agency",""
"QCL","Crops and livestock products","604","Peru","5510","Production","01199.90","Cereals n.e.c.","2019","2019","t","7948.16","I","Value imputed by a receiving agency",""
"QCL","Crops and livestock products","604","Peru","5510","Production","01199.90","Cereals n.e.c.","2020","2020","t","7983.25","I","Value imputed by a receiving agency",""
"QCL","Crops and livestock products","604","Peru","5510","Production","01199.90","Cereals n.e.c.","2021","2021","t","8056.71","I","Value imputed by a receiving agency",""
"QCL","Crops and livestock products","604","Peru","5510","Production","01199.90","Cereals n.e.c.","2022","2022","t","7962.11","I","Value imputed by a receiving agency",""
"QCL","Crops and livestock products","604","Peru","5510","Production","01199.90","Cereals n.e.c.","2023","2023","t","7998.01","I","Value imputed by a receiving agency",""
"QCL","Crops and livestock products","604","Peru","5510","Production","01199.90","Cereals n.e.c.","2024","2024","t","8028.33","I","Value imputed by a receiving agency",""
"QCL","Crops and livestock products","616","Poland","5510","Production","01199.90","Cereals n.e.c.","1991","1991","t","","M","Missing value; data cannot exist",""
"QCL","Crops and livestock products","616","Poland","5510","Production","01199.90","Cereals n.e.c.","1992","1992","t","","M","Missing value; data cannot exist",""
"QCL","Crops and livestock products","616","Poland","5510","Production","01199.90","Cereals n.e.c.","1993","1993","t","","M","Missing value; data cannot exist",""
"QCL","Crops and livestock products","616","Poland","5510","Production","01199.90","Cereals n.e.c.","1994","1994","t","","M","Missing value; data cannot exist",""
"QCL","Crops and livestock products","616","Poland","5510","Production","01199.90","Cereals n.e.c.","1995","1995","t","","M","Missing value; data cannot exist",""
"QCL","Crops and livestock products","616","Poland","5510","Production","01199.90","Cereals n.e.c.","1996","1996","t","","M","Missing value; data cannot exist",""
"QCL","Crops and livestock products","616","Poland","5510","Production","01199.90","Cereals n.e.c.","1997","1997","t","","M","Missing value; data cannot exist",""
"QCL","Crops and livestock products","616","Poland","5510","Production","01199.90","Cereals n.e.c.","1998","1998","t","","M","Missing value; data cannot exist",""
"QCL","Crops and livestock products","616","Poland","5510","Production","01199.90","Cereals n.e.c.","1999","1999","t","","M","Missing value; data cannot exist",""
"QCL","Crops and livestock products","616","Poland","5510","Production","01199.90","Cereals n.e.c.","2000","2000","t","","M","Missing value; data cannot exist",""
"QCL","Crops and livestock products","616","Poland","5510","Production","01199.90","Cereals n.e.c.","2001","2001","t","","M","Missing value; data cannot exist",""
"QCL","Crops and livestock products","616","Poland","5510","Production","01199.90","Cereals n.e.c.","2002","2002","t","","M","Missing value; data cannot exist",""
"QCL","Crops and livestock products","616","Poland","5510","Production","01199.90","Cereals n.e.c.","2003","2003","t","3212","A","Official figure",""
"QCL","Crops and livestock products","616","Poland","5510","Production","01199.90","Cereals n.e.c.","2004","2004","t","2908","A","Official figure",""
"QCL","Crops and livestock products","616","Poland","5510","Production","01199.90","Cereals n.e.c.","2005","2005","t","2971","A","Official figure",""
"QCL","Crops and livestock products","616","Poland","5510","Production","01199.90","Cereals n.e.c.","2006","2006","t","2880","A","Official figure",""
"QCL","Crops and livestock products","616","Poland","5510","Production","01199.90","Cereals n.e.c.","2007","2007","t","6728","A","Official figure",""
"QCL","Crops and livestock products","616","Poland","5510","Production","01199.90","Cereals n.e.c.","2008","2008","t","3821","A","Official figure",""
"QCL","Crops and livestock products","616","Poland","5510","Production","01199.90","Cereals n.e.c.","2009","2009","t","6617","A","Official figure",""
"QCL","Crops and livestock products","616","Poland","5510","Production","01199.90","Cereals n.e.c.","2010","2010","t","29560","A","Official figure",""
"QCL","Crops and livestock products","616","Poland","5510","Production","01199.90","Cereals n.e.c.","2011","2011","t","10812","A","Official figure",""
"QCL","Crops and livestock products","616","Poland","5510","Production","01199.90","Cereals n.e.c.","2012","2012","t","7788","A","Official figure",""
"QCL","Crops and livestock products","616","Poland","5510","Production","01199.90","Cereals n.e.c.","2013","2013","t","18608","A","Official figure",""
"QCL","Crops and livestock products","616","Poland","5510","Production","01199.90","Cereals n.e.c.","2014","2014","t","17876","A","Official figure",""
"QCL","Crops and livestock products","616","Poland","5510","Production","01199.90","Cereals n.e.c.","2015","2015","t","6619","A","Official figure",""
"QCL","Crops and livestock products","616","Poland","5510","Production","01199.90","Cereals n.e.c.","2016","2016","t","2539","A","Official figure",""
"QCL","Crops and livestock products","616","Poland","5510","Production","01199.90","Cereals n.e.c.","2017","2017","t","3022","A","Official figure",""
"QCL","Crops and livestock products","616","Poland","5510","Production","01199.90","Cereals n.e.c.","2018","2018","t","120770","A","Official figure",""
"QCL","Crops and livestock products","616","Poland","5510","Production","01199.90","Cereals n.e.c.","2019","2019","t","117530","A","Official figure",""
"QCL","Crops and livestock products","616","Poland","5510","Production","01199.90","Cereals n.e.c.","2020","2020","t","169700","A","Official figure",""
"QCL","Crops and livestock products","616","Poland","5510","Production","01199.90","Cereals n.e.c.","2021","2021","t","181750","A","Official figure",""
"QCL","Crops and livestock products","616","Poland","5510","Production","01199.90","Cereals n.e.c.","2022","2022","t","218940","A","Official figure",""
"QCL","Crops and livestock products","616","Poland","5510","Production","01199.90","Cereals n.e.c.","2023","2023","t","193970","A","Official figure",""
"QCL","Crops and livestock products","616","Poland","5510","Production","01199.90","Cereals n.e.c.","2024","2024","t","192640","A","Official figure",""
"QCL","Crops and livestock products","620","Portugal","5510","Production","01199.90","Cereals n.e.c.","2018","2018","t","3100","A","Official figure",""
"QCL","Crops and livestock products","620","Portugal","5510","Production","01199.90","Cereals n.e.c.","2019","2019","t","1660","A","Official figure",""
"QCL","Crops and livestock products","620","Portugal","5510","Production","01199.90","Cereals n.e.c.","2020","2020","t","1540","A","Official figure",""
"QCL","Crops and livestock products","620","Portugal","5510","Production","01199.90","Cereals n.e.c.","2021","2021","t","1480","A","Official figure",""
"QCL","Crops and livestock products","620","Portugal","5510","Production","01199.90","Cereals n.e.c.","2022","2022","t","1120","A","Official figure",""
"QCL","Crops and livestock products","620","Portugal","5510","Production","01199.90","Cereals n.e.c.","2023","2023","t","310","A","Official figure",""
"QCL","Crops and livestock products","620","Portugal","5510","Production","01199.90","Cereals n.e.c.","2024","2024","t","720","A","Official figure",""
"QCL","Crops and livestock products","634","Qatar","5510","Production","01199.90","Cereals n.e.c.","1991","1991","t","","M","Missing value; data cannot exist",""
"QCL","Crops and livestock products","634","Qatar","5510","Production","01199.90","Cereals n.e.c.","1992","1992","t","","M","Missing value; data cannot exist",""
"QCL","Crops and livestock products","634","Qatar","5510","Production","01199.90","Cereals n.e.c.","1993","1993","t","","M","Missing value; data cannot exist",""
"QCL","Crops and livestock products","634","Qatar","5510","Production","01199.90","Cereals n.e.c.","1994","1994","t","","M","Missing value; data cannot exist",""
"QCL","Crops and livestock products","634","Qatar","5510","Production","01199.90","Cereals n.e.c.","1995","1995","t","","M","Missing value; data cannot exist",""
"QCL","Crops and livestock products","634","Qatar","5510","Production","01199.90","Cereals n.e.c.","1996","1996","t","","M","Missing value; data cannot exist",""
"QCL","Crops and livestock products","634","Qatar","5510","Production","01199.90","Cereals n.e.c.","1997","1997","t","","M","Missing value; data cannot exist",""
"QCL","Crops and livestock products","634","Qatar","5510","Production","01199.90","Cereals n.e.c.","1998","1998","t","","M","Missing value; data cannot exist",""
"QCL","Crops and livestock products","634","Qatar","5510","Production","01199.90","Cereals n.e.c.","1999","1999","t","1200","E","Estimated value",""
"QCL","Crops and livestock products","634","Qatar","5510","Production","01199.90","Cereals n.e.c.","2000","2000","t","1200","E","Estimated value",""
"QCL","Crops and livestock products","634","Qatar","5510","Production","01199.90","Cereals n.e.c.","2001","2001","t","1200","E","Estimated value",""
"QCL","Crops and livestock products","634","Qatar","5510","Production","01199.90","Cereals n.e.c.","2002","2002","t","886.77","I","Value imputed by a receiving agency",""
"QCL","Crops and livestock products","634","Qatar","5510","Production","01199.90","Cereals n.e.c.","2003","2003","t","482","A","Official figure",""
"QCL","Crops and livestock products","634","Qatar","5510","Production","01199.90","Cereals n.e.c.","2004","2004","t","1224","A","Official figure",""
"QCL","Crops and livestock products","634","Qatar","5510","Production","01199.90","Cereals n.e.c.","2005","2005","t","1347","A","Official figure",""
"QCL","Crops and livestock products","634","Qatar","5510","Production","01199.90","Cereals n.e.c.","2006","2006","t","1000","E","Estimated value",""
"QCL","Crops and livestock products","634","Qatar","5510","Production","01199.90","Cereals n.e.c.","2007","2007","t","700","E","Estimated value",""
"QCL","Crops and livestock products","634","Qatar","5510","Production","01199.90","Cereals n.e.c.","2008","2008","t","350","E","Estimated value",""
"QCL","Crops and livestock products","634","Qatar","5510","Production","01199.90","Cereals n.e.c.","2009","2009","t","87.6","X","Figure from external organization","Unofficial figure"
"QCL","Crops and livestock products","634","Qatar","5510","Production","01199.90","Cereals n.e.c.","2010","2010","t","52","A","Official figure",""
"QCL","Crops and livestock products","634","Qatar","5510","Production","01199.90","Cereals n.e.c.","2011","2011","t","9","A","Official figure",""
"QCL","Crops and livestock products","634","Qatar","5510","Production","01199.90","Cereals n.e.c.","2012","2012","t","119","A","Official figure",""
"QCL","Crops and livestock products","634","Qatar","5510","Production","01199.90","Cereals n.e.c.","2013","2013","t","361","A","Official figure",""
"QCL","Crops and livestock products","634","Qatar","5510","Production","01199.90","Cereals n.e.c.","2014","2014","t","15","A","Official figure",""
"QCL","Crops and livestock products","634","Qatar","5510","Production","01199.90","Cereals n.e.c.","2015","2015","t","48.6","A","Official figure",""
"QCL","Crops and livestock products","634","Qatar","5510","Production","01199.90","Cereals n.e.c.","2016","2016","t","125.4","A","Official figure",""
"QCL","Crops and livestock products","634","Qatar","5510","Production","01199.90","Cereals n.e.c.","2017","2017","t","121","A","Official figure",""
"QCL","Crops and livestock products","634","Qatar","5510","Production","01199.90","Cereals n.e.c.","2018","2018","t","190","A","Official figure",""
"QCL","Crops and livestock products","634","Qatar","5510","Production","01199.90","Cereals n.e.c.","2019","2019","t","162","A","Official figure",""
"QCL","Crops and livestock products","634","Qatar","5510","Production","01199.90","Cereals n.e.c.","2020","2020","t","288","A","Official figure",""
"QCL","Crops and livestock products","634","Qatar","5510","Production","01199.90","Cereals n.e.c.","2021","2021","t","129","A","Official figure",""
"QCL","Crops and livestock products","634","Qatar","5510","Production","01199.90","Cereals n.e.c.","2022","2022","t","1","A","Official figure",""
"QCL","Crops and livestock products","634","Qatar","5510","Production","01199.90","Cereals n.e.c.","2023","2023","t","0","A","Official figure",""
"QCL","Crops and livestock products","634","Qatar","5510","Production","01199.90","Cereals n.e.c.","2024","2024","t","0","E","Estimated value",""
"QCL","Crops and livestock products","410","Republic of Korea","5510","Production","01199.90","Cereals n.e.c.","1961","1961","t","0","A","Official figure",""
"QCL","Crops and livestock products","410","Republic of Korea","5510","Production","01199.90","Cereals n.e.c.","1962","1962","t","0","A","Official figure",""
"QCL","Crops and livestock products","410","Republic of Korea","5510","Production","01199.90","Cereals n.e.c.","1963","1963","t","0","A","Official figure",""
"QCL","Crops and livestock products","410","Republic of Korea","5510","Production","01199.90","Cereals n.e.c.","1964","1964","t","0","A","Official figure",""
"QCL","Crops and livestock products","410","Republic of Korea","5510","Production","01199.90","Cereals n.e.c.","1965","1965","t","0","A","Official figure",""
"QCL","Crops and livestock products","410","Republic of Korea","5510","Production","01199.90","Cereals n.e.c.","1966","1966","t","0","A","Official figure",""
"QCL","Crops and livestock products","410","Republic of Korea","5510","Production","01199.90","Cereals n.e.c.","1967","1967","t","0","A","Official figure",""
"QCL","Crops and livestock products","410","Republic of Korea","5510","Production","01199.90","Cereals n.e.c.","1968","1968","t","0","A","Official figure",""
"QCL","Crops and livestock products","410","Republic of Korea","5510","Production","01199.90","Cereals n.e.c.","1969","1969","t","0","A","Official figure",""
"QCL","Crops and livestock products","410","Republic of Korea","5510","Production","01199.90","Cereals n.e.c.","1970","1970","t","0","A","Official figure",""
"QCL","Crops and livestock products","410","Republic of Korea","5510","Production","01199.90","Cereals n.e.c.","1971","1971","t","0","A","Official figure",""
"QCL","Crops and livestock products","410","Republic of Korea","5510","Production","01199.90","Cereals n.e.c.","1972","1972","t","0","A","Official figure",""
"QCL","Crops and livestock products","410","Republic of Korea","5510","Production","01199.90","Cereals n.e.c.","1973","1973","t","0","A","Official figure",""
"QCL","Crops and livestock products","410","Republic of Korea","5510","Production","01199.90","Cereals n.e.c.","1974","1974","t","200","E","Estimated value",""
"QCL","Crops and livestock products","410","Republic of Korea","5510","Production","01199.90","Cereals n.e.c.","1975","1975","t","590","A","Official figure",""
"QCL","Crops and livestock products","410","Republic of Korea","5510","Production","01199.90","Cereals n.e.c.","1976","1976","t","1040","A","Official figure",""
"QCL","Crops and livestock products","410","Republic of Korea","5510","Production","01199.90","Cereals n.e.c.","1977","1977","t","1788","A","Official figure",""
"QCL","Crops and livestock products","410","Republic of Korea","5510","Production","01199.90","Cereals n.e.c.","1978","1978","t","734","A","Official figure",""
"QCL","Crops and livestock products","410","Republic of Korea","5510","Production","01199.90","Cereals n.e.c.","1979","1979","t","841","A","Official figure",""
"QCL","Crops and livestock products","410","Republic of Korea","5510","Production","01199.90","Cereals n.e.c.","1980","1980","t","701","A","Official figure",""
"QCL","Crops and livestock products","410","Republic of Korea","5510","Production","01199.90","Cereals n.e.c.","1981","1981","t","681","A","Official figure",""
"QCL","Crops and livestock products","410","Republic of Korea","5510","Production","01199.90","Cereals n.e.c.","1982","1982","t","2313","A","Official figure",""
"QCL","Crops and livestock products","410","Republic of Korea","5510","Production","01199.90","Cereals n.e.c.","1983","1983","t","2007","A","Official figure",""
"QCL","Crops and livestock products","410","Republic of Korea","5510","Production","01199.90","Cereals n.e.c.","1984","1984","t","2085","A","Official figure",""
"QCL","Crops and livestock products","410","Republic of Korea","5510","Production","01199.90","Cereals n.e.c.","1985","1985","t","1277","A","Official figure",""
"QCL","Crops and livestock products","410","Republic of Korea","5510","Production","01199.90","Cereals n.e.c.","1986","1986","t","1837","A","Official figure",""
"QCL","Crops and livestock products","410","Republic of Korea","5510","Production","01199.90","Cereals n.e.c.","1987","1987","t","5352","A","Official figure",""
"QCL","Crops and livestock products","410","Republic of Korea","5510","Production","01199.90","Cereals n.e.c.","1988","1988","t","1425","A","Official figure",""
"QCL","Crops and livestock products","410","Republic of Korea","5510","Production","01199.90","Cereals n.e.c.","1989","1989","t","1644","A","Official figure",""
"QCL","Crops and livestock products","410","Republic of Korea","5510","Production","01199.90","Cereals n.e.c.","1990","1990","t","2169","A","Official figure",""
"QCL","Crops and livestock products","410","Republic of Korea","5510","Production","01199.90","Cereals n.e.c.","1991","1991","t","2207","A","Official figure",""
"QCL","Crops and livestock products","410","Republic of Korea","5510","Production","01199.90","Cereals n.e.c.","1992","1992","t","2138","A","Official figure",""
"QCL","Crops and livestock products","410","Republic of Korea","5510","Production","01199.90","Cereals n.e.c.","1993","1993","t","937","A","Official figure",""
"QCL","Crops and livestock products","410","Republic of Korea","5510","Production","01199.90","Cereals n.e.c.","1994","1994","t","975","A","Official figure",""
"QCL","Crops and livestock products","410","Republic of Korea","5510","Production","01199.90","Cereals n.e.c.","1995","1995","t","1859","A","Official figure",""
"QCL","Crops and livestock products","410","Republic of Korea","5510","Production","01199.90","Cereals n.e.c.","1996","1996","t","3071","A","Official figure",""
"QCL","Crops and livestock products","410","Republic of Korea","5510","Production","01199.90","Cereals n.e.c.","1997","1997","t","2305","A","Official figure",""
"QCL","Crops and livestock products","410","Republic of Korea","5510","Production","01199.90","Cereals n.e.c.","1998","1998","t","2676","A","Official figure",""
"QCL","Crops and livestock products","410","Republic of Korea","5510","Production","01199.90","Cereals n.e.c.","1999","1999","t","2151","A","Official figure",""
"QCL","Crops and livestock products","410","Republic of Korea","5510","Production","01199.90","Cereals n.e.c.","2000","2000","t","2918","A","Official figure",""
"QCL","Crops and livestock products","410","Republic of Korea","5510","Production","01199.90","Cereals n.e.c.","2001","2001","t","3922","A","Official figure",""
"QCL","Crops and livestock products","410","Republic of Korea","5510","Production","01199.90","Cereals n.e.c.","2002","2002","t","4121","A","Official figure",""
"QCL","Crops and livestock products","410","Republic of Korea","5510","Production","01199.90","Cereals n.e.c.","2003","2003","t","4042","A","Official figure",""
"QCL","Crops and livestock products","410","Republic of Korea","5510","Production","01199.90","Cereals n.e.c.","2004","2004","t","3469","A","Official figure",""
"QCL","Crops and livestock products","410","Republic of Korea","5510","Production","01199.90","Cereals n.e.c.","2005","2005","t","5196","A","Official figure",""
"QCL","Crops and livestock products","410","Republic of Korea","5510","Production","01199.90","Cereals n.e.c.","2006","2006","t","8152","A","Official figure",""
"QCL","Crops and livestock products","410","Republic of Korea","5510","Production","01199.90","Cereals n.e.c.","2007","2007","t","7620","A","Official figure",""
"QCL","Crops and livestock products","410","Republic of Korea","5510","Production","01199.90","Cereals n.e.c.","2008","2008","t","5557","A","Official figure",""
"QCL","Crops and livestock products","410","Republic of Korea","5510","Production","01199.90","Cereals n.e.c.","2009","2009","t","4905","A","Official figure",""
"QCL","Crops and livestock products","410","Republic of Korea","5510","Production","01199.90","Cereals n.e.c.","2010","2010","t","9075","A","Official figure",""
"QCL","Crops and livestock products","410","Republic of Korea","5510","Production","01199.90","Cereals n.e.c.","2011","2011","t","10441","A","Official figure",""
"QCL","Crops and livestock products","410","Republic of Korea","5510","Production","01199.90","Cereals n.e.c.","2012","2012","t","14993","A","Official figure",""
"QCL","Crops and livestock products","410","Republic of Korea","5510","Production","01199.90","Cereals n.e.c.","2013","2013","t","12634","A","Official figure",""
"QCL","Crops and livestock products","410","Republic of Korea","5510","Production","01199.90","Cereals n.e.c.","2014","2014","t","14967","A","Official figure",""
"QCL","Crops and livestock products","410","Republic of Korea","5510","Production","01199.90","Cereals n.e.c.","2015","2015","t","17723","A","Official figure",""
"QCL","Crops and livestock products","410","Republic of Korea","5510","Production","01199.90","Cereals n.e.c.","2016","2016","t","14074","A","Official figure",""
"QCL","Crops and livestock products","410","Republic of Korea","5510","Production","01199.90","Cereals n.e.c.","2017","2017","t","11756","A","Official figure",""
"QCL","Crops and livestock products","410","Republic of Korea","5510","Production","01199.90","Cereals n.e.c.","2018","2018","t","9738","A","Official figure",""
"QCL","Crops and livestock products","410","Republic of Korea","5510","Production","01199.90","Cereals n.e.c.","2019","2019","t","22039","A","Official figure",""
"QCL","Crops and livestock products","410","Republic of Korea","5510","Production","01199.90","Cereals n.e.c.","2020","2020","t","19677","A","Official figure",""
"QCL","Crops and livestock products","410","Republic of Korea","5510","Production","01199.90","Cereals n.e.c.","2021","2021","t","16205","A","Official figure",""
"QCL","Crops and livestock products","410","Republic of Korea","5510","Production","01199.90","Cereals n.e.c.","2022","2022","t","21882","A","Official figure",""
"QCL","Crops and livestock products","410","Republic of Korea","5510","Production","01199.90","Cereals n.e.c.","2023","2023","t","22020.23","I","Value imputed by a receiving agency",""
"QCL","Crops and livestock products","410","Republic of Korea","5510","Production","01199.90","Cereals n.e.c.","2024","2024","t","21538.24","I","Value imputed by a receiving agency",""
"QCL","Crops and livestock products","642","Romania","5510","Production","01199.90","Cereals n.e.c.","1961","1961","t","0","A","Official figure",""
"QCL","Crops and livestock products","642","Romania","5510","Production","01199.90","Cereals n.e.c.","1962","1962","t","0","A","Official figure",""
"QCL","Crops and livestock products","642","Romania","5510","Production","01199.90","Cereals n.e.c.","1963","1963","t","0","A","Official figure",""
"QCL","Crops and livestock products","642","Romania","5510","Production","01199.90","Cereals n.e.c.","1964","1964","t","0","A","Official figure",""
"QCL","Crops and livestock products","642","Romania","5510","Production","01199.90","Cereals n.e.c.","1965","1965","t","0","A","Official figure",""
"QCL","Crops and livestock products","642","Romania","5510","Production","01199.90","Cereals n.e.c.","1966","1966","t","0","A","Official figure",""
"QCL","Crops and livestock products","642","Romania","5510","Production","01199.90","Cereals n.e.c.","1967","1967","t","0","A","Official figure",""
"QCL","Crops and livestock products","642","Romania","5510","Production","01199.90","Cereals n.e.c.","1968","1968","t","0","A","Official figure",""
"QCL","Crops and livestock products","642","Romania","5510","Production","01199.90","Cereals n.e.c.","1969","1969","t","0","A","Official figure",""
"QCL","Crops and livestock products","642","Romania","5510","Production","01199.90","Cereals n.e.c.","1970","1970","t","0","A","Official figure",""
"QCL","Crops and livestock products","642","Romania","5510","Production","01199.90","Cereals n.e.c.","1971","1971","t","0","A","Official figure",""
"QCL","Crops and livestock products","642","Romania","5510","Production","01199.90","Cereals n.e.c.","1972","1972","t","0","A","Official figure",""
"QCL","Crops and livestock products","642","Romania","5510","Production","01199.90","Cereals n.e.c.","1973","1973","t","0","A","Official figure",""
"QCL","Crops and livestock products","642","Romania","5510","Production","01199.90","Cereals n.e.c.","1974","1974","t","0","A","Official figure",""
"QCL","Crops and livestock products","642","Romania","5510","Production","01199.90","Cereals n.e.c.","1975","1975","t","0","A","Official figure",""
"QCL","Crops and livestock products","642","Romania","5510","Production","01199.90","Cereals n.e.c.","1976","1976","t","0","A","Official figure",""
"QCL","Crops and livestock products","642","Romania","5510","Production","01199.90","Cereals n.e.c.","1977","1977","t","200","A","Official figure",""
"QCL","Crops and livestock products","642","Romania","5510","Production","01199.90","Cereals n.e.c.","1978","1978","t","100","A","Official figure",""
"QCL","Crops and livestock products","642","Romania","5510","Production","01199.90","Cereals n.e.c.","1979","1979","t","100","A","Official figure",""
"QCL","Crops and livestock products","642","Romania","5510","Production","01199.90","Cereals n.e.c.","1980","1980","t","100","A","Official figure",""
"QCL","Crops and livestock products","642","Romania","5510","Production","01199.90","Cereals n.e.c.","1981","1981","t","200","A","Official figure",""
"QCL","Crops and livestock products","642","Romania","5510","Production","01199.90","Cereals n.e.c.","1982","1982","t","600","A","Official figure",""
"QCL","Crops and livestock products","642","Romania","5510","Production","01199.90","Cereals n.e.c.","1983","1983","t","1000","A","Official figure",""
"QCL","Crops and livestock products","642","Romania","5510","Production","01199.90","Cereals n.e.c.","1984","1984","t","1500","A","Official figure",""
"QCL","Crops and livestock products","642","Romania","5510","Production","01199.90","Cereals n.e.c.","1985","1985","t","300","A","Official figure",""
"QCL","Crops and livestock products","642","Romania","5510","Production","01199.90","Cereals n.e.c.","1986","1986","t","200","A","Official figure",""
"QCL","Crops and livestock products","642","Romania","5510","Production","01199.90","Cereals n.e.c.","1987","1987","t","300","A","Official figure",""
"QCL","Crops and livestock products","642","Romania","5510","Production","01199.90","Cereals n.e.c.","1988","1988","t","300","E","Estimated value",""
"QCL","Crops and livestock products","642","Romania","5510","Production","01199.90","Cereals n.e.c.","1989","1989","t","330","E","Estimated value",""
"QCL","Crops and livestock products","642","Romania","5510","Production","01199.90","Cereals n.e.c.","1990","1990","t","1370","A","Official figure",""
"QCL","Crops and livestock products","642","Romania","5510","Production","01199.90","Cereals n.e.c.","1991","1991","t","4063","A","Official figure",""
"QCL","Crops and livestock products","642","Romania","5510","Production","01199.90","Cereals n.e.c.","1992","1992","t","3427","A","Official figure",""
"QCL","Crops and livestock products","642","Romania","5510","Production","01199.90","Cereals n.e.c.","1993","1993","t","2812","A","Official figure",""
"QCL","Crops and livestock products","642","Romania","5510","Production","01199.90","Cereals n.e.c.","1994","1994","t","1330","A","Official figure",""
"QCL","Crops and livestock products","642","Romania","5510","Production","01199.90","Cereals n.e.c.","1995","1995","t","1260","A","Official figure",""
"QCL","Crops and livestock products","642","Romania","5510","Production","01199.90","Cereals n.e.c.","1996","1996","t","2239","A","Official figure",""
"QCL","Crops and livestock products","642","Romania","5510","Production","01199.90","Cereals n.e.c.","1997","1997","t","1189","A","Official figure",""
"QCL","Crops and livestock products","642","Romania","5510","Production","01199.90","Cereals n.e.c.","1998","1998","t","1354","A","Official figure",""
"QCL","Crops and livestock products","642","Romania","5510","Production","01199.90","Cereals n.e.c.","1999","1999","t","1402","A","Official figure",""
"QCL","Crops and livestock products","642","Romania","5510","Production","01199.90","Cereals n.e.c.","2000","2000","t","354","A","Official figure",""
"QCL","Crops and livestock products","642","Romania","5510","Production","01199.90","Cereals n.e.c.","2001","2001","t","1465","A","Official figure",""
"QCL","Crops and livestock products","642","Romania","5510","Production","01199.90","Cereals n.e.c.","2002","2002","t","1660","A","Official figure",""
"QCL","Crops and livestock products","642","Romania","5510","Production","01199.90","Cereals n.e.c.","2003","2003","t","2383","A","Official figure",""
"QCL","Crops and livestock products","642","Romania","5510","Production","01199.90","Cereals n.e.c.","2004","2004","t","3280","A","Official figure",""
"QCL","Crops and livestock products","642","Romania","5510","Production","01199.90","Cereals n.e.c.","2005","2005","t","2741.46","I","Value imputed by a receiving agency",""
"QCL","Crops and livestock products","642","Romania","5510","Production","01199.90","Cereals n.e.c.","2006","2006","t","1802","A","Official figure",""
"QCL","Crops and livestock products","642","Romania","5510","Production","01199.90","Cereals n.e.c.","2007","2007","t","2327","A","Official figure",""
"QCL","Crops and livestock products","642","Romania","5510","Production","01199.90","Cereals n.e.c.","2008","2008","t","2853","A","Official figure",""
"QCL","Crops and livestock products","642","Romania","5510","Production","01199.90","Cereals n.e.c.","2009","2009","t","2206","A","Official figure",""
"QCL","Crops and livestock products","642","Romania","5510","Production","01199.90","Cereals n.e.c.","2010","2010","t","5878","A","Official figure",""
"QCL","Crops and livestock products","642","Romania","5510","Production","01199.90","Cereals n.e.c.","2011","2011","t","6293","A","Official figure",""
"QCL","Crops and livestock products","642","Romania","5510","Production","01199.90","Cereals n.e.c.","2012","2012","t","7169","A","Official figure",""
"QCL","Crops and livestock products","642","Romania","5510","Production","01199.90","Cereals n.e.c.","2013","2013","t","6264","A","Official figure",""
"QCL","Crops and livestock products","642","Romania","5510","Production","01199.90","Cereals n.e.c.","2014","2014","t","6951","A","Official figure",""
"QCL","Crops and livestock products","642","Romania","5510","Production","01199.90","Cereals n.e.c.","2015","2015","t","3784","A","Official figure",""
"QCL","Crops and livestock products","642","Romania","5510","Production","01199.90","Cereals n.e.c.","2016","2016","t","7365","A","Official figure",""
"QCL","Crops and livestock products","642","Romania","5510","Production","01199.90","Cereals n.e.c.","2017","2017","t","6016","A","Official figure",""
"QCL","Crops and livestock products","642","Romania","5510","Production","01199.90","Cereals n.e.c.","2018","2018","t","5490","A","Official figure",""
"QCL","Crops and livestock products","642","Romania","5510","Production","01199.90","Cereals n.e.c.","2019","2019","t","1400","A","Official figure",""
"QCL","Crops and livestock products","642","Romania","5510","Production","01199.90","Cereals n.e.c.","2020","2020","t","1390","A","Official figure",""
"QCL","Crops and livestock products","642","Romania","5510","Production","01199.90","Cereals n.e.c.","2021","2021","t","2730","A","Official figure",""
"QCL","Crops and livestock products","642","Romania","5510","Production","01199.90","Cereals n.e.c.","2022","2022","t","1870","A","Official figure",""
"QCL","Crops and livestock products","642","Romania","5510","Production","01199.90","Cereals n.e.c.","2023","2023","t","4060","A","Official figure",""
"QCL","Crops and livestock products","642","Romania","5510","Production","01199.90","Cereals n.e.c.","2024","2024","t","2290","A","Official figure",""
"QCL","Crops and livestock products","643","Russian Federation","5510","Production","01199.90","Cereals n.e.c.","1992","1992","t","20000","E","Estimated value",""
"QCL","Crops and livestock products","643","Russian Federation","5510","Production","01199.90","Cereals n.e.c.","1993","1993","t","30000","E","Estimated value",""
"QCL","Crops and livestock products","643","Russian Federation","5510","Production","01199.90","Cereals n.e.c.","1994","1994","t","31650.09","I","Value imputed by a receiving agency",""
"QCL","Crops and livestock products","643","Russian Federation","5510","Production","01199.90","Cereals n.e.c.","1995","1995","t","38000","X","Figure from external organization","Unofficial figure"
"QCL","Crops and livestock products","643","Russian Federation","5510","Production","01199.90","Cereals n.e.c.","1996","1996","t","42000","X","Figure from external organization","Unofficial figure"
"QCL","Crops and livestock products","643","Russian Federation","5510","Production","01199.90","Cereals n.e.c.","1997","1997","t","28000","X","Figure from external organization","Unofficial figure"
"QCL","Crops and livestock products","643","Russian Federation","5510","Production","01199.90","Cereals n.e.c.","1998","1998","t","36000","X","Figure from external organization","Unofficial figure"
"QCL","Crops and livestock products","643","Russian Federation","5510","Production","01199.90","Cereals n.e.c.","1999","1999","t","20000","X","Figure from external organization","Unofficial figure"
"QCL","Crops and livestock products","643","Russian Federation","5510","Production","01199.90","Cereals n.e.c.","2000","2000","t","19500","X","Figure from external organization","Unofficial figure"
"QCL","Crops and livestock products","643","Russian Federation","5510","Production","01199.90","Cereals n.e.c.","2001","2001","t","16000","X","Figure from external organization","Unofficial figure"
"QCL","Crops and livestock products","643","Russian Federation","5510","Production","01199.90","Cereals n.e.c.","2002","2002","t","15000","X","Figure from external organization","Unofficial figure"
"QCL","Crops and livestock products","643","Russian Federation","5510","Production","01199.90","Cereals n.e.c.","2003","2003","t","12000","X","Figure from external organization","Unofficial figure"
"QCL","Crops and livestock products","643","Russian Federation","5510","Production","01199.90","Cereals n.e.c.","2004","2004","t","15000","X","Figure from external organization","Unofficial figure"
"QCL","Crops and livestock products","643","Russian Federation","5510","Production","01199.90","Cereals n.e.c.","2005","2005","t","7000","X","Figure from external organization","Unofficial figure"
"QCL","Crops and livestock products","643","Russian Federation","5510","Production","01199.90","Cereals n.e.c.","2006","2006","t","21000","X","Figure from external organization","Unofficial figure"
"QCL","Crops and livestock products","643","Russian Federation","5510","Production","01199.90","Cereals n.e.c.","2007","2007","t","23000","X","Figure from external organization","Unofficial figure"
"QCL","Crops and livestock products","643","Russian Federation","5510","Production","01199.90","Cereals n.e.c.","2008","2008","t","33000","E","Estimated value",""
"QCL","Crops and livestock products","643","Russian Federation","5510","Production","01199.90","Cereals n.e.c.","2009","2009","t","34000","E","Estimated value",""
"QCL","Crops and livestock products","643","Russian Federation","5510","Production","01199.90","Cereals n.e.c.","2010","2010","t","30031.41","I","Value imputed by a receiving agency",""
"QCL","Crops and livestock products","643","Russian Federation","5510","Production","01199.90","Cereals n.e.c.","2011","2011","t","20750.18","I","Value imputed by a receiving agency",""
"QCL","Crops and livestock products","643","Russian Federation","5510","Production","01199.90","Cereals n.e.c.","2012","2012","t","18926.66","I","Value imputed by a receiving agency",""
"QCL","Crops and livestock products","643","Russian Federation","5510","Production","01199.90","Cereals n.e.c.","2013","2013","t","17522.67","I","Value imputed by a receiving agency",""
"QCL","Crops and livestock products","643","Russian Federation","5510","Production","01199.90","Cereals n.e.c.","2014","2014","t","16459.36","I","Value imputed by a receiving agency",""
"QCL","Crops and livestock products","643","Russian Federation","5510","Production","01199.90","Cereals n.e.c.","2015","2015","t","15388.24","I","Value imputed by a receiving agency",""
"QCL","Crops and livestock products","643","Russian Federation","5510","Production","01199.90","Cereals n.e.c.","2016","2016","t","16130.48","I","Value imputed by a receiving agency",""
"QCL","Crops and livestock products","643","Russian Federation","5510","Production","01199.90","Cereals n.e.c.","2017","2017","t","18155.67","I","Value imputed by a receiving agency",""
"QCL","Crops and livestock products","643","Russian Federation","5510","Production","01199.90","Cereals n.e.c.","2018","2018","t","19761.32","I","Value imputed by a receiving agency",""
"QCL","Crops and livestock products","643","Russian Federation","5510","Production","01199.90","Cereals n.e.c.","2019","2019","t","23000","E","Estimated value",""
"QCL","Crops and livestock products","643","Russian Federation","5510","Production","01199.90","Cereals n.e.c.","2020","2020","t","20784.59","I","Value imputed by a receiving agency",""
"QCL","Crops and livestock products","643","Russian Federation","5510","Production","01199.90","Cereals n.e.c.","2021","2021","t","20396.87","I","Value imputed by a receiving agency",""
"QCL","Crops and livestock products","643","Russian Federation","5510","Production","01199.90","Cereals n.e.c.","2022","2022","t","20000","E","Estimated value",""
"QCL","Crops and livestock products","643","Russian Federation","5510","Production","01199.90","Cereals n.e.c.","2023","2023","t","30000","E","Estimated value",""
"QCL","Crops and livestock products","643","Russian Federation","5510","Production","01199.90","Cereals n.e.c.","2024","2024","t","25987.87","I","Value imputed by a receiving agency",""
"QCL","Crops and livestock products","682","Saudi Arabia","5510","Production","01199.90","Cereals n.e.c.","2019","2019","t","","M","Missing value; data cannot exist",""
"QCL","Crops and livestock products","682","Saudi Arabia","5510","Production","01199.90","Cereals n.e.c.","2020","2020","t","69175","A","Official figure",""
"QCL","Crops and livestock products","682","Saudi Arabia","5510","Production","01199.90","Cereals n.e.c.","2021","2021","t","69729","A","Official figure",""
"QCL","Crops and livestock products","682","Saudi Arabia","5510","Production","01199.90","Cereals n.e.c.","2022","2022","t","73379","A","Official figure",""
"QCL","Crops and livestock products","682","Saudi Arabia","5510","Production","01199.90","Cereals n.e.c.","2023","2023","t","158371.49","A","Official figure",""
"QCL","Crops and livestock products","682","Saudi Arabia","5510","Production","01199.90","Cereals n.e.c.","2024","2024","t","92663.62","E","Estimated value",""
"QCL","Crops and livestock products","686","Senegal","5510","Production","01199.90","Cereals n.e.c.","1961","1961","t","6500","A","Official figure",""
"QCL","Crops and livestock products","686","Senegal","5510","Production","01199.90","Cereals n.e.c.","1962","1962","t","6000","A","Official figure",""
"QCL","Crops and livestock products","686","Senegal","5510","Production","01199.90","Cereals n.e.c.","1963","1963","t","5500","A","Official figure",""
"QCL","Crops and livestock products","686","Senegal","5510","Production","01199.90","Cereals n.e.c.","1964","1964","t","3000","A","Official figure",""
"QCL","Crops and livestock products","686","Senegal","5510","Production","01199.90","Cereals n.e.c.","1965","1965","t","3000","A","Official figure",""
"QCL","Crops and livestock products","686","Senegal","5510","Production","01199.90","Cereals n.e.c.","1966","1966","t","4700","A","Official figure",""
"QCL","Crops and livestock products","686","Senegal","5510","Production","01199.90","Cereals n.e.c.","1967","1967","t","6100","A","Official figure",""
"QCL","Crops and livestock products","686","Senegal","5510","Production","01199.90","Cereals n.e.c.","1968","1968","t","3400","A","Official figure",""
"QCL","Crops and livestock products","686","Senegal","5510","Production","01199.90","Cereals n.e.c.","1969","1969","t","4370","A","Official figure",""
"QCL","Crops and livestock products","686","Senegal","5510","Production","01199.90","Cereals n.e.c.","1970","1970","t","3391","A","Official figure",""
"QCL","Crops and livestock products","686","Senegal","5510","Production","01199.90","Cereals n.e.c.","1971","1971","t","4200","A","Official figure",""
"QCL","Crops and livestock products","686","Senegal","5510","Production","01199.90","Cereals n.e.c.","1972","1972","t","4200","A","Official figure",""
"QCL","Crops and livestock products","686","Senegal","5510","Production","01199.90","Cereals n.e.c.","1973","1973","t","2528","A","Official figure",""
"QCL","Crops and livestock products","686","Senegal","5510","Production","01199.90","Cereals n.e.c.","1974","1974","t","3908","A","Official figure",""
"QCL","Crops and livestock products","686","Senegal","5510","Production","01199.90","Cereals n.e.c.","1975","1975","t","3943","A","Official figure",""
"QCL","Crops and livestock products","686","Senegal","5510","Production","01199.90","Cereals n.e.c.","1976","1976","t","3900","A","Official figure",""
"QCL","Crops and livestock products","686","Senegal","5510","Production","01199.90","Cereals n.e.c.","1977","1977","t","2604","A","Official figure",""
"QCL","Crops and livestock products","686","Senegal","5510","Production","01199.90","Cereals n.e.c.","1978","1978","t","2673","A","Official figure",""
"QCL","Crops and livestock products","686","Senegal","5510","Production","01199.90","Cereals n.e.c.","1979","1979","t","1327","A","Official figure",""
"QCL","Crops and livestock products","686","Senegal","5510","Production","01199.90","Cereals n.e.c.","1980","1980","t","1500","E","Estimated value",""
"QCL","Crops and livestock products","686","Senegal","5510","Production","01199.90","Cereals n.e.c.","1981","1981","t","1500","E","Estimated value",""
"QCL","Crops and livestock products","686","Senegal","5510","Production","01199.90","Cereals n.e.c.","1982","1982","t","1500","E","Estimated value",""
"QCL","Crops and livestock products","686","Senegal","5510","Production","01199.90","Cereals n.e.c.","1983","1983","t","2000","E","Estimated value",""
"QCL","Crops and livestock products","686","Senegal","5510","Production","01199.90","Cereals n.e.c.","1984","1984","t","4000","E","Estimated value",""
"QCL","Crops and livestock products","686","Senegal","5510","Production","01199.90","Cereals n.e.c.","1985","1985","t","4883","A","Official figure",""
"QCL","Crops and livestock products","686","Senegal","5510","Production","01199.90","Cereals n.e.c.","1986","1986","t","2641","A","Official figure",""
"QCL","Crops and livestock products","686","Senegal","5510","Production","01199.90","Cereals n.e.c.","1987","1987","t","3175","A","Official figure",""
"QCL","Crops and livestock products","686","Senegal","5510","Production","01199.90","Cereals n.e.c.","1988","1988","t","2968","X","Figure from external organization","Unofficial figure"
"QCL","Crops and livestock products","686","Senegal","5510","Production","01199.90","Cereals n.e.c.","1989","1989","t","1402","A","Official figure",""
"QCL","Crops and livestock products","686","Senegal","5510","Production","01199.90","Cereals n.e.c.","1990","1990","t","690","A","Official figure",""
"QCL","Crops and livestock products","686","Senegal","5510","Production","01199.90","Cereals n.e.c.","1991","1991","t","","M","Missing value; data cannot exist",""
"QCL","Crops and livestock products","686","Senegal","5510","Production","01199.90","Cereals n.e.c.","1992","1992","t","","M","Missing value; data cannot exist",""
"QCL","Crops and livestock products","686","Senegal","5510","Production","01199.90","Cereals n.e.c.","1993","1993","t","","M","Missing value; data cannot exist",""
"QCL","Crops and livestock products","686","Senegal","5510","Production","01199.90","Cereals n.e.c.","1994","1994","t","","M","Missing value; data cannot exist",""
"QCL","Crops and livestock products","686","Senegal","5510","Production","01199.90","Cereals n.e.c.","1995","1995","t","","M","Missing value; data cannot exist",""
"QCL","Crops and livestock products","686","Senegal","5510","Production","01199.90","Cereals n.e.c.","1996","1996","t","","M","Missing value; data cannot exist",""
"QCL","Crops and livestock products","686","Senegal","5510","Production","01199.90","Cereals n.e.c.","1997","1997","t","","M","Missing value; data cannot exist",""
"QCL","Crops and livestock products","686","Senegal","5510","Production","01199.90","Cereals n.e.c.","1998","1998","t","","M","Missing value; data cannot exist",""
"QCL","Crops and livestock products","686","Senegal","5510","Production","01199.90","Cereals n.e.c.","1999","1999","t","","M","Missing value; data cannot exist",""
"QCL","Crops and livestock products","686","Senegal","5510","Production","01199.90","Cereals n.e.c.","2000","2000","t","","M","Missing value; data cannot exist",""
"QCL","Crops and livestock products","686","Senegal","5510","Production","01199.90","Cereals n.e.c.","2001","2001","t","","M","Missing value; data cannot exist",""
"QCL","Crops and livestock products","686","Senegal","5510","Production","01199.90","Cereals n.e.c.","2002","2002","t","","M","Missing value; data cannot exist",""
"QCL","Crops and livestock products","686","Senegal","5510","Production","01199.90","Cereals n.e.c.","2003","2003","t","","M","Missing value; data cannot exist",""
"QCL","Crops and livestock products","686","Senegal","5510","Production","01199.90","Cereals n.e.c.","2004","2004","t","","M","Missing value; data cannot exist",""
"QCL","Crops and livestock products","686","Senegal","5510","Production","01199.90","Cereals n.e.c.","2005","2005","t","","M","Missing value; data cannot exist",""
"QCL","Crops and livestock products","686","Senegal","5510","Production","01199.90","Cereals n.e.c.","2006","2006","t","","M","Missing value; data cannot exist",""
"QCL","Crops and livestock products","686","Senegal","5510","Production","01199.90","Cereals n.e.c.","2007","2007","t","","M","Missing value; data cannot exist",""
"QCL","Crops and livestock products","686","Senegal","5510","Production","01199.90","Cereals n.e.c.","2008","2008","t","","M","Missing value; data cannot exist",""
"QCL","Crops and livestock products","686","Senegal","5510","Production","01199.90","Cereals n.e.c.","2009","2009","t","","M","Missing value; data cannot exist",""
"QCL","Crops and livestock products","686","Senegal","5510","Production","01199.90","Cereals n.e.c.","2010","2010","t","","M","Missing value; data cannot exist",""
"QCL","Crops and livestock products","686","Senegal","5510","Production","01199.90","Cereals n.e.c.","2011","2011","t","","M","Missing value; data cannot exist",""
"QCL","Crops and livestock products","686","Senegal","5510","Production","01199.90","Cereals n.e.c.","2012","2012","t","","M","Missing value; data cannot exist",""
"QCL","Crops and livestock products","686","Senegal","5510","Production","01199.90","Cereals n.e.c.","2013","2013","t","","M","Missing value; data cannot exist",""
"QCL","Crops and livestock products","686","Senegal","5510","Production","01199.90","Cereals n.e.c.","2014","2014","t","","M","Missing value; data cannot exist",""
"QCL","Crops and livestock products","686","Senegal","5510","Production","01199.90","Cereals n.e.c.","2015","2015","t","","M","Missing value; data cannot exist",""
"QCL","Crops and livestock products","686","Senegal","5510","Production","01199.90","Cereals n.e.c.","2016","2016","t","","M","Missing value; data cannot exist",""
"QCL","Crops and livestock products","686","Senegal","5510","Production","01199.90","Cereals n.e.c.","2017","2017","t","","M","Missing value; data cannot exist",""
"QCL","Crops and livestock products","686","Senegal","5510","Production","01199.90","Cereals n.e.c.","2018","2018","t","","M","Missing value; data cannot exist",""
"QCL","Crops and livestock products","686","Senegal","5510","Production","01199.90","Cereals n.e.c.","2019","2019","t","","M","Missing value; data cannot exist",""
"QCL","Crops and livestock products","686","Senegal","5510","Production","01199.90","Cereals n.e.c.","2020","2020","t","","M","Missing value; data cannot exist",""
"QCL","Crops and livestock products","686","Senegal","5510","Production","01199.90","Cereals n.e.c.","2021","2021","t","","M","Missing value; data cannot exist",""
"QCL","Crops and livestock products","686","Senegal","5510","Production","01199.90","Cereals n.e.c.","2022","2022","t","","M","Missing value; data cannot exist",""
"QCL","Crops and livestock products","686","Senegal","5510","Production","01199.90","Cereals n.e.c.","2023","2023","t","","M","Missing value; data cannot exist",""
"QCL","Crops and livestock products","686","Senegal","5510","Production","01199.90","Cereals n.e.c.","2024","2024","t","","M","Missing value; data cannot exist",""
"QCL","Crops and livestock products","688","Serbia","5510","Production","01199.90","Cereals n.e.c.","2006","2006","t","1000","E","Estimated value",""
"QCL","Crops and livestock products","688","Serbia","5510","Production","01199.90","Cereals n.e.c.","2007","2007","t","1000","E","Estimated value",""
"QCL","Crops and livestock products","688","Serbia","5510","Production","01199.90","Cereals n.e.c.","2008","2008","t","1000","E","Estimated value",""
"QCL","Crops and livestock products","688","Serbia","5510","Production","01199.90","Cereals n.e.c.","2009","2009","t","3700","E","Estimated value",""
"QCL","Crops and livestock products","688","Serbia","5510","Production","01199.90","Cereals n.e.c.","2010","2010","t","3000","E","Estimated value",""
"QCL","Crops and livestock products","688","Serbia","5510","Production","01199.90","Cereals n.e.c.","2011","2011","t","4800","E","Estimated value",""
"QCL","Crops and livestock products","688","Serbia","5510","Production","01199.90","Cereals n.e.c.","2012","2012","t","7000","E","Estimated value",""
"QCL","Crops and livestock products","688","Serbia","5510","Production","01199.90","Cereals n.e.c.","2013","2013","t","7000","E","Estimated value",""
"QCL","Crops and livestock products","688","Serbia","5510","Production","01199.90","Cereals n.e.c.","2014","2014","t","8490.41","I","Value imputed by a receiving agency",""
"QCL","Crops and livestock products","688","Serbia","5510","Production","01199.90","Cereals n.e.c.","2015","2015","t","10217","A","Official figure",""
"QCL","Crops and livestock products","688","Serbia","5510","Production","01199.90","Cereals n.e.c.","2016","2016","t","15181","A","Official figure",""
"QCL","Crops and livestock products","688","Serbia","5510","Production","01199.90","Cereals n.e.c.","2017","2017","t","14501","A","Official figure",""
"QCL","Crops and livestock products","688","Serbia","5510","Production","01199.90","Cereals n.e.c.","2018","2018","t","10986","A","Official figure",""
"QCL","Crops and livestock products","688","Serbia","5510","Production","01199.90","Cereals n.e.c.","2019","2019","t","12537.13","A","Official figure",""
"QCL","Crops and livestock products","688","Serbia","5510","Production","01199.90","Cereals n.e.c.","2020","2020","t","17568.13","A","Official figure",""
"QCL","Crops and livestock products","688","Serbia","5510","Production","01199.90","Cereals n.e.c.","2021","2021","t","12611","A","Official figure",""
"QCL","Crops and livestock products","688","Serbia","5510","Production","01199.90","Cereals n.e.c.","2022","2022","t","10822","A","Official figure",""
"QCL","Crops and livestock products","688","Serbia","5510","Production","01199.90","Cereals n.e.c.","2023","2023","t","12413.63","A","Official figure",""
"QCL","Crops and livestock products","688","Serbia","5510","Production","01199.90","Cereals n.e.c.","2024","2024","t","12823.76","A","Official figure",""
"QCL","Crops and livestock products","694","Sierra Leone","5510","Production","01199.90","Cereals n.e.c.","1961","1961","t","800","E","Estimated value",""
"QCL","Crops and livestock products","694","Sierra Leone","5510","Production","01199.90","Cereals n.e.c.","1962","1962","t","850","E","Estimated value",""
"QCL","Crops and livestock products","694","Sierra Leone","5510","Production","01199.90","Cereals n.e.c.","1963","1963","t","850","E","Estimated value",""
"QCL","Crops and livestock products","694","Sierra Leone","5510","Production","01199.90","Cereals n.e.c.","1964","1964","t","900","E","Estimated value",""
"QCL","Crops and livestock products","694","Sierra Leone","5510","Production","01199.90","Cereals n.e.c.","1965","1965","t","950","E","Estimated value",""
"QCL","Crops and livestock products","694","Sierra Leone","5510","Production","01199.90","Cereals n.e.c.","1966","1966","t","1000","E","Estimated value",""
"QCL","Crops and livestock products","694","Sierra Leone","5510","Production","01199.90","Cereals n.e.c.","1967","1967","t","950","E","Estimated value",""
"QCL","Crops and livestock products","694","Sierra Leone","5510","Production","01199.90","Cereals n.e.c.","1968","1968","t","950","E","Estimated value",""
"QCL","Crops and livestock products","694","Sierra Leone","5510","Production","01199.90","Cereals n.e.c.","1969","1969","t","950","E","Estimated value",""
"QCL","Crops and livestock products","694","Sierra Leone","5510","Production","01199.90","Cereals n.e.c.","1970","1970","t","923","A","Official figure",""
"QCL","Crops and livestock products","694","Sierra Leone","5510","Production","01199.90","Cereals n.e.c.","1971","1971","t","850","E","Estimated value",""
"QCL","Crops and livestock products","694","Sierra Leone","5510","Production","01199.90","Cereals n.e.c.","1972","1972","t","800","E","Estimated value",""
"QCL","Crops and livestock products","694","Sierra Leone","5510","Production","01199.90","Cereals n.e.c.","1973","1973","t","800","E","Estimated value",""
"QCL","Crops and livestock products","694","Sierra Leone","5510","Production","01199.90","Cereals n.e.c.","1974","1974","t","850","E","Estimated value",""
"QCL","Crops and livestock products","694","Sierra Leone","5510","Production","01199.90","Cereals n.e.c.","1975","1975","t","850","E","Estimated value",""
"QCL","Crops and livestock products","694","Sierra Leone","5510","Production","01199.90","Cereals n.e.c.","1976","1976","t","850","E","Estimated value",""
"QCL","Crops and livestock products","694","Sierra Leone","5510","Production","01199.90","Cereals n.e.c.","1977","1977","t","900","E","Estimated value",""
"QCL","Crops and livestock products","694","Sierra Leone","5510","Production","01199.90","Cereals n.e.c.","1978","1978","t","900","E","Estimated value",""
"QCL","Crops and livestock products","694","Sierra Leone","5510","Production","01199.90","Cereals n.e.c.","1979","1979","t","1000","E","Estimated value",""
"QCL","Crops and livestock products","694","Sierra Leone","5510","Production","01199.90","Cereals n.e.c.","1980","1980","t","1100","E","Estimated value",""
"QCL","Crops and livestock products","694","Sierra Leone","5510","Production","01199.90","Cereals n.e.c.","1981","1981","t","1100","E","Estimated value",""
"QCL","Crops and livestock products","694","Sierra Leone","5510","Production","01199.90","Cereals n.e.c.","1982","1982","t","1150","E","Estimated value",""
"QCL","Crops and livestock products","694","Sierra Leone","5510","Production","01199.90","Cereals n.e.c.","1983","1983","t","1150","E","Estimated value",""
"QCL","Crops and livestock products","694","Sierra Leone","5510","Production","01199.90","Cereals n.e.c.","1984","1984","t","1100","E","Estimated value",""
"QCL","Crops and livestock products","694","Sierra Leone","5510","Production","01199.90","Cereals n.e.c.","1985","1985","t","1150","E","Estimated value",""
"QCL","Crops and livestock products","694","Sierra Leone","5510","Production","01199.90","Cereals n.e.c.","1986","1986","t","1150","E","Estimated value",""
"QCL","Crops and livestock products","694","Sierra Leone","5510","Production","01199.90","Cereals n.e.c.","1987","1987","t","1150","E","Estimated value",""
"QCL","Crops and livestock products","694","Sierra Leone","5510","Production","01199.90","Cereals n.e.c.","1988","1988","t","1100","A","Official figure",""
"QCL","Crops and livestock products","694","Sierra Leone","5510","Production","01199.90","Cereals n.e.c.","1989","1989","t","1200","A","Official figure",""
"QCL","Crops and livestock products","694","Sierra Leone","5510","Production","01199.90","Cereals n.e.c.","1990","1990","t","1200","A","Official figure",""
"QCL","Crops and livestock products","694","Sierra Leone","5510","Production","01199.90","Cereals n.e.c.","1991","1991","t","1200","A","Official figure",""
"QCL","Crops and livestock products","694","Sierra Leone","5510","Production","01199.90","Cereals n.e.c.","1992","1992","t","1200","A","Official figure",""
"QCL","Crops and livestock products","694","Sierra Leone","5510","Production","01199.90","Cereals n.e.c.","1993","1993","t","1140","A","Official figure",""
"QCL","Crops and livestock products","694","Sierra Leone","5510","Production","01199.90","Cereals n.e.c.","1994","1994","t","3000","A","Official figure",""
"QCL","Crops and livestock products","694","Sierra Leone","5510","Production","01199.90","Cereals n.e.c.","1995","1995","t","2000","A","Official figure",""
"QCL","Crops and livestock products","694","Sierra Leone","5510","Production","01199.90","Cereals n.e.c.","1996","1996","t","2500","A","Official figure",""
"QCL","Crops and livestock products","694","Sierra Leone","5510","Production","01199.90","Cereals n.e.c.","1997","1997","t","2900","A","Official figure",""
"QCL","Crops and livestock products","694","Sierra Leone","5510","Production","01199.90","Cereals n.e.c.","1998","1998","t","2100","A","Official figure",""
"QCL","Crops and livestock products","694","Sierra Leone","5510","Production","01199.90","Cereals n.e.c.","1999","1999","t","1900","A","Official figure",""
"QCL","Crops and livestock products","694","Sierra Leone","5510","Production","01199.90","Cereals n.e.c.","2000","2000","t","2700","X","Figure from external organization","Unofficial figure"
"QCL","Crops and livestock products","694","Sierra Leone","5510","Production","01199.90","Cereals n.e.c.","2001","2001","t","3100","X","Figure from external organization","Unofficial figure"
"QCL","Crops and livestock products","694","Sierra Leone","5510","Production","01199.90","Cereals n.e.c.","2002","2002","t","3300","X","Figure from external organization","Unofficial figure"
"QCL","Crops and livestock products","694","Sierra Leone","5510","Production","01199.90","Cereals n.e.c.","2003","2003","t","3400","E","Estimated value",""
"QCL","Crops and livestock products","694","Sierra Leone","5510","Production","01199.90","Cereals n.e.c.","2004","2004","t","3500","E","Estimated value",""
"QCL","Crops and livestock products","694","Sierra Leone","5510","Production","01199.90","Cereals n.e.c.","2005","2005","t","4640","E","Estimated value",""
"QCL","Crops and livestock products","694","Sierra Leone","5510","Production","01199.90","Cereals n.e.c.","2006","2006","t","4800","E","Estimated value",""
"QCL","Crops and livestock products","694","Sierra Leone","5510","Production","01199.90","Cereals n.e.c.","2007","2007","t","6400","E","Estimated value",""
"QCL","Crops and livestock products","694","Sierra Leone","5510","Production","01199.90","Cereals n.e.c.","2008","2008","t","8000","E","Estimated value",""
"QCL","Crops and livestock products","694","Sierra Leone","5510","Production","01199.90","Cereals n.e.c.","2009","2009","t","7776.54","I","Value imputed by a receiving agency",""
"QCL","Crops and livestock products","694","Sierra Leone","5510","Production","01199.90","Cereals n.e.c.","2010","2010","t","8178.6","I","Value imputed by a receiving agency",""
"QCL","Crops and livestock products","694","Sierra Leone","5510","Production","01199.90","Cereals n.e.c.","2011","2011","t","8406.07","I","Value imputed by a receiving agency",""
"QCL","Crops and livestock products","694","Sierra Leone","5510","Production","01199.90","Cereals n.e.c.","2012","2012","t","8883.79","I","Value imputed by a receiving agency",""
"QCL","Crops and livestock products","694","Sierra Leone","5510","Production","01199.90","Cereals n.e.c.","2013","2013","t","9151.54","I","Value imputed by a receiving agency",""
"QCL","Crops and livestock products","694","Sierra Leone","5510","Production","01199.90","Cereals n.e.c.","2014","2014","t","9617.47","I","Value imputed by a receiving agency",""
"QCL","Crops and livestock products","694","Sierra Leone","5510","Production","01199.90","Cereals n.e.c.","2015","2015","t","10453.99","I","Value imputed by a receiving agency",""
"QCL","Crops and livestock products","694","Sierra Leone","5510","Production","01199.90","Cereals n.e.c.","2016","2016","t","9741","E","Estimated value",""
"QCL","Crops and livestock products","694","Sierra Leone","5510","Production","01199.90","Cereals n.e.c.","2017","2017","t","9995.63","I","Value imputed by a receiving agency",""
"QCL","Crops and livestock products","694","Sierra Leone","5510","Production","01199.90","Cereals n.e.c.","2018","2018","t","10219.14","I","Value imputed by a receiving agency",""
"QCL","Crops and livestock products","694","Sierra Leone","5510","Production","01199.90","Cereals n.e.c.","2019","2019","t","10397.17","I","Value imputed by a receiving agency",""
"QCL","Crops and livestock products","694","Sierra Leone","5510","Production","01199.90","Cereals n.e.c.","2020","2020","t","11645.95","I","Value imputed by a receiving agency",""
"QCL","Crops and livestock products","694","Sierra Leone","5510","Production","01199.90","Cereals n.e.c.","2021","2021","t","12910.78","I","Value imputed by a receiving agency",""
"QCL","Crops and livestock products","694","Sierra Leone","5510","Production","01199.90","Cereals n.e.c.","2022","2022","t","13941.45","I","Value imputed by a receiving agency",""
"QCL","Crops and livestock products","694","Sierra Leone","5510","Production","01199.90","Cereals n.e.c.","2023","2023","t","16365.91","A","Official figure",""
"QCL","Crops and livestock products","694","Sierra Leone","5510","Production","01199.90","Cereals n.e.c.","2024","2024","t","15905.76","I","Value imputed by a receiving agency",""
"QCL","Crops and livestock products","703","Slovakia","5510","Production","01199.90","Cereals n.e.c.","1993","1993","t","500","E","Estimated value",""
"QCL","Crops and livestock products","703","Slovakia","5510","Production","01199.90","Cereals n.e.c.","1994","1994","t","819.36","I","Value imputed by a receiving agency",""
"QCL","Crops and livestock products","703","Slovakia","5510","Production","01199.90","Cereals n.e.c.","1995","1995","t","807.67","I","Value imputed by a receiving agency",""
"QCL","Crops and livestock products","703","Slovakia","5510","Production","01199.90","Cereals n.e.c.","1996","1996","t","796.73","I","Value imputed by a receiving agency",""
"QCL","Crops and livestock products","703","Slovakia","5510","Production","01199.90","Cereals n.e.c.","1997","1997","t","600","E","Estimated value",""
"QCL","Crops and livestock products","703","Slovakia","5510","Production","01199.90","Cereals n.e.c.","1998","1998","t","813.64","I","Value imputed by a receiving agency",""
"QCL","Crops and livestock products","703","Slovakia","5510","Production","01199.90","Cereals n.e.c.","1999","1999","t","1200","E","Estimated value",""
"QCL","Crops and livestock products","703","Slovakia","5510","Production","01199.90","Cereals n.e.c.","2000","2000","t","1800","E","Estimated value",""
"QCL","Crops and livestock products","703","Slovakia","5510","Production","01199.90","Cereals n.e.c.","2001","2001","t","1000","E","Estimated value",""
"QCL","Crops and livestock products","703","Slovakia","5510","Production","01199.90","Cereals n.e.c.","2002","2002","t","1850","E","Estimated value",""
"QCL","Crops and livestock products","703","Slovakia","5510","Production","01199.90","Cereals n.e.c.","2003","2003","t","900","E","Estimated value",""
"QCL","Crops and livestock products","703","Slovakia","5510","Production","01199.90","Cereals n.e.c.","2004","2004","t","4241","A","Official figure",""
"QCL","Crops and livestock products","703","Slovakia","5510","Production","01199.90","Cereals n.e.c.","2005","2005","t","251","A","Official figure",""
"QCL","Crops and livestock products","703","Slovakia","5510","Production","01199.90","Cereals n.e.c.","2006","2006","t","99","A","Official figure",""
"QCL","Crops and livestock products","703","Slovakia","5510","Production","01199.90","Cereals n.e.c.","2007","2007","t","557","A","Official figure",""
"QCL","Crops and livestock products","703","Slovakia","5510","Production","01199.90","Cereals n.e.c.","2008","2008","t","227","A","Official figure",""
"QCL","Crops and livestock products","703","Slovakia","5510","Production","01199.90","Cereals n.e.c.","2009","2009","t","3098","A","Official figure",""
"QCL","Crops and livestock products","703","Slovakia","5510","Production","01199.90","Cereals n.e.c.","2010","2010","t","250","E","Estimated value",""
"QCL","Crops and livestock products","703","Slovakia","5510","Production","01199.90","Cereals n.e.c.","2011","2011","t","60","E","Estimated value",""
"QCL","Crops and livestock products","703","Slovakia","5510","Production","01199.90","Cereals n.e.c.","2012","2012","t","27","A","Official figure",""
"QCL","Crops and livestock products","703","Slovakia","5510","Production","01199.90","Cereals n.e.c.","2013","2013","t","19","A","Official figure",""
"QCL","Crops and livestock products","703","Slovakia","5510","Production","01199.90","Cereals n.e.c.","2014","2014","t","120","A","Official figure",""
"QCL","Crops and livestock products","703","Slovakia","5510","Production","01199.90","Cereals n.e.c.","2015","2015","t","15","A","Official figure",""
"QCL","Crops and livestock products","703","Slovakia","5510","Production","01199.90","Cereals n.e.c.","2016","2016","t","158","A","Official figure",""
"QCL","Crops and livestock products","703","Slovakia","5510","Production","01199.90","Cereals n.e.c.","2017","2017","t","342","A","Official figure",""
"QCL","Crops and livestock products","703","Slovakia","5510","Production","01199.90","Cereals n.e.c.","2018","2018","t","1880","A","Official figure",""
"QCL","Crops and livestock products","703","Slovakia","5510","Production","01199.90","Cereals n.e.c.","2019","2019","t","1840","A","Official figure",""
"QCL","Crops and livestock products","703","Slovakia","5510","Production","01199.90","Cereals n.e.c.","2020","2020","t","1750","A","Official figure",""
"QCL","Crops and livestock products","703","Slovakia","5510","Production","01199.90","Cereals n.e.c.","2021","2021","t","2020","A","Official figure",""
"QCL","Crops and livestock products","703","Slovakia","5510","Production","01199.90","Cereals n.e.c.","2022","2022","t","1830","A","Official figure",""
"QCL","Crops and livestock products","703","Slovakia","5510","Production","01199.90","Cereals n.e.c.","2023","2023","t","3180","A","Official figure",""
"QCL","Crops and livestock products","703","Slovakia","5510","Production","01199.90","Cereals n.e.c.","2024","2024","t","1810","A","Official figure",""
"QCL","Crops and livestock products","705","Slovenia","5510","Production","01199.90","Cereals n.e.c.","1992","1992","t","189","A","Official figure",""
"QCL","Crops and livestock products","705","Slovenia","5510","Production","01199.90","Cereals n.e.c.","1993","1993","t","114","A","Official figure",""
"QCL","Crops and livestock products","705","Slovenia","5510","Production","01199.90","Cereals n.e.c.","1994","1994","t","60","A","Official figure",""
"QCL","Crops and livestock products","705","Slovenia","5510","Production","01199.90","Cereals n.e.c.","1995","1995","t","199","A","Official figure",""
"QCL","Crops and livestock products","705","Slovenia","5510","Production","01199.90","Cereals n.e.c.","1996","1996","t","271","A","Official figure",""
"QCL","Crops and livestock products","705","Slovenia","5510","Production","01199.90","Cereals n.e.c.","1997","1997","t","135","A","Official figure",""
"QCL","Crops and livestock products","705","Slovenia","5510","Production","01199.90","Cereals n.e.c.","1998","1998","t","150","A","Official figure",""
"QCL","Crops and livestock products","705","Slovenia","5510","Production","01199.90","Cereals n.e.c.","1999","1999","t","131","A","Official figure",""
"QCL","Crops and livestock products","705","Slovenia","5510","Production","01199.90","Cereals n.e.c.","2000","2000","t","142","A","Official figure",""
"QCL","Crops and livestock products","705","Slovenia","5510","Production","01199.90","Cereals n.e.c.","2001","2001","t","395","A","Official figure",""
"QCL","Crops and livestock products","705","Slovenia","5510","Production","01199.90","Cereals n.e.c.","2002","2002","t","95","A","Official figure",""
"QCL","Crops and livestock products","705","Slovenia","5510","Production","01199.90","Cereals n.e.c.","2003","2003","t","210","A","Official figure",""
"QCL","Crops and livestock products","705","Slovenia","5510","Production","01199.90","Cereals n.e.c.","2004","2004","t","211","A","Official figure",""
"QCL","Crops and livestock products","705","Slovenia","5510","Production","01199.90","Cereals n.e.c.","2005","2005","t","669","A","Official figure",""
"QCL","Crops and livestock products","705","Slovenia","5510","Production","01199.90","Cereals n.e.c.","2006","2006","t","1243","A","Official figure",""
"QCL","Crops and livestock products","705","Slovenia","5510","Production","01199.90","Cereals n.e.c.","2007","2007","t","995","A","Official figure",""
"QCL","Crops and livestock products","705","Slovenia","5510","Production","01199.90","Cereals n.e.c.","2008","2008","t","1273","A","Official figure",""
"QCL","Crops and livestock products","705","Slovenia","5510","Production","01199.90","Cereals n.e.c.","2009","2009","t","1284","A","Official figure",""
"QCL","Crops and livestock products","705","Slovenia","5510","Production","01199.90","Cereals n.e.c.","2010","2010","t","545","A","Official figure",""
"QCL","Crops and livestock products","705","Slovenia","5510","Production","01199.90","Cereals n.e.c.","2011","2011","t","849","A","Official figure",""
"QCL","Crops and livestock products","705","Slovenia","5510","Production","01199.90","Cereals n.e.c.","2012","2012","t","989","A","Official figure",""
"QCL","Crops and livestock products","705","Slovenia","5510","Production","01199.90","Cereals n.e.c.","2013","2013","t","1166","A","Official figure",""
"QCL","Crops and livestock products","705","Slovenia","5510","Production","01199.90","Cereals n.e.c.","2014","2014","t","2171","A","Official figure",""
"QCL","Crops and livestock products","705","Slovenia","5510","Production","01199.90","Cereals n.e.c.","2015","2015","t","1254","A","Official figure",""
"QCL","Crops and livestock products","705","Slovenia","5510","Production","01199.90","Cereals n.e.c.","2016","2016","t","840","A","Official figure",""
"QCL","Crops and livestock products","705","Slovenia","5510","Production","01199.90","Cereals n.e.c.","2017","2017","t","671","A","Official figure",""
"QCL","Crops and livestock products","705","Slovenia","5510","Production","01199.90","Cereals n.e.c.","2018","2018","t","4710","A","Official figure",""
"QCL","Crops and livestock products","705","Slovenia","5510","Production","01199.90","Cereals n.e.c.","2019","2019","t","3690","A","Official figure",""
"QCL","Crops and livestock products","705","Slovenia","5510","Production","01199.90","Cereals n.e.c.","2020","2020","t","4310","A","Official figure",""
"QCL","Crops and livestock products","705","Slovenia","5510","Production","01199.90","Cereals n.e.c.","2021","2021","t","4570","A","Official figure",""
"QCL","Crops and livestock products","705","Slovenia","5510","Production","01199.90","Cereals n.e.c.","2022","2022","t","3570","A","Official figure",""
"QCL","Crops and livestock products","705","Slovenia","5510","Production","01199.90","Cereals n.e.c.","2023","2023","t","3160","A","Official figure",""
"QCL","Crops and livestock products","705","Slovenia","5510","Production","01199.90","Cereals n.e.c.","2024","2024","t","3910","A","Official figure",""
"QCL","Crops and livestock products","710","South Africa","5510","Production","01199.90","Cereals n.e.c.","1961","1961","t","3000","E","Estimated value",""
"QCL","Crops and livestock products","710","South Africa","5510","Production","01199.90","Cereals n.e.c.","1962","1962","t","3000","E","Estimated value",""
"QCL","Crops and livestock products","710","South Africa","5510","Production","01199.90","Cereals n.e.c.","1963","1963","t","3000","E","Estimated value",""
"QCL","Crops and livestock products","710","South Africa","5510","Production","01199.90","Cereals n.e.c.","1964","1964","t","3000","E","Estimated value",""
"QCL","Crops and livestock products","710","South Africa","5510","Production","01199.90","Cereals n.e.c.","1965","1965","t","3000","E","Estimated value",""
"QCL","Crops and livestock products","710","South Africa","5510","Production","01199.90","Cereals n.e.c.","1966","1966","t","3000","E","Estimated value",""
"QCL","Crops and livestock products","710","South Africa","5510","Production","01199.90","Cereals n.e.c.","1967","1967","t","3000","E","Estimated value",""
"QCL","Crops and livestock products","710","South Africa","5510","Production","01199.90","Cereals n.e.c.","1968","1968","t","3000","E","Estimated value",""
"QCL","Crops and livestock products","710","South Africa","5510","Production","01199.90","Cereals n.e.c.","1969","1969","t","3000","E","Estimated value",""
"QCL","Crops and livestock products","710","South Africa","5510","Production","01199.90","Cereals n.e.c.","1970","1970","t","3000","E","Estimated value",""
"QCL","Crops and livestock products","710","South Africa","5510","Production","01199.90","Cereals n.e.c.","1971","1971","t","3000","E","Estimated value",""
"QCL","Crops and livestock products","710","South Africa","5510","Production","01199.90","Cereals n.e.c.","1972","1972","t","3000","E","Estimated value",""
"QCL","Crops and livestock products","710","South Africa","5510","Production","01199.90","Cereals n.e.c.","1973","1973","t","3000","E","Estimated value",""
"QCL","Crops and livestock products","710","South Africa","5510","Production","01199.90","Cereals n.e.c.","1974","1974","t","3000","E","Estimated value",""
"QCL","Crops and livestock products","710","South Africa","5510","Production","01199.90","Cereals n.e.c.","1975","1975","t","5000","E","Estimated value",""
"QCL","Crops and livestock products","710","South Africa","5510","Production","01199.90","Cereals n.e.c.","1976","1976","t","5000","E","Estimated value",""
"QCL","Crops and livestock products","710","South Africa","5510","Production","01199.90","Cereals n.e.c.","1977","1977","t","5000","E","Estimated value",""
"QCL","Crops and livestock products","710","South Africa","5510","Production","01199.90","Cereals n.e.c.","1978","1978","t","5000","E","Estimated value",""
"QCL","Crops and livestock products","710","South Africa","5510","Production","01199.90","Cereals n.e.c.","1979","1979","t","5000","E","Estimated value",""
"QCL","Crops and livestock products","710","South Africa","5510","Production","01199.90","Cereals n.e.c.","1980","1980","t","5000","E","Estimated value",""
"QCL","Crops and livestock products","710","South Africa","5510","Production","01199.90","Cereals n.e.c.","1981","1981","t","8000","E","Estimated value",""
"QCL","Crops and livestock products","710","South Africa","5510","Production","01199.90","Cereals n.e.c.","1982","1982","t","8000","E","Estimated value",""
"QCL","Crops and livestock products","710","South Africa","5510","Production","01199.90","Cereals n.e.c.","1983","1983","t","8000","E","Estimated value",""
"QCL","Crops and livestock products","710","South Africa","5510","Production","01199.90","Cereals n.e.c.","1984","1984","t","8000","E","Estimated value",""
"QCL","Crops and livestock products","710","South Africa","5510","Production","01199.90","Cereals n.e.c.","1985","1985","t","8000","E","Estimated value",""
"QCL","Crops and livestock products","710","South Africa","5510","Production","01199.90","Cereals n.e.c.","1986","1986","t","8000","E","Estimated value",""
"QCL","Crops and livestock products","710","South Africa","5510","Production","01199.90","Cereals n.e.c.","1987","1987","t","8000","E","Estimated value",""
"QCL","Crops and livestock products","710","South Africa","5510","Production","01199.90","Cereals n.e.c.","1988","1988","t","10000","E","Estimated value",""
"QCL","Crops and livestock products","710","South Africa","5510","Production","01199.90","Cereals n.e.c.","1989","1989","t","10000","E","Estimated value",""
"QCL","Crops and livestock products","710","South Africa","5510","Production","01199.90","Cereals n.e.c.","1990","1990","t","7534","E","Estimated value",""
"QCL","Crops and livestock products","710","South Africa","5510","Production","01199.90","Cereals n.e.c.","1991","1991","t","6499.63","I","Value imputed by a receiving agency",""
"QCL","Crops and livestock products","710","South Africa","5510","Production","01199.90","Cereals n.e.c.","1992","1992","t","8000","E","Estimated value",""
"QCL","Crops and livestock products","710","South Africa","5510","Production","01199.90","Cereals n.e.c.","1993","1993","t","10000","E","Estimated value",""
"QCL","Crops and livestock products","710","South Africa","5510","Production","01199.90","Cereals n.e.c.","1994","1994","t","20000","E","Estimated value",""
"QCL","Crops and livestock products","710","South Africa","5510","Production","01199.90","Cereals n.e.c.","1995","1995","t","24689.94","I","Value imputed by a receiving agency",""
"QCL","Crops and livestock products","710","South Africa","5510","Production","01199.90","Cereals n.e.c.","1996","1996","t","23884.07","I","Value imputed by a receiving agency",""
"QCL","Crops and livestock products","710","South Africa","5510","Production","01199.90","Cereals n.e.c.","1997","1997","t","26013.07","I","Value imputed by a receiving agency",""
"QCL","Crops and livestock products","710","South Africa","5510","Production","01199.90","Cereals n.e.c.","1998","1998","t","30000","E","Estimated value",""
"QCL","Crops and livestock products","710","South Africa","5510","Production","01199.90","Cereals n.e.c.","1999","1999","t","26591.21","I","Value imputed by a receiving agency",""
"QCL","Crops and livestock products","710","South Africa","5510","Production","01199.90","Cereals n.e.c.","2000","2000","t","25072.85","I","Value imputed by a receiving agency",""
"QCL","Crops and livestock products","710","South Africa","5510","Production","01199.90","Cereals n.e.c.","2001","2001","t","25000","E","Estimated value",""
"QCL","Crops and livestock products","710","South Africa","5510","Production","01199.90","Cereals n.e.c.","2002","2002","t","20000","E","Estimated value",""
"QCL","Crops and livestock products","710","South Africa","5510","Production","01199.90","Cereals n.e.c.","2003","2003","t","20346.89","I","Value imputed by a receiving agency",""
"QCL","Crops and livestock products","710","South Africa","5510","Production","01199.90","Cereals n.e.c.","2004","2004","t","20684.11","I","Value imputed by a receiving agency",""
"QCL","Crops and livestock products","710","South Africa","5510","Production","01199.90","Cereals n.e.c.","2005","2005","t","20963.45","I","Value imputed by a receiving agency",""
"QCL","Crops and livestock products","710","South Africa","5510","Production","01199.90","Cereals n.e.c.","2006","2006","t","21254.13","I","Value imputed by a receiving agency",""
"QCL","Crops and livestock products","710","South Africa","5510","Production","01199.90","Cereals n.e.c.","2007","2007","t","22000","E","Estimated value",""
"QCL","Crops and livestock products","710","South Africa","5510","Production","01199.90","Cereals n.e.c.","2008","2008","t","20901.25","I","Value imputed by a receiving agency",""
"QCL","Crops and livestock products","710","South Africa","5510","Production","01199.90","Cereals n.e.c.","2009","2009","t","20077.82","I","Value imputed by a receiving agency",""
"QCL","Crops and livestock products","710","South Africa","5510","Production","01199.90","Cereals n.e.c.","2010","2010","t","18574.5","I","Value imputed by a receiving agency",""
"QCL","Crops and livestock products","710","South Africa","5510","Production","01199.90","Cereals n.e.c.","2011","2011","t","17900","E","Estimated value",""
"QCL","Crops and livestock products","710","South Africa","5510","Production","01199.90","Cereals n.e.c.","2012","2012","t","18500","E","Estimated value",""
"QCL","Crops and livestock products","710","South Africa","5510","Production","01199.90","Cereals n.e.c.","2013","2013","t","19000","E","Estimated value",""
"QCL","Crops and livestock products","710","South Africa","5510","Production","01199.90","Cereals n.e.c.","2014","2014","t","17698.22","I","Value imputed by a receiving agency",""
"QCL","Crops and livestock products","710","South Africa","5510","Production","01199.90","Cereals n.e.c.","2015","2015","t","12267.72","I","Value imputed by a receiving agency",""
"QCL","Crops and livestock products","710","South Africa","5510","Production","01199.90","Cereals n.e.c.","2016","2016","t","12500","E","Estimated value",""
"QCL","Crops and livestock products","710","South Africa","5510","Production","01199.90","Cereals n.e.c.","2017","2017","t","12000","E","Estimated value",""
"QCL","Crops and livestock products","710","South Africa","5510","Production","01199.90","Cereals n.e.c.","2018","2018","t","13000","E","Estimated value",""
"QCL","Crops and livestock products","710","South Africa","5510","Production","01199.90","Cereals n.e.c.","2019","2019","t","13000","E","Estimated value",""
"QCL","Crops and livestock products","710","South Africa","5510","Production","01199.90","Cereals n.e.c.","2020","2020","t","12291.27","I","Value imputed by a receiving agency",""
"QCL","Crops and livestock products","710","South Africa","5510","Production","01199.90","Cereals n.e.c.","2021","2021","t","12763.76","E","Estimated value",""
"QCL","Crops and livestock products","710","South Africa","5510","Production","01199.90","Cereals n.e.c.","2022","2022","t","12685.01","E","Estimated value",""
"QCL","Crops and livestock products","710","South Africa","5510","Production","01199.90","Cereals n.e.c.","2023","2023","t","12580.01","E","Estimated value",""
"QCL","Crops and livestock products","710","South Africa","5510","Production","01199.90","Cereals n.e.c.","2024","2024","t","12676.26","E","Estimated value",""
"QCL","Crops and livestock products","724","Spain","5510","Production","01199.90","Cereals n.e.c.","1990","1990","t","14326.8","I","Value imputed by a receiving agency",""
"QCL","Crops and livestock products","724","Spain","5510","Production","01199.90","Cereals n.e.c.","1991","1991","t","15261.44","I","Value imputed by a receiving agency",""
"QCL","Crops and livestock products","724","Spain","5510","Production","01199.90","Cereals n.e.c.","1992","1992","t","16196.07","I","Value imputed by a receiving agency",""
"QCL","Crops and livestock products","724","Spain","5510","Production","01199.90","Cereals n.e.c.","1993","1993","t","17130.71","I","Value imputed by a receiving agency",""
"QCL","Crops and livestock products","724","Spain","5510","Production","01199.90","Cereals n.e.c.","1994","1994","t","18065.34","I","Value imputed by a receiving agency",""
"QCL","Crops and livestock products","724","Spain","5510","Production","01199.90","Cereals n.e.c.","1995","1995","t","18999.98","I","Value imputed by a receiving agency",""
"QCL","Crops and livestock products","724","Spain","5510","Production","01199.90","Cereals n.e.c.","1996","1996","t","19934.61","I","Value imputed by a receiving agency",""
"QCL","Crops and livestock products","724","Spain","5510","Production","01199.90","Cereals n.e.c.","1997","1997","t","20869.25","I","Value imputed by a receiving agency",""
"QCL","Crops and livestock products","724","Spain","5510","Production","01199.90","Cereals n.e.c.","1998","1998","t","21803.88","I","Value imputed by a receiving agency",""
"QCL","Crops and livestock products","724","Spain","5510","Production","01199.90","Cereals n.e.c.","1999","1999","t","22957.04","I","Value imputed by a receiving agency",""
"QCL","Crops and livestock products","724","Spain","5510","Production","01199.90","Cereals n.e.c.","2000","2000","t","25967.63","I","Value imputed by a receiving agency",""
"QCL","Crops and livestock products","724","Spain","5510","Production","01199.90","Cereals n.e.c.","2001","2001","t","28978.22","I","Value imputed by a receiving agency",""
"QCL","Crops and livestock products","724","Spain","5510","Production","01199.90","Cereals n.e.c.","2002","2002","t","31941.89","I","Value imputed by a receiving agency",""
"QCL","Crops and livestock products","724","Spain","5510","Production","01199.90","Cereals n.e.c.","2003","2003","t","32928.48","I","Value imputed by a receiving agency",""
"QCL","Crops and livestock products","724","Spain","5510","Production","01199.90","Cereals n.e.c.","2004","2004","t","33739","A","Official figure",""
"QCL","Crops and livestock products","724","Spain","5510","Production","01199.90","Cereals n.e.c.","2005","2005","t","15709","A","Official figure",""
"QCL","Crops and livestock products","724","Spain","5510","Production","01199.90","Cereals n.e.c.","2006","2006","t","53073","A","Official figure",""
"QCL","Crops and livestock products","724","Spain","5510","Production","01199.90","Cereals n.e.c.","2007","2007","t","54559","A","Official figure",""
"QCL","Crops and livestock products","724","Spain","5510","Production","01199.90","Cereals n.e.c.","2008","2008","t","58213","A","Official figure",""
"QCL","Crops and livestock products","724","Spain","5510","Production","01199.90","Cereals n.e.c.","2009","2009","t","55708","A","Official figure",""
"QCL","Crops and livestock products","724","Spain","5510","Production","01199.90","Cereals n.e.c.","2010","2010","t","53212","A","Official figure",""
"QCL","Crops and livestock products","724","Spain","5510","Production","01199.90","Cereals n.e.c.","2011","2011","t","56702","A","Official figure",""
"QCL","Crops and livestock products","724","Spain","5510","Production","01199.90","Cereals n.e.c.","2012","2012","t","49661","A","Official figure",""
"QCL","Crops and livestock products","724","Spain","5510","Production","01199.90","Cereals n.e.c.","2013","2013","t","68101","A","Official figure",""
"QCL","Crops and livestock products","724","Spain","5510","Production","01199.90","Cereals n.e.c.","2014","2014","t","41349.72","E","Estimated value",""
"QCL","Crops and livestock products","724","Spain","5510","Production","01199.90","Cereals n.e.c.","2015","2015","t","36758.35","E","Estimated value",""
"QCL","Crops and livestock products","724","Spain","5510","Production","01199.90","Cereals n.e.c.","2016","2016","t","15412","A","Official figure",""
"QCL","Crops and livestock products","724","Spain","5510","Production","01199.90","Cereals n.e.c.","2017","2017","t","4284","A","Official figure",""
"QCL","Crops and livestock products","724","Spain","5510","Production","01199.90","Cereals n.e.c.","2018","2018","t","17650","A","Official figure",""
"QCL","Crops and livestock products","724","Spain","5510","Production","01199.90","Cereals n.e.c.","2019","2019","t","25850","A","Official figure",""
"QCL","Crops and livestock products","724","Spain","5510","Production","01199.90","Cereals n.e.c.","2020","2020","t","31750","A","Official figure",""
"QCL","Crops and livestock products","724","Spain","5510","Production","01199.90","Cereals n.e.c.","2021","2021","t","27860","A","Official figure",""
"QCL","Crops and livestock products","724","Spain","5510","Production","01199.90","Cereals n.e.c.","2022","2022","t","5510","A","Official figure",""
"QCL","Crops and livestock products","724","Spain","5510","Production","01199.90","Cereals n.e.c.","2023","2023","t","13400","A","Official figure",""
"QCL","Crops and livestock products","724","Spain","5510","Production","01199.90","Cereals n.e.c.","2024","2024","t","11340","A","Official figure",""
"QCL","Crops and livestock products","756","Switzerland","5510","Production","01199.90","Cereals n.e.c.","1991","1991","t","","M","Missing value; data cannot exist",""
"QCL","Crops and livestock products","756","Switzerland","5510","Production","01199.90","Cereals n.e.c.","1992","1992","t","","M","Missing value; data cannot exist",""
"QCL","Crops and livestock products","756","Switzerland","5510","Production","01199.90","Cereals n.e.c.","1993","1993","t","","M","Missing value; data cannot exist",""
"QCL","Crops and livestock products","756","Switzerland","5510","Production","01199.90","Cereals n.e.c.","1994","1994","t","","M","Missing value; data cannot exist",""
"QCL","Crops and livestock products","756","Switzerland","5510","Production","01199.90","Cereals n.e.c.","1995","1995","t","","M","Missing value; data cannot exist",""
"QCL","Crops and livestock products","756","Switzerland","5510","Production","01199.90","Cereals n.e.c.","1996","1996","t","","M","Missing value; data cannot exist",""
"QCL","Crops and livestock products","756","Switzerland","5510","Production","01199.90","Cereals n.e.c.","1997","1997","t","","M","Missing value; data cannot exist",""
"QCL","Crops and livestock products","756","Switzerland","5510","Production","01199.90","Cereals n.e.c.","1998","1998","t","","M","Missing value; data cannot exist",""
"QCL","Crops and livestock products","756","Switzerland","5510","Production","01199.90","Cereals n.e.c.","1999","1999","t","","M","Missing value; data cannot exist",""
"QCL","Crops and livestock products","756","Switzerland","5510","Production","01199.90","Cereals n.e.c.","2000","2000","t","","M","Missing value; data cannot exist",""
"QCL","Crops and livestock products","756","Switzerland","5510","Production","01199.90","Cereals n.e.c.","2001","2001","t","","M","Missing value; data cannot exist",""
"QCL","Crops and livestock products","756","Switzerland","5510","Production","01199.90","Cereals n.e.c.","2002","2002","t","","M","Missing value; data cannot exist",""
"QCL","Crops and livestock products","756","Switzerland","5510","Production","01199.90","Cereals n.e.c.","2003","2003","t","","M","Missing value; data cannot exist",""
"QCL","Crops and livestock products","756","Switzerland","5510","Production","01199.90","Cereals n.e.c.","2004","2004","t","","M","Missing value; data cannot exist",""
"QCL","Crops and livestock products","756","Switzerland","5510","Production","01199.90","Cereals n.e.c.","2005","2005","t","","M","Missing value; data cannot exist",""
"QCL","Crops and livestock products","756","Switzerland","5510","Production","01199.90","Cereals n.e.c.","2006","2006","t","600","A","Official figure",""
"QCL","Crops and livestock products","756","Switzerland","5510","Production","01199.90","Cereals n.e.c.","2007","2007","t","797","A","Official figure",""
"QCL","Crops and livestock products","756","Switzerland","5510","Production","01199.90","Cereals n.e.c.","2008","2008","t","827","A","Official figure",""
"QCL","Crops and livestock products","756","Switzerland","5510","Production","01199.90","Cereals n.e.c.","2009","2009","t","404","A","Official figure",""
"QCL","Crops and livestock products","756","Switzerland","5510","Production","01199.90","Cereals n.e.c.","2010","2010","t","418","A","Official figure",""
"QCL","Crops and livestock products","756","Switzerland","5510","Production","01199.90","Cereals n.e.c.","2011","2011","t","386.67","I","Value imputed by a receiving agency",""
"QCL","Crops and livestock products","756","Switzerland","5510","Production","01199.90","Cereals n.e.c.","2012","2012","t","345.46","I","Value imputed by a receiving agency",""
"QCL","Crops and livestock products","756","Switzerland","5510","Production","01199.90","Cereals n.e.c.","2013","2013","t","273.65","I","Value imputed by a receiving agency",""
"QCL","Crops and livestock products","756","Switzerland","5510","Production","01199.90","Cereals n.e.c.","2014","2014","t","239.67","I","Value imputed by a receiving agency",""
"QCL","Crops and livestock products","756","Switzerland","5510","Production","01199.90","Cereals n.e.c.","2015","2015","t","189.14","I","Value imputed by a receiving agency",""
"QCL","Crops and livestock products","756","Switzerland","5510","Production","01199.90","Cereals n.e.c.","2016","2016","t","82","A","Official figure",""
"QCL","Crops and livestock products","756","Switzerland","5510","Production","01199.90","Cereals n.e.c.","2017","2017","t","96","A","Official figure",""
"QCL","Crops and livestock products","756","Switzerland","5510","Production","01199.90","Cereals n.e.c.","2018","2018","t","87","A","Official figure",""
"QCL","Crops and livestock products","756","Switzerland","5510","Production","01199.90","Cereals n.e.c.","2019","2019","t","805","A","Official figure",""
"QCL","Crops and livestock products","756","Switzerland","5510","Production","01199.90","Cereals n.e.c.","2020","2020","t","825","A","Official figure",""
"QCL","Crops and livestock products","756","Switzerland","5510","Production","01199.90","Cereals n.e.c.","2021","2021","t","575","A","Official figure",""
"QCL","Crops and livestock products","756","Switzerland","5510","Production","01199.90","Cereals n.e.c.","2022","2022","t","624","A","Official figure",""
"QCL","Crops and livestock products","756","Switzerland","5510","Production","01199.90","Cereals n.e.c.","2023","2023","t","659","A","Official figure",""
"QCL","Crops and livestock products","756","Switzerland","5510","Production","01199.90","Cereals n.e.c.","2024","2024","t","543","A","Official figure",""
"QCL","Crops and livestock products","764","Thailand","5510","Production","01199.90","Cereals n.e.c.","1961","1961","t","0","A","Official figure",""
"QCL","Crops and livestock products","764","Thailand","5510","Production","01199.90","Cereals n.e.c.","1962","1962","t","0","A","Official figure",""
"QCL","Crops and livestock products","764","Thailand","5510","Production","01199.90","Cereals n.e.c.","1963","1963","t","0","A","Official figure",""
"QCL","Crops and livestock products","764","Thailand","5510","Production","01199.90","Cereals n.e.c.","1964","1964","t","0","A","Official figure",""
"QCL","Crops and livestock products","764","Thailand","5510","Production","01199.90","Cereals n.e.c.","1965","1965","t","0","A","Official figure",""
"QCL","Crops and livestock products","764","Thailand","5510","Production","01199.90","Cereals n.e.c.","1966","1966","t","0","A","Official figure",""
"QCL","Crops and livestock products","764","Thailand","5510","Production","01199.90","Cereals n.e.c.","1967","1967","t","0","A","Official figure",""
"QCL","Crops and livestock products","764","Thailand","5510","Production","01199.90","Cereals n.e.c.","1968","1968","t","0","A","Official figure",""
"QCL","Crops and livestock products","764","Thailand","5510","Production","01199.90","Cereals n.e.c.","1969","1969","t","300","E","Estimated value",""
"QCL","Crops and livestock products","764","Thailand","5510","Production","01199.90","Cereals n.e.c.","1970","1970","t","600","E","Estimated value",""
"QCL","Crops and livestock products","764","Thailand","5510","Production","01199.90","Cereals n.e.c.","1971","1971","t","1200","E","Estimated value",""
"QCL","Crops and livestock products","764","Thailand","5510","Production","01199.90","Cereals n.e.c.","1972","1972","t","1800","E","Estimated value",""
"QCL","Crops and livestock products","764","Thailand","5510","Production","01199.90","Cereals n.e.c.","1973","1973","t","2500","E","Estimated value",""
"QCL","Crops and livestock products","764","Thailand","5510","Production","01199.90","Cereals n.e.c.","1974","1974","t","3500","E","Estimated value",""
"QCL","Crops and livestock products","764","Thailand","5510","Production","01199.90","Cereals n.e.c.","1975","1975","t","4000","E","Estimated value",""
"QCL","Crops and livestock products","764","Thailand","5510","Production","01199.90","Cereals n.e.c.","1976","1976","t","5000","E","Estimated value",""
"QCL","Crops and livestock products","764","Thailand","5510","Production","01199.90","Cereals n.e.c.","1977","1977","t","9000","E","Estimated value",""
"QCL","Crops and livestock products","764","Thailand","5510","Production","01199.90","Cereals n.e.c.","1978","1978","t","8000","E","Estimated value",""
"QCL","Crops and livestock products","764","Thailand","5510","Production","01199.90","Cereals n.e.c.","1979","1979","t","7000","E","Estimated value",""
"QCL","Crops and livestock products","764","Thailand","5510","Production","01199.90","Cereals n.e.c.","1980","1980","t","8000","E","Estimated value",""
"QCL","Crops and livestock products","764","Thailand","5510","Production","01199.90","Cereals n.e.c.","1981","1981","t","12000","E","Estimated value",""
"QCL","Crops and livestock products","764","Thailand","5510","Production","01199.90","Cereals n.e.c.","1982","1982","t","14000","E","Estimated value",""
"QCL","Crops and livestock products","764","Thailand","5510","Production","01199.90","Cereals n.e.c.","1983","1983","t","10000","E","Estimated value",""
"QCL","Crops and livestock products","764","Thailand","5510","Production","01199.90","Cereals n.e.c.","1984","1984","t","11000","E","Estimated value",""
"QCL","Crops and livestock products","764","Thailand","5510","Production","01199.90","Cereals n.e.c.","1985","1985","t","11000","E","Estimated value",""
"QCL","Crops and livestock products","764","Thailand","5510","Production","01199.90","Cereals n.e.c.","1986","1986","t","11000","A","Official figure",""
"QCL","Crops and livestock products","764","Thailand","5510","Production","01199.90","Cereals n.e.c.","1987","1987","t","11000","E","Estimated value",""
"QCL","Crops and livestock products","764","Thailand","5510","Production","01199.90","Cereals n.e.c.","1988","1988","t","13500","E","Estimated value",""
"QCL","Crops and livestock products","764","Thailand","5510","Production","01199.90","Cereals n.e.c.","1989","1989","t","14000","E","Estimated value",""
"QCL","Crops and livestock products","764","Thailand","5510","Production","01199.90","Cereals n.e.c.","1990","1990","t","14000","E","Estimated value",""
"QCL","Crops and livestock products","764","Thailand","5510","Production","01199.90","Cereals n.e.c.","1991","1991","t","15643","A","Official figure",""
"QCL","Crops and livestock products","764","Thailand","5510","Production","01199.90","Cereals n.e.c.","1992","1992","t","20432","A","Official figure",""
"QCL","Crops and livestock products","764","Thailand","5510","Production","01199.90","Cereals n.e.c.","1993","1993","t","25000","E","Estimated value",""
"QCL","Crops and livestock products","764","Thailand","5510","Production","01199.90","Cereals n.e.c.","1994","1994","t","30000","E","Estimated value",""
"QCL","Crops and livestock products","764","Thailand","5510","Production","01199.90","Cereals n.e.c.","1995","1995","t","30224.48","I","Value imputed by a receiving agency",""
"QCL","Crops and livestock products","764","Thailand","5510","Production","01199.90","Cereals n.e.c.","1996","1996","t","30500","E","Estimated value",""
"QCL","Crops and livestock products","764","Thailand","5510","Production","01199.90","Cereals n.e.c.","1997","1997","t","32000","E","Estimated value",""
"QCL","Crops and livestock products","764","Thailand","5510","Production","01199.90","Cereals n.e.c.","1998","1998","t","33000","E","Estimated value",""
"QCL","Crops and livestock products","764","Thailand","5510","Production","01199.90","Cereals n.e.c.","1999","1999","t","40000","E","Estimated value",""
"QCL","Crops and livestock products","764","Thailand","5510","Production","01199.90","Cereals n.e.c.","2000","2000","t","50000","E","Estimated value",""
"QCL","Crops and livestock products","764","Thailand","5510","Production","01199.90","Cereals n.e.c.","2001","2001","t","64000","E","Estimated value",""
"QCL","Crops and livestock products","764","Thailand","5510","Production","01199.90","Cereals n.e.c.","2002","2002","t","66000","E","Estimated value",""
"QCL","Crops and livestock products","764","Thailand","5510","Production","01199.90","Cereals n.e.c.","2003","2003","t","70000","E","Estimated value",""
"QCL","Crops and livestock products","764","Thailand","5510","Production","01199.90","Cereals n.e.c.","2004","2004","t","75000","E","Estimated value",""
"QCL","Crops and livestock products","764","Thailand","5510","Production","01199.90","Cereals n.e.c.","2005","2005","t","86000","E","Estimated value",""
"QCL","Crops and livestock products","764","Thailand","5510","Production","01199.90","Cereals n.e.c.","2006","2006","t","105000","E","Estimated value",""
"QCL","Crops and livestock products","764","Thailand","5510","Production","01199.90","Cereals n.e.c.","2007","2007","t","185000","E","Estimated value",""
"QCL","Crops and livestock products","764","Thailand","5510","Production","01199.90","Cereals n.e.c.","2008","2008","t","185000","E","Estimated value",""
"QCL","Crops and livestock products","764","Thailand","5510","Production","01199.90","Cereals n.e.c.","2009","2009","t","200000","E","Estimated value",""
"QCL","Crops and livestock products","764","Thailand","5510","Production","01199.90","Cereals n.e.c.","2010","2010","t","210000","E","Estimated value",""
"QCL","Crops and livestock products","764","Thailand","5510","Production","01199.90","Cereals n.e.c.","2011","2011","t","205000","E","Estimated value",""
"QCL","Crops and livestock products","764","Thailand","5510","Production","01199.90","Cereals n.e.c.","2012","2012","t","215000","E","Estimated value",""
"QCL","Crops and livestock products","764","Thailand","5510","Production","01199.90","Cereals n.e.c.","2013","2013","t","220000","E","Estimated value",""
"QCL","Crops and livestock products","764","Thailand","5510","Production","01199.90","Cereals n.e.c.","2014","2014","t","228851.64","I","Value imputed by a receiving agency",""
"QCL","Crops and livestock products","764","Thailand","5510","Production","01199.90","Cereals n.e.c.","2015","2015","t","260516.92","I","Value imputed by a receiving agency",""
"QCL","Crops and livestock products","764","Thailand","5510","Production","01199.90","Cereals n.e.c.","2016","2016","t","236456.19","E","Estimated value",""
"QCL","Crops and livestock products","764","Thailand","5510","Production","01199.90","Cereals n.e.c.","2017","2017","t","235420.42","I","Value imputed by a receiving agency",""
"QCL","Crops and livestock products","764","Thailand","5510","Production","01199.90","Cereals n.e.c.","2018","2018","t","235048.65","I","Value imputed by a receiving agency",""
"QCL","Crops and livestock products","764","Thailand","5510","Production","01199.90","Cereals n.e.c.","2019","2019","t","237814.34","I","Value imputed by a receiving agency",""
"QCL","Crops and livestock products","764","Thailand","5510","Production","01199.90","Cereals n.e.c.","2020","2020","t","240791.08","I","Value imputed by a receiving agency",""
"QCL","Crops and livestock products","764","Thailand","5510","Production","01199.90","Cereals n.e.c.","2021","2021","t","246643.14","I","Value imputed by a receiving agency",""
"QCL","Crops and livestock products","764","Thailand","5510","Production","01199.90","Cereals n.e.c.","2022","2022","t","247127.36","I","Value imputed by a receiving agency",""
"QCL","Crops and livestock products","764","Thailand","5510","Production","01199.90","Cereals n.e.c.","2023","2023","t","248963.27","I","Value imputed by a receiving agency",""
"QCL","Crops and livestock products","764","Thailand","5510","Production","01199.90","Cereals n.e.c.","2024","2024","t","250799.18","I","Value imputed by a receiving agency",""
"QCL","Crops and livestock products","768","Togo","5510","Production","01199.90","Cereals n.e.c.","1961","1961","t","2000","A","Official figure",""
"QCL","Crops and livestock products","768","Togo","5510","Production","01199.90","Cereals n.e.c.","1962","1962","t","9938","A","Official figure",""
"QCL","Crops and livestock products","768","Togo","5510","Production","01199.90","Cereals n.e.c.","1963","1963","t","11940","A","Official figure",""
"QCL","Crops and livestock products","768","Togo","5510","Production","01199.90","Cereals n.e.c.","1964","1964","t","7000","A","Official figure",""
"QCL","Crops and livestock products","768","Togo","5510","Production","01199.90","Cereals n.e.c.","1965","1965","t","8000","A","Official figure",""
"QCL","Crops and livestock products","768","Togo","5510","Production","01199.90","Cereals n.e.c.","1966","1966","t","5000","A","Official figure",""
"QCL","Crops and livestock products","768","Togo","5510","Production","01199.90","Cereals n.e.c.","1967","1967","t","1930","A","Official figure",""
"QCL","Crops and livestock products","768","Togo","5510","Production","01199.90","Cereals n.e.c.","1968","1968","t","1000","A","Official figure",""
"QCL","Crops and livestock products","768","Togo","5510","Production","01199.90","Cereals n.e.c.","1969","1969","t","2000","A","Official figure",""
"QCL","Crops and livestock products","768","Togo","5510","Production","01199.90","Cereals n.e.c.","1970","1970","t","3000","A","Official figure",""
"QCL","Crops and livestock products","768","Togo","5510","Production","01199.90","Cereals n.e.c.","1971","1971","t","4000","A","Official figure",""
"QCL","Crops and livestock products","768","Togo","5510","Production","01199.90","Cereals n.e.c.","1972","1972","t","4000","E","Estimated value",""
"QCL","Crops and livestock products","768","Togo","5510","Production","01199.90","Cereals n.e.c.","1973","1973","t","4000","E","Estimated value",""
"QCL","Crops and livestock products","768","Togo","5510","Production","01199.90","Cereals n.e.c.","1974","1974","t","5000","E","Estimated value",""
"QCL","Crops and livestock products","768","Togo","5510","Production","01199.90","Cereals n.e.c.","1975","1975","t","5000","E","Estimated value",""
"QCL","Crops and livestock products","768","Togo","5510","Production","01199.90","Cereals n.e.c.","1976","1976","t","5200","E","Estimated value",""
"QCL","Crops and livestock products","768","Togo","5510","Production","01199.90","Cereals n.e.c.","1977","1977","t","6000","E","Estimated value",""
"QCL","Crops and livestock products","768","Togo","5510","Production","01199.90","Cereals n.e.c.","1978","1978","t","5000","E","Estimated value",""
"QCL","Crops and livestock products","768","Togo","5510","Production","01199.90","Cereals n.e.c.","1979","1979","t","5000","E","Estimated value",""
"QCL","Crops and livestock products","768","Togo","5510","Production","01199.90","Cereals n.e.c.","1980","1980","t","5000","E","Estimated value",""
"QCL","Crops and livestock products","768","Togo","5510","Production","01199.90","Cereals n.e.c.","1981","1981","t","5000","E","Estimated value",""
"QCL","Crops and livestock products","768","Togo","5510","Production","01199.90","Cereals n.e.c.","1982","1982","t","5000","E","Estimated value",""
"QCL","Crops and livestock products","768","Togo","5510","Production","01199.90","Cereals n.e.c.","1983","1983","t","6000","E","Estimated value",""
"QCL","Crops and livestock products","768","Togo","5510","Production","01199.90","Cereals n.e.c.","1984","1984","t","5000","E","Estimated value",""
"QCL","Crops and livestock products","768","Togo","5510","Production","01199.90","Cereals n.e.c.","1985","1985","t","5000","E","Estimated value",""
"QCL","Crops and livestock products","768","Togo","5510","Production","01199.90","Cereals n.e.c.","1986","1986","t","6237","A","Official figure",""
"QCL","Crops and livestock products","768","Togo","5510","Production","01199.90","Cereals n.e.c.","1987","1987","t","4653","A","Official figure",""
"QCL","Crops and livestock products","768","Togo","5510","Production","01199.90","Cereals n.e.c.","1988","1988","t","3192","A","Official figure",""
"QCL","Crops and livestock products","768","Togo","5510","Production","01199.90","Cereals n.e.c.","1989","1989","t","969","A","Official figure",""
"QCL","Crops and livestock products","768","Togo","5510","Production","01199.90","Cereals n.e.c.","1990","1990","t","839","A","Official figure",""
"QCL","Crops and livestock products","768","Togo","5510","Production","01199.90","Cereals n.e.c.","1991","1991","t","2500","A","Official figure",""
"QCL","Crops and livestock products","768","Togo","5510","Production","01199.90","Cereals n.e.c.","1992","1992","t","3920","A","Official figure",""
"QCL","Crops and livestock products","768","Togo","5510","Production","01199.90","Cereals n.e.c.","1993","1993","t","4742","A","Official figure",""
"QCL","Crops and livestock products","768","Togo","5510","Production","01199.90","Cereals n.e.c.","1994","1994","t","7353","A","Official figure",""
"QCL","Crops and livestock products","768","Togo","5510","Production","01199.90","Cereals n.e.c.","1995","1995","t","3075","A","Official figure",""
"QCL","Crops and livestock products","768","Togo","5510","Production","01199.90","Cereals n.e.c.","1996","1996","t","11529","A","Official figure",""
"QCL","Crops and livestock products","768","Togo","5510","Production","01199.90","Cereals n.e.c.","1997","1997","t","9347","A","Official figure",""
"QCL","Crops and livestock products","768","Togo","5510","Production","01199.90","Cereals n.e.c.","1998","1998","t","9868","A","Official figure",""
"QCL","Crops and livestock products","768","Togo","5510","Production","01199.90","Cereals n.e.c.","1999","1999","t","3750","A","Official figure",""
"QCL","Crops and livestock products","768","Togo","5510","Production","01199.90","Cereals n.e.c.","2000","2000","t","3386","A","Official figure",""
"QCL","Crops and livestock products","768","Togo","5510","Production","01199.90","Cereals n.e.c.","2001","2001","t","4299","A","Official figure",""
"QCL","Crops and livestock products","768","Togo","5510","Production","01199.90","Cereals n.e.c.","2002","2002","t","1444","A","Official figure",""
"QCL","Crops and livestock products","768","Togo","5510","Production","01199.90","Cereals n.e.c.","2003","2003","t","4586","X","Figure from external organization","Unofficial figure"
"QCL","Crops and livestock products","768","Togo","5510","Production","01199.90","Cereals n.e.c.","2004","2004","t","2061","A","Official figure",""
"QCL","Crops and livestock products","768","Togo","5510","Production","01199.90","Cereals n.e.c.","2005","2005","t","2772","A","Official figure",""
"QCL","Crops and livestock products","768","Togo","5510","Production","01199.90","Cereals n.e.c.","2006","2006","t","989","A","Official figure",""
"QCL","Crops and livestock products","768","Togo","5510","Production","01199.90","Cereals n.e.c.","2007","2007","t","1000","E","Estimated value",""
"QCL","Crops and livestock products","768","Togo","5510","Production","01199.90","Cereals n.e.c.","2008","2008","t","906","A","Official figure",""
"QCL","Crops and livestock products","768","Togo","5510","Production","01199.90","Cereals n.e.c.","2009","2009","t","1611","A","Official figure",""
"QCL","Crops and livestock products","768","Togo","5510","Production","01199.90","Cereals n.e.c.","2010","2010","t","1689","A","Official figure",""
"QCL","Crops and livestock products","768","Togo","5510","Production","01199.90","Cereals n.e.c.","2011","2011","t","1200","X","Figure from external organization","Unofficial figure"
"QCL","Crops and livestock products","768","Togo","5510","Production","01199.90","Cereals n.e.c.","2012","2012","t","3106","A","Official figure",""
"QCL","Crops and livestock products","768","Togo","5510","Production","01199.90","Cereals n.e.c.","2013","2013","t","3840","A","Official figure",""
"QCL","Crops and livestock products","768","Togo","5510","Production","01199.90","Cereals n.e.c.","2014","2014","t","4756","A","Official figure",""
"QCL","Crops and livestock products","768","Togo","5510","Production","01199.90","Cereals n.e.c.","2015","2015","t","4588","A","Official figure",""
"QCL","Crops and livestock products","768","Togo","5510","Production","01199.90","Cereals n.e.c.","2016","2016","t","3146","A","Official figure",""
"QCL","Crops and livestock products","768","Togo","5510","Production","01199.90","Cereals n.e.c.","2017","2017","t","","M","Missing value; data cannot exist",""
"QCL","Crops and livestock products","768","Togo","5510","Production","01199.90","Cereals n.e.c.","2018","2018","t","","M","Missing value; data cannot exist",""
"QCL","Crops and livestock products","768","Togo","5510","Production","01199.90","Cereals n.e.c.","2019","2019","t","","M","Missing value; data cannot exist",""
"QCL","Crops and livestock products","768","Togo","5510","Production","01199.90","Cereals n.e.c.","2020","2020","t","","M","Missing value; data cannot exist",""
"QCL","Crops and livestock products","768","Togo","5510","Production","01199.90","Cereals n.e.c.","2021","2021","t","","M","Missing value; data cannot exist",""
"QCL","Crops and livestock products","768","Togo","5510","Production","01199.90","Cereals n.e.c.","2022","2022","t","","M","Missing value; data cannot exist",""
"QCL","Crops and livestock products","768","Togo","5510","Production","01199.90","Cereals n.e.c.","2023","2023","t","","M","Missing value; data cannot exist",""
"QCL","Crops and livestock products","768","Togo","5510","Production","01199.90","Cereals n.e.c.","2024","2024","t","","M","Missing value; data cannot exist",""
"QCL","Crops and livestock products","788","Tunisia","5510","Production","01199.90","Cereals n.e.c.","1961","1961","t","20000","E","Estimated value",""
"QCL","Crops and livestock products","788","Tunisia","5510","Production","01199.90","Cereals n.e.c.","1962","1962","t","20000","E","Estimated value",""
"QCL","Crops and livestock products","788","Tunisia","5510","Production","01199.90","Cereals n.e.c.","1963","1963","t","30000","E","Estimated value",""
"QCL","Crops and livestock products","788","Tunisia","5510","Production","01199.90","Cereals n.e.c.","1964","1964","t","41000","A","Official figure",""
"QCL","Crops and livestock products","788","Tunisia","5510","Production","01199.90","Cereals n.e.c.","1965","1965","t","80000","A","Official figure",""
"QCL","Crops and livestock products","788","Tunisia","5510","Production","01199.90","Cereals n.e.c.","1966","1966","t","45000","E","Estimated value",""
"QCL","Crops and livestock products","788","Tunisia","5510","Production","01199.90","Cereals n.e.c.","1967","1967","t","36000","E","Estimated value",""
"QCL","Crops and livestock products","788","Tunisia","5510","Production","01199.90","Cereals n.e.c.","1968","1968","t","45000","E","Estimated value",""
"QCL","Crops and livestock products","788","Tunisia","5510","Production","01199.90","Cereals n.e.c.","1969","1969","t","19000","E","Estimated value",""
"QCL","Crops and livestock products","788","Tunisia","5510","Production","01199.90","Cereals n.e.c.","1970","1970","t","22000","E","Estimated value",""
"QCL","Crops and livestock products","788","Tunisia","5510","Production","01199.90","Cereals n.e.c.","1971","1971","t","17000","E","Estimated value",""
"QCL","Crops and livestock products","788","Tunisia","5510","Production","01199.90","Cereals n.e.c.","1972","1972","t","15000","E","Estimated value",""
"QCL","Crops and livestock products","788","Tunisia","5510","Production","01199.90","Cereals n.e.c.","1973","1973","t","13000","E","Estimated value",""
"QCL","Crops and livestock products","788","Tunisia","5510","Production","01199.90","Cereals n.e.c.","1974","1974","t","10000","E","Estimated value",""
"QCL","Crops and livestock products","788","Tunisia","5510","Production","01199.90","Cereals n.e.c.","1975","1975","t","12400","E","Estimated value",""
"QCL","Crops and livestock products","788","Tunisia","5510","Production","01199.90","Cereals n.e.c.","1976","1976","t","15000","E","Estimated value",""
"QCL","Crops and livestock products","788","Tunisia","5510","Production","01199.90","Cereals n.e.c.","1977","1977","t","17000","E","Estimated value",""
"QCL","Crops and livestock products","788","Tunisia","5510","Production","01199.90","Cereals n.e.c.","1978","1978","t","18000","E","Estimated value",""
"QCL","Crops and livestock products","788","Tunisia","5510","Production","01199.90","Cereals n.e.c.","1979","1979","t","18000","E","Estimated value",""
"QCL","Crops and livestock products","788","Tunisia","5510","Production","01199.90","Cereals n.e.c.","1980","1980","t","19000","E","Estimated value",""
"QCL","Crops and livestock products","788","Tunisia","5510","Production","01199.90","Cereals n.e.c.","1981","1981","t","19000","E","Estimated value",""
"QCL","Crops and livestock products","788","Tunisia","5510","Production","01199.90","Cereals n.e.c.","1982","1982","t","20000","E","Estimated value",""
"QCL","Crops and livestock products","788","Tunisia","5510","Production","01199.90","Cereals n.e.c.","1983","1983","t","22000","E","Estimated value",""
"QCL","Crops and livestock products","788","Tunisia","5510","Production","01199.90","Cereals n.e.c.","1984","1984","t","18000","E","Estimated value",""
"QCL","Crops and livestock products","788","Tunisia","5510","Production","01199.90","Cereals n.e.c.","1985","1985","t","20000","E","Estimated value",""
"QCL","Crops and livestock products","788","Tunisia","5510","Production","01199.90","Cereals n.e.c.","1986","1986","t","12000","E","Estimated value",""
"QCL","Crops and livestock products","788","Tunisia","5510","Production","01199.90","Cereals n.e.c.","1987","1987","t","15000","E","Estimated value",""
"QCL","Crops and livestock products","788","Tunisia","5510","Production","01199.90","Cereals n.e.c.","1988","1988","t","15000","E","Estimated value",""
"QCL","Crops and livestock products","788","Tunisia","5510","Production","01199.90","Cereals n.e.c.","1989","1989","t","15000","E","Estimated value",""
"QCL","Crops and livestock products","788","Tunisia","5510","Production","01199.90","Cereals n.e.c.","1990","1990","t","17347","E","Estimated value",""
"QCL","Crops and livestock products","788","Tunisia","5510","Production","01199.90","Cereals n.e.c.","1991","1991","t","20307.87","I","Value imputed by a receiving agency",""
"QCL","Crops and livestock products","788","Tunisia","5510","Production","01199.90","Cereals n.e.c.","1992","1992","t","20000","E","Estimated value",""
"QCL","Crops and livestock products","788","Tunisia","5510","Production","01199.90","Cereals n.e.c.","1993","1993","t","21644.55","I","Value imputed by a receiving agency",""
"QCL","Crops and livestock products","788","Tunisia","5510","Production","01199.90","Cereals n.e.c.","1994","1994","t","22000","E","Estimated value",""
"QCL","Crops and livestock products","788","Tunisia","5510","Production","01199.90","Cereals n.e.c.","1995","1995","t","25000","E","Estimated value",""
"QCL","Crops and livestock products","788","Tunisia","5510","Production","01199.90","Cereals n.e.c.","1996","1996","t","26535.29","I","Value imputed by a receiving agency",""
"QCL","Crops and livestock products","788","Tunisia","5510","Production","01199.90","Cereals n.e.c.","1997","1997","t","28068.01","I","Value imputed by a receiving agency",""
"QCL","Crops and livestock products","788","Tunisia","5510","Production","01199.90","Cereals n.e.c.","1998","1998","t","30000","E","Estimated value",""
"QCL","Crops and livestock products","788","Tunisia","5510","Production","01199.90","Cereals n.e.c.","1999","1999","t","31069.98","I","Value imputed by a receiving agency",""
"QCL","Crops and livestock products","788","Tunisia","5510","Production","01199.90","Cereals n.e.c.","2000","2000","t","32488.94","I","Value imputed by a receiving agency",""
"QCL","Crops and livestock products","788","Tunisia","5510","Production","01199.90","Cereals n.e.c.","2001","2001","t","35000","E","Estimated value",""
"QCL","Crops and livestock products","788","Tunisia","5510","Production","01199.90","Cereals n.e.c.","2002","2002","t","34625.53","I","Value imputed by a receiving agency",""
"QCL","Crops and livestock products","788","Tunisia","5510","Production","01199.90","Cereals n.e.c.","2003","2003","t","35389.89","I","Value imputed by a receiving agency",""
"QCL","Crops and livestock products","788","Tunisia","5510","Production","01199.90","Cereals n.e.c.","2004","2004","t","37000","E","Estimated value",""
"QCL","Crops and livestock products","788","Tunisia","5510","Production","01199.90","Cereals n.e.c.","2005","2005","t","35845.83","I","Value imputed by a receiving agency",""
"QCL","Crops and livestock products","788","Tunisia","5510","Production","01199.90","Cereals n.e.c.","2006","2006","t","34764.82","I","Value imputed by a receiving agency",""
"QCL","Crops and livestock products","788","Tunisia","5510","Production","01199.90","Cereals n.e.c.","2007","2007","t","33903.65","I","Value imputed by a receiving agency",""
"QCL","Crops and livestock products","788","Tunisia","5510","Production","01199.90","Cereals n.e.c.","2008","2008","t","33179.59","I","Value imputed by a receiving agency",""
"QCL","Crops and livestock products","788","Tunisia","5510","Production","01199.90","Cereals n.e.c.","2009","2009","t","31582.57","I","Value imputed by a receiving agency",""
"QCL","Crops and livestock products","788","Tunisia","5510","Production","01199.90","Cereals n.e.c.","2010","2010","t","31113.29","I","Value imputed by a receiving agency",""
"QCL","Crops and livestock products","788","Tunisia","5510","Production","01199.90","Cereals n.e.c.","2011","2011","t","30656.74","I","Value imputed by a receiving agency",""
"QCL","Crops and livestock products","788","Tunisia","5510","Production","01199.90","Cereals n.e.c.","2012","2012","t","30000","E","Estimated value",""
"QCL","Crops and livestock products","788","Tunisia","5510","Production","01199.90","Cereals n.e.c.","2013","2013","t","30000","X","Figure from external organization","Unofficial figure"
"QCL","Crops and livestock products","788","Tunisia","5510","Production","01199.90","Cereals n.e.c.","2014","2014","t","30000","X","Figure from external organization","Unofficial figure"
"QCL","Crops and livestock products","788","Tunisia","5510","Production","01199.90","Cereals n.e.c.","2015","2015","t","29000","X","Figure from external organization","Unofficial figure"
"QCL","Crops and livestock products","788","Tunisia","5510","Production","01199.90","Cereals n.e.c.","2016","2016","t","34000","X","Figure from external organization","Unofficial figure"
"QCL","Crops and livestock products","788","Tunisia","5510","Production","01199.90","Cereals n.e.c.","2017","2017","t","31000","X","Figure from external organization","Unofficial figure"
"QCL","Crops and livestock products","788","Tunisia","5510","Production","01199.90","Cereals n.e.c.","2018","2018","t","31000","X","Figure from external organization","Unofficial figure"
"QCL","Crops and livestock products","788","Tunisia","5510","Production","01199.90","Cereals n.e.c.","2019","2019","t","26000","X","Figure from external organization","Unofficial figure"
"QCL","Crops and livestock products","788","Tunisia","5510","Production","01199.90","Cereals n.e.c.","2020","2020","t","28000","X","Figure from external organization","Unofficial figure"
"QCL","Crops and livestock products","788","Tunisia","5510","Production","01199.90","Cereals n.e.c.","2021","2021","t","30000","X","Figure from external organization","Unofficial figure"
"QCL","Crops and livestock products","788","Tunisia","5510","Production","01199.90","Cereals n.e.c.","2022","2022","t","32000","X","Figure from external organization","Unofficial figure"
"QCL","Crops and livestock products","788","Tunisia","5510","Production","01199.90","Cereals n.e.c.","2023","2023","t","28000","X","Figure from external organization","Unofficial figure"
"QCL","Crops and livestock products","788","Tunisia","5510","Production","01199.90","Cereals n.e.c.","2024","2024","t","29000","X","Figure from external organization","Unofficial figure"
"QCL","Crops and livestock products","804","Ukraine","5510","Production","01199.90","Cereals n.e.c.","1992","1992","t","2000","A","Official figure",""
"QCL","Crops and livestock products","804","Ukraine","5510","Production","01199.90","Cereals n.e.c.","1993","1993","t","4000","A","Official figure",""
"QCL","Crops and livestock products","804","Ukraine","5510","Production","01199.90","Cereals n.e.c.","1994","1994","t","39734.91","I","Value imputed by a receiving agency",""
"QCL","Crops and livestock products","804","Ukraine","5510","Production","01199.90","Cereals n.e.c.","1995","1995","t","40000","A","Official figure",""
"QCL","Crops and livestock products","804","Ukraine","5510","Production","01199.90","Cereals n.e.c.","1996","1996","t","11400","A","Official figure",""
"QCL","Crops and livestock products","804","Ukraine","5510","Production","01199.90","Cereals n.e.c.","1997","1997","t","44100","A","Official figure",""
"QCL","Crops and livestock products","804","Ukraine","5510","Production","01199.90","Cereals n.e.c.","1998","1998","t","47700","A","Official figure",""
"QCL","Crops and livestock products","804","Ukraine","5510","Production","01199.90","Cereals n.e.c.","1999","1999","t","41091","A","Official figure",""
"QCL","Crops and livestock products","804","Ukraine","5510","Production","01199.90","Cereals n.e.c.","2000","2000","t","26900","A","Official figure",""
"QCL","Crops and livestock products","804","Ukraine","5510","Production","01199.90","Cereals n.e.c.","2001","2001","t","22220","A","Official figure",""
"QCL","Crops and livestock products","804","Ukraine","5510","Production","01199.90","Cereals n.e.c.","2002","2002","t","36930","A","Official figure",""
"QCL","Crops and livestock products","804","Ukraine","5510","Production","01199.90","Cereals n.e.c.","2003","2003","t","30300","A","Official figure",""
"QCL","Crops and livestock products","804","Ukraine","5510","Production","01199.90","Cereals n.e.c.","2004","2004","t","28000","A","Official figure",""
"QCL","Crops and livestock products","804","Ukraine","5510","Production","01199.90","Cereals n.e.c.","2005","2005","t","10000","A","Official figure",""
"QCL","Crops and livestock products","804","Ukraine","5510","Production","01199.90","Cereals n.e.c.","2006","2006","t","7100","A","Official figure",""
"QCL","Crops and livestock products","804","Ukraine","5510","Production","01199.90","Cereals n.e.c.","2007","2007","t","3400","A","Official figure",""
"QCL","Crops and livestock products","804","Ukraine","5510","Production","01199.90","Cereals n.e.c.","2008","2008","t","7200","A","Official figure",""
"QCL","Crops and livestock products","804","Ukraine","5510","Production","01199.90","Cereals n.e.c.","2009","2009","t","3500","A","Official figure",""
"QCL","Crops and livestock products","804","Ukraine","5510","Production","01199.90","Cereals n.e.c.","2010","2010","t","5800","A","Official figure",""
"QCL","Crops and livestock products","804","Ukraine","5510","Production","01199.90","Cereals n.e.c.","2011","2011","t","6000","A","Official figure",""
"QCL","Crops and livestock products","804","Ukraine","5510","Production","01199.90","Cereals n.e.c.","2012","2012","t","11660","A","Official figure",""
"QCL","Crops and livestock products","804","Ukraine","5510","Production","01199.90","Cereals n.e.c.","2013","2013","t","3800","A","Official figure",""
"QCL","Crops and livestock products","804","Ukraine","5510","Production","01199.90","Cereals n.e.c.","2014","2014","t","10370","A","Official figure",""
"QCL","Crops and livestock products","804","Ukraine","5510","Production","01199.90","Cereals n.e.c.","2015","2015","t","3700","A","Official figure",""
"QCL","Crops and livestock products","804","Ukraine","5510","Production","01199.90","Cereals n.e.c.","2016","2016","t","6370","A","Official figure",""
"QCL","Crops and livestock products","804","Ukraine","5510","Production","01199.90","Cereals n.e.c.","2017","2017","t","6813.33","E","Estimated value",""
"QCL","Crops and livestock products","804","Ukraine","5510","Production","01199.90","Cereals n.e.c.","2018","2018","t","5627.78","E","Estimated value",""
"QCL","Crops and livestock products","804","Ukraine","5510","Production","01199.90","Cereals n.e.c.","2019","2019","t","6043.68","I","Value imputed by a receiving agency",""
"QCL","Crops and livestock products","804","Ukraine","5510","Production","01199.90","Cereals n.e.c.","2020","2020","t","6477.76","I","Value imputed by a receiving agency",""
"QCL","Crops and livestock products","804","Ukraine","5510","Production","01199.90","Cereals n.e.c.","2021","2021","t","6514.79","I","Value imputed by a receiving agency",""
"QCL","Crops and livestock products","804","Ukraine","5510","Production","01199.90","Cereals n.e.c.","2022","2022","t","6460.57","I","Value imputed by a receiving agency",""
"QCL","Crops and livestock products","804","Ukraine","5510","Production","01199.90","Cereals n.e.c.","2023","2023","t","6375.32","I","Value imputed by a receiving agency",""
"QCL","Crops and livestock products","804","Ukraine","5510","Production","01199.90","Cereals n.e.c.","2024","2024","t","6100","E","Estimated value",""
"QCL","Crops and livestock products","834","United Republic of Tanzania","5510","Production","01199.90","Cereals n.e.c.","1991","1991","t","","M","Missing value; data cannot exist",""
"QCL","Crops and livestock products","834","United Republic of Tanzania","5510","Production","01199.90","Cereals n.e.c.","1992","1992","t","","M","Missing value; data cannot exist",""
"QCL","Crops and livestock products","834","United Republic of Tanzania","5510","Production","01199.90","Cereals n.e.c.","1993","1993","t","","M","Missing value; data cannot exist",""
"QCL","Crops and livestock products","834","United Republic of Tanzania","5510","Production","01199.90","Cereals n.e.c.","1994","1994","t","15000","E","Estimated value",""
"QCL","Crops and livestock products","834","United Republic of Tanzania","5510","Production","01199.90","Cereals n.e.c.","1995","1995","t","14987.42","I","Value imputed by a receiving agency",""
"QCL","Crops and livestock products","834","United Republic of Tanzania","5510","Production","01199.90","Cereals n.e.c.","1996","1996","t","15411.46","I","Value imputed by a receiving agency",""
"QCL","Crops and livestock products","834","United Republic of Tanzania","5510","Production","01199.90","Cereals n.e.c.","1997","1997","t","15846.14","I","Value imputed by a receiving agency",""
"QCL","Crops and livestock products","834","United Republic of Tanzania","5510","Production","01199.90","Cereals n.e.c.","1998","1998","t","16294.34","I","Value imputed by a receiving agency",""
"QCL","Crops and livestock products","834","United Republic of Tanzania","5510","Production","01199.90","Cereals n.e.c.","1999","1999","t","16758.33","I","Value imputed by a receiving agency",""
"QCL","Crops and livestock products","834","United Republic of Tanzania","5510","Production","01199.90","Cereals n.e.c.","2000","2000","t","16707.07","I","Value imputed by a receiving agency",""
"QCL","Crops and livestock products","834","United Republic of Tanzania","5510","Production","01199.90","Cereals n.e.c.","2001","2001","t","17325.3","I","Value imputed by a receiving agency",""
"QCL","Crops and livestock products","834","United Republic of Tanzania","5510","Production","01199.90","Cereals n.e.c.","2002","2002","t","17998.5","I","Value imputed by a receiving agency",""
"QCL","Crops and livestock products","834","United Republic of Tanzania","5510","Production","01199.90","Cereals n.e.c.","2003","2003","t","18695.38","I","Value imputed by a receiving agency",""
"QCL","Crops and livestock products","834","United Republic of Tanzania","5510","Production","01199.90","Cereals n.e.c.","2004","2004","t","17000","E","Estimated value",""
"QCL","Crops and livestock products","834","United Republic of Tanzania","5510","Production","01199.90","Cereals n.e.c.","2005","2005","t","23000","E","Estimated value",""
"QCL","Crops and livestock products","834","United Republic of Tanzania","5510","Production","01199.90","Cereals n.e.c.","2006","2006","t","23500","E","Estimated value",""
"QCL","Crops and livestock products","834","United Republic of Tanzania","5510","Production","01199.90","Cereals n.e.c.","2007","2007","t","16500","E","Estimated value",""
"QCL","Crops and livestock products","834","United Republic of Tanzania","5510","Production","01199.90","Cereals n.e.c.","2008","2008","t","24500","E","Estimated value",""
"QCL","Crops and livestock products","834","United Republic of Tanzania","5510","Production","01199.90","Cereals n.e.c.","2009","2009","t","20000","E","Estimated value",""
"QCL","Crops and livestock products","834","United Republic of Tanzania","5510","Production","01199.90","Cereals n.e.c.","2010","2010","t","25000","E","Estimated value",""
"QCL","Crops and livestock products","834","United Republic of Tanzania","5510","Production","01199.90","Cereals n.e.c.","2011","2011","t","34000","E","Estimated value",""
"QCL","Crops and livestock products","834","United Republic of Tanzania","5510","Production","01199.90","Cereals n.e.c.","2012","2012","t","25000","E","Estimated value",""
"QCL","Crops and livestock products","834","United Republic of Tanzania","5510","Production","01199.90","Cereals n.e.c.","2013","2013","t","26000","E","Estimated value",""
"QCL","Crops and livestock products","834","United Republic of Tanzania","5510","Production","01199.90","Cereals n.e.c.","2014","2014","t","72000","E","Estimated value",""
"QCL","Crops and livestock products","834","United Republic of Tanzania","5510","Production","01199.90","Cereals n.e.c.","2015","2015","t","57386.52","I","Value imputed by a receiving agency",""
"QCL","Crops and livestock products","834","United Republic of Tanzania","5510","Production","01199.90","Cereals n.e.c.","2016","2016","t","51795.51","E","Estimated value",""
"QCL","Crops and livestock products","834","United Republic of Tanzania","5510","Production","01199.90","Cereals n.e.c.","2017","2017","t","60394.01","E","Estimated value",""
"QCL","Crops and livestock products","834","United Republic of Tanzania","5510","Production","01199.90","Cereals n.e.c.","2018","2018","t","56525.34","E","Estimated value",""
"QCL","Crops and livestock products","834","United Republic of Tanzania","5510","Production","01199.90","Cereals n.e.c.","2019","2019","t","58002.82","I","Value imputed by a receiving agency",""
"QCL","Crops and livestock products","834","United Republic of Tanzania","5510","Production","01199.90","Cereals n.e.c.","2020","2020","t","59112.63","I","Value imputed by a receiving agency",""
"QCL","Crops and livestock products","834","United Republic of Tanzania","5510","Production","01199.90","Cereals n.e.c.","2021","2021","t","57880.27","E","Estimated value",""
"QCL","Crops and livestock products","834","United Republic of Tanzania","5510","Production","01199.90","Cereals n.e.c.","2022","2022","t","58331.91","E","Estimated value",""
"QCL","Crops and livestock products","834","United Republic of Tanzania","5510","Production","01199.90","Cereals n.e.c.","2023","2023","t","58441.6","E","Estimated value",""
"QCL","Crops and livestock products","834","United Republic of Tanzania","5510","Production","01199.90","Cereals n.e.c.","2024","2024","t","58217.92","E","Estimated value",""
"QCL","Crops and livestock products","810","USSR","5510","Production","01199.90","Cereals n.e.c.","1961","1961","t","65000","E","Estimated value",""
"QCL","Crops and livestock products","810","USSR","5510","Production","01199.90","Cereals n.e.c.","1962","1962","t","61000","E","Estimated value",""
"QCL","Crops and livestock products","810","USSR","5510","Production","01199.90","Cereals n.e.c.","1963","1963","t","51000","E","Estimated value",""
"QCL","Crops and livestock products","810","USSR","5510","Production","01199.90","Cereals n.e.c.","1964","1964","t","71000","E","Estimated value",""
"QCL","Crops and livestock products","810","USSR","5510","Production","01199.90","Cereals n.e.c.","1965","1965","t","42000","A","Official figure",""
"QCL","Crops and livestock products","810","USSR","5510","Production","01199.90","Cereals n.e.c.","1966","1966","t","63000","A","Official figure",""
"QCL","Crops and livestock products","810","USSR","5510","Production","01199.90","Cereals n.e.c.","1967","1967","t","46000","A","Official figure",""
"QCL","Crops and livestock products","810","USSR","5510","Production","01199.90","Cereals n.e.c.","1968","1968","t","35000","A","Official figure",""
"QCL","Crops and livestock products","810","USSR","5510","Production","01199.90","Cereals n.e.c.","1969","1969","t","23000","A","Official figure",""
"QCL","Crops and livestock products","810","USSR","5510","Production","01199.90","Cereals n.e.c.","1970","1970","t","25000","X","Figure from external organization","Unofficial figure"
"QCL","Crops and livestock products","810","USSR","5510","Production","01199.90","Cereals n.e.c.","1971","1971","t","11000","A","Official figure",""
"QCL","Crops and livestock products","810","USSR","5510","Production","01199.90","Cereals n.e.c.","1972","1972","t","10000","A","Official figure",""
"QCL","Crops and livestock products","810","USSR","5510","Production","01199.90","Cereals n.e.c.","1973","1973","t","11000","A","Official figure",""
"QCL","Crops and livestock products","810","USSR","5510","Production","01199.90","Cereals n.e.c.","1974","1974","t","13000","A","Official figure",""
"QCL","Crops and livestock products","810","USSR","5510","Production","01199.90","Cereals n.e.c.","1975","1975","t","6000","A","Official figure",""
"QCL","Crops and livestock products","810","USSR","5510","Production","01199.90","Cereals n.e.c.","1976","1976","t","8000","A","Official figure",""
"QCL","Crops and livestock products","810","USSR","5510","Production","01199.90","Cereals n.e.c.","1977","1977","t","4000","A","Official figure",""
"QCL","Crops and livestock products","810","USSR","5510","Production","01199.90","Cereals n.e.c.","1978","1978","t","4000","A","Official figure",""
"QCL","Crops and livestock products","810","USSR","5510","Production","01199.90","Cereals n.e.c.","1979","1979","t","3000","X","Figure from external organization","Unofficial figure"
"QCL","Crops and livestock products","810","USSR","5510","Production","01199.90","Cereals n.e.c.","1980","1980","t","3000","X","Figure from external organization","Unofficial figure"
"QCL","Crops and livestock products","810","USSR","5510","Production","01199.90","Cereals n.e.c.","1981","1981","t","4000","X","Figure from external organization","Unofficial figure"
"QCL","Crops and livestock products","810","USSR","5510","Production","01199.90","Cereals n.e.c.","1982","1982","t","7000","X","Figure from external organization","Unofficial figure"
"QCL","Crops and livestock products","810","USSR","5510","Production","01199.90","Cereals n.e.c.","1983","1983","t","6000","X","Figure from external organization","Unofficial figure"
"QCL","Crops and livestock products","810","USSR","5510","Production","01199.90","Cereals n.e.c.","1984","1984","t","5000","X","Figure from external organization","Unofficial figure"
"QCL","Crops and livestock products","810","USSR","5510","Production","01199.90","Cereals n.e.c.","1985","1985","t","6000","X","Figure from external organization","Unofficial figure"
"QCL","Crops and livestock products","810","USSR","5510","Production","01199.90","Cereals n.e.c.","1986","1986","t","7000","X","Figure from external organization","Unofficial figure"
"QCL","Crops and livestock products","810","USSR","5510","Production","01199.90","Cereals n.e.c.","1987","1987","t","6000","X","Figure from external organization","Unofficial figure"
"QCL","Crops and livestock products","810","USSR","5510","Production","01199.90","Cereals n.e.c.","1988","1988","t","7000","X","Figure from external organization","Unofficial figure"
"QCL","Crops and livestock products","810","USSR","5510","Production","01199.90","Cereals n.e.c.","1989","1989","t","6000","X","Figure from external organization","Unofficial figure"
"QCL","Crops and livestock products","810","USSR","5510","Production","01199.90","Cereals n.e.c.","1990","1990","t","5000","X","Figure from external organization","Unofficial figure"
"QCL","Crops and livestock products","810","USSR","5510","Production","01199.90","Cereals n.e.c.","1991","1991","t","8400","E","Estimated value",""
"QCL","Crops and livestock products","860","Uzbekistan","5510","Production","01199.90","Cereals n.e.c.","1992","1992","t","","M","Missing value; data cannot exist",""
"QCL","Crops and livestock products","860","Uzbekistan","5510","Production","01199.90","Cereals n.e.c.","1993","1993","t","","M","Missing value; data cannot exist",""
"QCL","Crops and livestock products","860","Uzbekistan","5510","Production","01199.90","Cereals n.e.c.","1994","1994","t","","M","Missing value; data cannot exist",""
"QCL","Crops and livestock products","860","Uzbekistan","5510","Production","01199.90","Cereals n.e.c.","1995","1995","t","","M","Missing value; data cannot exist",""
"QCL","Crops and livestock products","860","Uzbekistan","5510","Production","01199.90","Cereals n.e.c.","1996","1996","t","","M","Missing value; data cannot exist",""
"QCL","Crops and livestock products","860","Uzbekistan","5510","Production","01199.90","Cereals n.e.c.","1997","1997","t","","M","Missing value; data cannot exist",""
"QCL","Crops and livestock products","860","Uzbekistan","5510","Production","01199.90","Cereals n.e.c.","1998","1998","t","","M","Missing value; data cannot exist",""
"QCL","Crops and livestock products","860","Uzbekistan","5510","Production","01199.90","Cereals n.e.c.","1999","1999","t","10100","X","Figure from external organization","Unofficial figure"
"QCL","Crops and livestock products","860","Uzbekistan","5510","Production","01199.90","Cereals n.e.c.","2000","2000","t","7000","X","Figure from external organization","Unofficial figure"
"QCL","Crops and livestock products","860","Uzbekistan","5510","Production","01199.90","Cereals n.e.c.","2001","2001","t","25000","X","Figure from external organization","Unofficial figure"
"QCL","Crops and livestock products","860","Uzbekistan","5510","Production","01199.90","Cereals n.e.c.","2002","2002","t","10800","X","Figure from external organization","Unofficial figure"
"QCL","Crops and livestock products","860","Uzbekistan","5510","Production","01199.90","Cereals n.e.c.","2003","2003","t","19900","X","Figure from external organization","Unofficial figure"
"QCL","Crops and livestock products","860","Uzbekistan","5510","Production","01199.90","Cereals n.e.c.","2004","2004","t","21500","X","Figure from external organization","Unofficial figure"
"QCL","Crops and livestock products","860","Uzbekistan","5510","Production","01199.90","Cereals n.e.c.","2005","2005","t","15000","X","Figure from external organization","Unofficial figure"
"QCL","Crops and livestock products","860","Uzbekistan","5510","Production","01199.90","Cereals n.e.c.","2006","2006","t","24400","X","Figure from external organization","Unofficial figure"
"QCL","Crops and livestock products","860","Uzbekistan","5510","Production","01199.90","Cereals n.e.c.","2007","2007","t","31000","X","Figure from external organization","Unofficial figure"
"QCL","Crops and livestock products","860","Uzbekistan","5510","Production","01199.90","Cereals n.e.c.","2008","2008","t","30300","X","Figure from external organization","Unofficial figure"
"QCL","Crops and livestock products","860","Uzbekistan","5510","Production","01199.90","Cereals n.e.c.","2009","2009","t","36000","X","Figure from external organization","Unofficial figure"
"QCL","Crops and livestock products","860","Uzbekistan","5510","Production","01199.90","Cereals n.e.c.","2010","2010","t","29500","X","Figure from external organization","Unofficial figure"
"QCL","Crops and livestock products","860","Uzbekistan","5510","Production","01199.90","Cereals n.e.c.","2011","2011","t","5000","X","Figure from external organization","Unofficial figure"
"QCL","Crops and livestock products","860","Uzbekistan","5510","Production","01199.90","Cereals n.e.c.","2012","2012","t","6000","X","Figure from external organization","Unofficial figure"
"QCL","Crops and livestock products","860","Uzbekistan","5510","Production","01199.90","Cereals n.e.c.","2013","2013","t","6881","X","Figure from external organization","Unofficial figure"
"QCL","Crops and livestock products","860","Uzbekistan","5510","Production","01199.90","Cereals n.e.c.","2014","2014","t","7200","X","Figure from external organization","Unofficial figure"
"QCL","Crops and livestock products","860","Uzbekistan","5510","Production","01199.90","Cereals n.e.c.","2015","2015","t","12000","X","Figure from external organization","Unofficial figure"
"QCL","Crops and livestock products","860","Uzbekistan","5510","Production","01199.90","Cereals n.e.c.","2016","2016","t","13000","E","Estimated value",""
"QCL","Crops and livestock products","860","Uzbekistan","5510","Production","01199.90","Cereals n.e.c.","2017","2017","t","13500","E","Estimated value",""
"QCL","Crops and livestock products","860","Uzbekistan","5510","Production","01199.90","Cereals n.e.c.","2018","2018","t","12500","E","Estimated value",""
"QCL","Crops and livestock products","860","Uzbekistan","5510","Production","01199.90","Cereals n.e.c.","2019","2019","t","12750","E","Estimated value",""
"QCL","Crops and livestock products","860","Uzbekistan","5510","Production","01199.90","Cereals n.e.c.","2020","2020","t","12688.09","I","Value imputed by a receiving agency",""
"QCL","Crops and livestock products","860","Uzbekistan","5510","Production","01199.90","Cereals n.e.c.","2021","2021","t","12646.03","E","Estimated value",""
"QCL","Crops and livestock products","860","Uzbekistan","5510","Production","01199.90","Cereals n.e.c.","2022","2022","t","12694.71","E","Estimated value",""
"QCL","Crops and livestock products","860","Uzbekistan","5510","Production","01199.90","Cereals n.e.c.","2023","2023","t","12676.28","E","Estimated value",""
"QCL","Crops and livestock products","860","Uzbekistan","5510","Production","01199.90","Cereals n.e.c.","2024","2024","t","12672.34","E","Estimated value",""
"QCL","Crops and livestock products","716","Zimbabwe","5510","Production","01199.90","Cereals n.e.c.","1961","1961","t","","M","Missing value; data cannot exist",""
"QCL","Crops and livestock products","716","Zimbabwe","5510","Production","01199.90","Cereals n.e.c.","1962","1962","t","","M","Missing value; data cannot exist",""
"QCL","Crops and livestock products","716","Zimbabwe","5510","Production","01199.90","Cereals n.e.c.","1963","1963","t","","M","Missing value; data cannot exist",""
"QCL","Crops and livestock products","716","Zimbabwe","5510","Production","01199.90","Cereals n.e.c.","1964","1964","t","","M","Missing value; data cannot exist",""
"QCL","Crops and livestock products","716","Zimbabwe","5510","Production","01199.90","Cereals n.e.c.","1965","1965","t","","M","Missing value; data cannot exist",""
"QCL","Crops and livestock products","716","Zimbabwe","5510","Production","01199.90","Cereals n.e.c.","1966","1966","t","","M","Missing value; data cannot exist",""
"QCL","Crops and livestock products","716","Zimbabwe","5510","Production","01199.90","Cereals n.e.c.","1967","1967","t","","M","Missing value; data cannot exist",""
"QCL","Crops and livestock products","716","Zimbabwe","5510","Production","01199.90","Cereals n.e.c.","1968","1968","t","","M","Missing value; data cannot exist",""
"QCL","Crops and livestock products","716","Zimbabwe","5510","Production","01199.90","Cereals n.e.c.","1969","1969","t","","M","Missing value; data cannot exist",""
"QCL","Crops and livestock products","716","Zimbabwe","5510","Production","01199.90","Cereals n.e.c.","1970","1970","t","","M","Missing value; data cannot exist",""
"QCL","Crops and livestock products","716","Zimbabwe","5510","Production","01199.90","Cereals n.e.c.","1971","1971","t","","M","Missing value; data cannot exist",""
"QCL","Crops and livestock products","716","Zimbabwe","5510","Production","01199.90","Cereals n.e.c.","1972","1972","t","","M","Missing value; data cannot exist",""
"QCL","Crops and livestock products","716","Zimbabwe","5510","Production","01199.90","Cereals n.e.c.","1973","1973","t","","M","Missing value; data cannot exist",""
"QCL","Crops and livestock products","716","Zimbabwe","5510","Production","01199.90","Cereals n.e.c.","1974","1974","t","","M","Missing value; data cannot exist",""
"QCL","Crops and livestock products","716","Zimbabwe","5510","Production","01199.90","Cereals n.e.c.","1975","1975","t","","M","Missing value; data cannot exist",""
"QCL","Crops and livestock products","716","Zimbabwe","5510","Production","01199.90","Cereals n.e.c.","1976","1976","t","","M","Missing value; data cannot exist",""
"QCL","Crops and livestock products","716","Zimbabwe","5510","Production","01199.90","Cereals n.e.c.","1977","1977","t","","M","Missing value; data cannot exist",""
"QCL","Crops and livestock products","716","Zimbabwe","5510","Production","01199.90","Cereals n.e.c.","1978","1978","t","","M","Missing value; data cannot exist",""
"QCL","Crops and livestock products","716","Zimbabwe","5510","Production","01199.90","Cereals n.e.c.","1979","1979","t","","M","Missing value; data cannot exist",""
"QCL","Crops and livestock products","716","Zimbabwe","5510","Production","01199.90","Cereals n.e.c.","1980","1980","t","2500","E","Estimated value",""
"QCL","Crops and livestock products","716","Zimbabwe","5510","Production","01199.90","Cereals n.e.c.","1981","1981","t","2500","E","Estimated value",""
"QCL","Crops and livestock products","716","Zimbabwe","5510","Production","01199.90","Cereals n.e.c.","1982","1982","t","2500","E","Estimated value",""
"QCL","Crops and livestock products","716","Zimbabwe","5510","Production","01199.90","Cereals n.e.c.","1983","1983","t","2500","E","Estimated value",""
"QCL","Crops and livestock products","716","Zimbabwe","5510","Production","01199.90","Cereals n.e.c.","1984","1984","t","2500","E","Estimated value",""
"QCL","Crops and livestock products","716","Zimbabwe","5510","Production","01199.90","Cereals n.e.c.","1985","1985","t","2500","E","Estimated value",""
"QCL","Crops and livestock products","716","Zimbabwe","5510","Production","01199.90","Cereals n.e.c.","1986","1986","t","2500","E","Estimated value",""
"QCL","Crops and livestock products","716","Zimbabwe","5510","Production","01199.90","Cereals n.e.c.","1987","1987","t","2500","E","Estimated value",""
"QCL","Crops and livestock products","716","Zimbabwe","5510","Production","01199.90","Cereals n.e.c.","1988","1988","t","2500","E","Estimated value",""
"QCL","Crops and livestock products","716","Zimbabwe","5510","Production","01199.90","Cereals n.e.c.","1989","1989","t","2500","E","Estimated value",""
"QCL","Crops and livestock products","716","Zimbabwe","5510","Production","01199.90","Cereals n.e.c.","1990","1990","t","1500","E","Estimated value",""
"QCL","Crops and livestock products","716","Zimbabwe","5510","Production","01199.90","Cereals n.e.c.","1991","1991","t","1500","E","Estimated value",""
"QCL","Crops and livestock products","716","Zimbabwe","5510","Production","01199.90","Cereals n.e.c.","1992","1992","t","1500","E","Estimated value",""
"QCL","Crops and livestock products","716","Zimbabwe","5510","Production","01199.90","Cereals n.e.c.","1993","1993","t","1500","E","Estimated value",""
"QCL","Crops and livestock products","716","Zimbabwe","5510","Production","01199.90","Cereals n.e.c.","1994","1994","t","1500","E","Estimated value",""
"QCL","Crops and livestock products","716","Zimbabwe","5510","Production","01199.90","Cereals n.e.c.","1995","1995","t","1700","E","Estimated value",""
"QCL","Crops and livestock products","716","Zimbabwe","5510","Production","01199.90","Cereals n.e.c.","1996","1996","t","1700","E","Estimated value",""
"QCL","Crops and livestock products","716","Zimbabwe","5510","Production","01199.90","Cereals n.e.c.","1997","1997","t","1700","E","Estimated value",""
"QCL","Crops and livestock products","716","Zimbabwe","5510","Production","01199.90","Cereals n.e.c.","1998","1998","t","1700","E","Estimated value",""
"QCL","Crops and livestock products","716","Zimbabwe","5510","Production","01199.90","Cereals n.e.c.","1999","1999","t","1700","E","Estimated value",""
"QCL","Crops and livestock products","716","Zimbabwe","5510","Production","01199.90","Cereals n.e.c.","2000","2000","t","2000","E","Estimated value",""
"QCL","Crops and livestock products","716","Zimbabwe","5510","Production","01199.90","Cereals n.e.c.","2001","2001","t","2000","E","Estimated value",""
"QCL","Crops and livestock products","716","Zimbabwe","5510","Production","01199.90","Cereals n.e.c.","2002","2002","t","2000","E","Estimated value",""
"QCL","Crops and livestock products","716","Zimbabwe","5510","Production","01199.90","Cereals n.e.c.","2003","2003","t","2000","E","Estimated value",""
"QCL","Crops and livestock products","716","Zimbabwe","5510","Production","01199.90","Cereals n.e.c.","2004","2004","t","2000","E","Estimated value",""
"QCL","Crops and livestock products","716","Zimbabwe","5510","Production","01199.90","Cereals n.e.c.","2005","2005","t","2000","E","Estimated value",""
"QCL","Crops and livestock products","716","Zimbabwe","5510","Production","01199.90","Cereals n.e.c.","2006","2006","t","2250","E","Estimated value",""
"QCL","Crops and livestock products","716","Zimbabwe","5510","Production","01199.90","Cereals n.e.c.","2007","2007","t","2250","E","Estimated value",""
"QCL","Crops and livestock products","716","Zimbabwe","5510","Production","01199.90","Cereals n.e.c.","2008","2008","t","2232.51","I","Value imputed by a receiving agency",""
"QCL","Crops and livestock products","716","Zimbabwe","5510","Production","01199.90","Cereals n.e.c.","2009","2009","t","2210.39","I","Value imputed by a receiving agency",""
"QCL","Crops and livestock products","716","Zimbabwe","5510","Production","01199.90","Cereals n.e.c.","2010","2010","t","2213.11","I","Value imputed by a receiving agency",""
"QCL","Crops and livestock products","716","Zimbabwe","5510","Production","01199.90","Cereals n.e.c.","2011","2011","t","2216.46","I","Value imputed by a receiving agency",""
"QCL","Crops and livestock products","716","Zimbabwe","5510","Production","01199.90","Cereals n.e.c.","2012","2012","t","2200","E","Estimated value",""
"QCL","Crops and livestock products","716","Zimbabwe","5510","Production","01199.90","Cereals n.e.c.","2013","2013","t","2200","E","Estimated value",""
"QCL","Crops and livestock products","716","Zimbabwe","5510","Production","01199.90","Cereals n.e.c.","2014","2014","t","2228.21","I","Value imputed by a receiving agency",""
"QCL","Crops and livestock products","716","Zimbabwe","5510","Production","01199.90","Cereals n.e.c.","2015","2015","t","2282.57","I","Value imputed by a receiving agency",""
"QCL","Crops and livestock products","716","Zimbabwe","5510","Production","01199.90","Cereals n.e.c.","2016","2016","t","2294.65","I","Value imputed by a receiving agency",""
"QCL","Crops and livestock products","716","Zimbabwe","5510","Production","01199.90","Cereals n.e.c.","2017","2017","t","2303.16","I","Value imputed by a receiving agency",""
"QCL","Crops and livestock products","716","Zimbabwe","5510","Production","01199.90","Cereals n.e.c.","2018","2018","t","2300.94","I","Value imputed by a receiving agency",""
"QCL","Crops and livestock products","716","Zimbabwe","5510","Production","01199.90","Cereals n.e.c.","2019","2019","t","2293.44","I","Value imputed by a receiving agency",""
"QCL","Crops and livestock products","716","Zimbabwe","5510","Production","01199.90","Cereals n.e.c.","2020","2020","t","2290.28","I","Value imputed by a receiving agency",""
"QCL","Crops and livestock products","716","Zimbabwe","5510","Production","01199.90","Cereals n.e.c.","2021","2021","t","2306.29","I","Value imputed by a receiving agency",""
"QCL","Crops and livestock products","716","Zimbabwe","5510","Production","01199.90","Cereals n.e.c.","2022","2022","t","2293.19","I","Value imputed by a receiving agency",""
"QCL","Crops and livestock products","716","Zimbabwe","5510","Production","01199.90","Cereals n.e.c.","2023","2023","t","2296.52","I","Value imputed by a receiving agency",""
"QCL","Crops and livestock products","716","Zimbabwe","5510","Production","01199.90","Cereals n.e.c.","2024","2024","t","2299.86","I","Value imputed by a receiving agency",""
